sector,lat,lng,count,country,region_code,local_authority_code
AB1 0,57.100231,-2.258149,231,Scotland,S99999999,S12000033
AB1 1,57.149697,-2.107794,290,Scotland,S99999999,S12000033
AB1 2,57.14124,-2.100802,325,Scotland,S99999999,S12000033
AB1 3,57.135454,-2.081747,224,Scotland,S99999999,S12000033
AB1 4,57.094904,-2.102829,302,Scotland,S99999999,S12000033
AB1 5,57.116583,-2.114206,217,Scotland,S99999999,S12000033
AB1 6,57.136309,-2.123295,331,Scotland,S99999999,S12000033
AB1 7,57.127485,-2.140221,326,Scotland,S99999999,S12000033
AB1 8,57.145192,-2.195227,193,Scotland,S99999999,S12000033
AB1 9,57.11801,-2.186426,216,Scotland,S99999999,S12000033
AB10 1,57.142464,-2.106043,336,Scotland,S99999999,S12000033
AB10 6,57.134688,-2.118986,319,Scotland,S99999999,S12000033
AB10 7,57.124814,-2.130927,246,Scotland,S99999999,S12000033
AB11 3,99.999999,0.0,1,Scotland,S99999999,
AB11 5,57.142164,-2.08976,203,Scotland,S99999999,S12000033
AB11 6,57.138307,-2.103287,328,Scotland,S99999999,S12000033
AB11 7,57.132654,-2.101524,82,Scotland,S99999999,S12000033
AB11 8,57.133465,-2.081776,161,Scotland,S99999999,S12000033
AB11 9,57.13379,-2.084082,127,Scotland,S99999999,S12000033
AB12 3,57.107042,-2.089387,376,Scotland,S99999999,S12000033
AB12 4,57.0688,-2.131531,218,Scotland,S99999999,S12000034
AB12 5,57.112088,-2.129236,295,Scotland,S99999999,S12000033
AB12 9,57.123053,-2.094974,187,Scotland,S99999999,S12000033
AB13 0,57.112207,-2.241694,125,Scotland,S99999999,S12000033
AB14 0,57.103418,-2.272962,167,Scotland,S99999999,S12000033
AB15 4,57.142887,-2.137499,167,Scotland,S99999999,S12000033
AB15 5,57.149125,-2.13601,128,Scotland,S99999999,S12000033
AB15 6,57.147902,-2.162144,221,Scotland,S99999999,S12000033
AB15 7,57.132218,-2.148248,175,Scotland,S99999999,S12000033
AB15 8,57.144881,-2.195551,341,Scotland,S99999999,S12000033
AB15 9,57.120413,-2.18366,281,Scotland,S99999999,S12000033
AB16 5,57.159404,-2.148586,282,Scotland,S99999999,S12000033
AB16 6,57.154445,-2.167235,219,Scotland,S99999999,S12000033
AB16 7,57.167204,-2.157772,269,Scotland,S99999999,S12000033
AB16 9,57.153201,-2.154442,171,Scotland,S99999999,S12000033
AB2 0,57.225478,-2.211467,355,Scotland,S99999999,S12000033
AB2 1,57.157862,-2.090484,295,Scotland,S99999999,S12000033
AB2 2,57.169665,-2.126103,313,Scotland,S99999999,S12000033
AB2 3,57.159075,-2.107175,302,Scotland,S99999999,S12000033
AB2 4,57.148814,-2.124933,337,Scotland,S99999999,S12000033
AB2 5,57.159885,-2.145625,302,Scotland,S99999999,S12000033
AB2 6,57.151207,-2.163274,347,Scotland,S99999999,S12000033
AB2 7,57.16757,-2.158825,217,Scotland,S99999999,S12000033
AB2 8,57.186681,-2.10999,366,Scotland,S99999999,S12000033
AB2 9,57.179666,-2.18398,236,Scotland,S99999999,S12000033
AB21 0,57.232296,-2.228102,368,Scotland,S99999999,S12000034
AB21 1,57.199791,-2.190892,24,Scotland,S99999999,S12000033
AB21 7,57.209283,-2.183027,218,Scotland,S99999999,S12000033
AB21 9,57.180869,-2.182166,377,Scotland,S99999999,S12000033
AB22 8,57.18636,-2.119231,363,Scotland,S99999999,S12000033
AB22 9,57.18878,-2.133284,30,Scotland,S99999999,S12000033
AB23 8,57.209787,-2.088636,395,Scotland,S99999999,S12000033
AB23 9,61.94225,-1.863338,36,Scotland,S99999999,S12000033
AB24 1,57.168366,-2.09548,115,Scotland,S99999999,S12000033
AB24 2,57.170736,-2.119086,191,Scotland,S99999999,S12000033
AB24 3,57.161564,-2.105139,219,Scotland,S99999999,S12000033
AB24 4,57.165957,-2.127347,201,Scotland,S99999999,S12000033
AB24 5,57.155223,-2.093466,253,Scotland,S99999999,S12000033
AB25 1,57.151436,-2.107557,201,Scotland,S99999999,S12000033
AB25 2,57.151129,-2.11983,220,Scotland,S99999999,S12000033
AB25 3,57.157596,-2.114774,190,Scotland,S99999999,S12000033
AB25 9,62.259677,-1.865823,42,Scotland,S99999999,S12000033
AB3 1,56.847207,-2.479336,227,Scotland,S99999999,S12000034
AB3 2,56.975063,-2.223915,381,Scotland,S99999999,S12000034
AB3 3,57.053894,-2.462457,279,Scotland,S99999999,S12000034
AB3 4,57.110659,-2.673585,259,Scotland,S99999999,S12000034
AB3 5,57.062326,-2.945078,280,Scotland,S99999999,S12000034
AB3 6,57.152341,-2.30294,191,Scotland,S99999999,S12000034
AB3 7,57.182852,-2.493107,144,Scotland,S99999999,S12000034
AB3 8,57.218557,-2.810479,254,Scotland,S99999999,S12000034
AB3 9,57.40522,-3.279044,153,Scotland,S99999999,S12000020
AB30 1,56.845627,-2.477649,357,Scotland,S99999999,S12000034
AB30 9,56.835009,-2.463464,13,Scotland,S99999999,S12000034
AB31 3,57.054094,-2.465568,313,Scotland,S99999999,S12000034
AB31 4,57.098639,-2.604777,295,Scotland,S99999999,S12000034
AB31 5,57.06299,-2.461313,319,Scotland,S99999999,S12000034
AB31 6,57.03612,-2.480066,128,Scotland,S99999999,S12000034
AB31 9,63.419204,-2.117601,27,Scotland,S99999999,S12000034
AB32 6,57.152576,-2.30048,362,Scotland,S99999999,S12000034
AB32 7,57.168494,-2.41187,57,Scotland,S99999999,S12000034
AB32 9,57.148532,-2.288797,23,Scotland,S99999999,S12000034
AB33 8,57.226098,-2.736506,314,Scotland,S99999999,S12000034
AB34 4,57.130126,-2.856151,76,Scotland,S99999999,S12000034
AB34 5,57.079714,-2.794214,224,Scotland,S99999999,S12000034
AB35 5,57.039052,-3.143982,202,Scotland,S99999999,S12000034
AB36 8,57.196266,-3.072479,55,Scotland,S99999999,S12000034
AB37 9,57.329999,-3.35335,96,Scotland,S99999999,S12000020
AB38 7,57.503429,-3.25237,71,Scotland,S99999999,S12000020
AB38 9,57.473719,-3.212032,115,Scotland,S99999999,S12000020
AB39 2,56.960905,-2.220287,346,Scotland,S99999999,S12000034
AB39 3,57.000986,-2.215063,227,Scotland,S99999999,S12000034
AB39 8,57.032502,-2.176169,47,Scotland,S99999999,S12000034
AB39 9,59.356063,-2.085262,18,Scotland,S99999999,S12000034
AB4 0,57.339507,-2.149603,322,Scotland,S99999999,S12000034
AB4 1,57.666892,-2.508634,244,Scotland,S99999999,S12000034
AB4 2,57.653668,-2.683741,207,Scotland,S99999999,S12000034
AB4 3,57.6312,-2.483279,195,Scotland,S99999999,S12000034
AB4 4,57.626852,-2.094424,285,Scotland,S99999999,S12000034
AB4 5,57.683458,-2.003837,305,Scotland,S99999999,S12000034
AB4 6,57.505284,-1.792468,370,Scotland,S99999999,S12000034
AB4 7,57.485605,-1.874994,324,Scotland,S99999999,S12000034
AB4 8,57.518215,-2.098749,337,Scotland,S99999999,S12000034
AB4 9,57.389353,-2.064513,367,Scotland,S99999999,S12000034
AB41 0,57.365852,-2.167184,262,Scotland,S99999999,S12000034
AB41 1,59.071857,-2.000666,25,Scotland,S99999999,S12000034
AB41 6,57.316887,-2.079431,147,Scotland,S99999999,S12000034
AB41 7,57.387733,-2.202843,233,Scotland,S99999999,S12000034
AB41 8,57.396494,-2.058457,295,Scotland,S99999999,S12000034
AB41 9,57.365978,-2.077536,233,Scotland,S99999999,S12000034
AB42 0,57.43062,-1.882644,169,Scotland,S99999999,S12000034
AB42 1,57.508653,-1.789529,325,Scotland,S99999999,S12000034
AB42 2,57.500665,-1.802034,179,Scotland,S99999999,S12000034
AB42 3,57.509467,-1.823809,256,Scotland,S99999999,S12000034
AB42 4,57.531532,-2.008556,234,Scotland,S99999999,S12000034
AB42 5,57.505692,-2.034641,238,Scotland,S99999999,S12000034
AB42 6,57.506146,-1.794544,388,Scotland,S99999999,S12000034
AB42 7,57.484693,-1.873368,348,Scotland,S99999999,S12000034
AB42 8,57.516807,-2.058516,273,Scotland,S99999999,S12000034
AB42 9,64.037726,-1.523358,26,Scotland,S99999999,S12000034
AB43 1,95.76912,-0.200586,10,Scotland,S99999999,
AB43 4,57.627612,-2.095657,292,Scotland,S99999999,S12000034
AB43 5,57.682803,-2.004016,325,Scotland,S99999999,S12000034
AB43 6,57.606244,-2.156669,162,Scotland,S99999999,S12000034
AB43 7,57.669927,-2.081354,189,Scotland,S99999999,S12000034
AB43 8,57.642284,-1.946829,181,Scotland,S99999999,S12000034
AB43 9,57.688822,-2.015424,306,Scotland,S99999999,S12000034
AB44 1,57.668251,-2.492947,158,Scotland,S99999999,S12000034
AB45 1,57.664946,-2.527892,175,Scotland,S99999999,S12000034
AB45 2,57.657095,-2.67191,283,Scotland,S99999999,S12000034
AB45 3,57.636609,-2.468397,231,Scotland,S99999999,S12000034
AB45 9,78.832325,-1.260352,2,Scotland,S99999999,
AB5 0,57.278824,-2.30033,343,Scotland,S99999999,S12000034
AB5 1,57.675329,-2.964806,232,Scotland,S99999999,S12000020
AB5 2,57.671653,-2.895843,305,Scotland,S99999999,S12000020
AB5 3,57.544678,-2.956467,286,Scotland,S99999999,S12000020
AB5 4,57.40101,-2.924058,286,Scotland,S99999999,S12000034
AB5 5,57.498636,-2.727898,320,Scotland,S99999999,S12000034
AB5 6,57.378419,-2.62499,291,Scotland,S99999999,S12000034
AB5 7,57.556634,-2.425899,316,Scotland,S99999999,S12000034
AB5 8,57.45299,-2.404567,266,Scotland,S99999999,S12000034
AB5 9,57.287578,-2.418207,357,Scotland,S99999999,S12000034
AB51 0,57.292663,-2.346539,387,Scotland,S99999999,S12000034
AB51 1,63.914823,-2.007067,58,Scotland,S99999999,S12000034
AB51 3,57.27908,-2.376326,177,Scotland,S99999999,S12000034
AB51 4,57.289701,-2.390389,196,Scotland,S99999999,S12000034
AB51 5,57.281843,-2.440604,293,Scotland,S99999999,S12000034
AB51 6,57.296103,-2.368184,49,Scotland,S99999999,S12000034
AB51 7,57.193524,-2.524097,124,Scotland,S99999999,S12000034
AB51 8,57.406145,-2.436498,106,Scotland,S99999999,S12000034
AB51 9,57.288191,-2.415303,389,Scotland,S99999999,S12000034
AB52 6,57.342263,-2.602465,261,Scotland,S99999999,S12000034
AB53 4,57.53992,-2.484138,265,Scotland,S99999999,S12000034
AB53 5,57.573284,-2.35311,156,Scotland,S99999999,S12000034
AB53 6,57.520357,-2.221024,99,Scotland,S99999999,S12000034
AB53 7,57.55507,-2.433317,336,Scotland,S99999999,S12000034
AB53 8,57.473178,-2.394704,215,Scotland,S99999999,S12000034
AB53 9,57.537234,-2.462065,11,Scotland,S99999999,S12000034
AB54 4,57.390062,-2.853001,269,Scotland,S99999999,S12000034
AB54 5,57.497214,-2.732306,319,Scotland,S99999999,S12000034
AB54 6,57.455375,-2.670098,117,Scotland,S99999999,S12000034
AB54 7,57.542347,-2.684743,188,Scotland,S99999999,S12000034
AB54 8,57.4469,-2.787673,155,Scotland,S99999999,S12000034
AB54 9,65.958165,-2.228314,10,Scotland,S99999999,S12000034
AB55 3,57.543921,-2.956068,294,Scotland,S99999999,S12000020
AB55 4,57.44702,-3.121135,94,Scotland,S99999999,S12000020
AB55 5,57.533174,-2.960793,215,Scotland,S99999999,S12000020
AB55 6,57.562999,-2.943024,148,Scotland,S99999999,S12000020
AB55 9,99.999999,0.0,4,Scotland,S99999999,
AB56 1,57.674538,-2.965554,321,Scotland,S99999999,S12000020
AB56 2,57.672089,-2.89687,312,Scotland,S99999999,S12000020
AB56 4,57.689532,-2.86674,234,Scotland,S99999999,S12000020
AB56 5,57.648792,-2.949496,150,Scotland,S99999999,S12000020
AB56 9,62.967566,-2.590881,8,Scotland,S99999999,S12000020
AB9 1,57.145635,-2.106251,276,Scotland,S99999999,S12000033
AB9 2,57.145603,-2.111254,293,Scotland,S99999999,S12000033
AB9 5,57.14573,-2.104432,1,Scotland,S99999999,S12000033
AB9 6,57.139014,-2.120687,116,Scotland,S99999999,S12000033
AB9 7,99.999999,0.0,1,Scotland,S99999999,
AB9 8,57.150358,-2.120318,379,Scotland,S99999999,S12000033
AB99 8,81.619139,-0.897429,7,Scotland,S99999999,
AL1 1,51.744735,-0.326574,312,England,E12000006,E07000240
AL1 2,51.740421,-0.336713,239,England,E12000006,E07000240
AL1 3,51.752007,-0.328403,388,England,E12000006,E07000240
AL1 4,51.75636,-0.315491,340,England,E12000006,E07000240
AL1 5,51.747091,-0.3116,351,England,E12000006,E07000240
AL1 9,54.040053,-0.289803,400,England,E12000006,E07000240
AL10 0,51.766031,-0.227777,338,England,E12000006,E07000241
AL10 1,52.363493,-0.22339,161,England,E12000006,E07000241
AL10 8,51.754755,-0.22719,348,England,E12000006,E07000241
AL10 9,51.760578,-0.240156,364,England,E12000006,E07000241
AL2 1,51.725158,-0.298227,332,England,E12000006,E07000240
AL2 2,51.722296,-0.338965,290,England,E12000006,E07000240
AL2 3,51.719788,-0.355017,365,England,E12000006,E07000240
AL3 4,51.748782,-0.344826,277,England,E12000006,E07000240
AL3 5,51.757876,-0.336045,331,England,E12000006,E07000240
AL3 6,51.767772,-0.337976,216,England,E12000006,E07000240
AL3 7,51.790548,-0.385977,246,England,E12000006,E07000240
AL3 8,51.821963,-0.440361,239,England,E12000006,E07000096
AL4 0,51.7476,-0.287907,395,England,E12000006,E07000240
AL4 8,51.809006,-0.29701,282,England,E12000006,E07000240
AL4 9,51.767885,-0.303251,382,England,E12000006,E07000240
AL5 1,51.806592,-0.340987,274,England,E12000006,E07000240
AL5 2,51.810799,-0.3594,328,England,E12000006,E07000240
AL5 3,51.824907,-0.375897,189,England,E12000006,E07000240
AL5 4,51.821358,-0.351244,345,England,E12000006,E07000240
AL5 5,51.8191,-0.341547,287,England,E12000006,E07000240
AL5 9,52.168908,-0.338087,130,England,E12000006,E07000240
AL6 0,51.829648,-0.183496,341,England,E12000006,E07000241
AL6 9,51.83018,-0.216468,316,England,E12000006,E07000241
AL7 1,51.806418,-0.190545,363,England,E12000006,E07000241
AL7 2,51.800031,-0.172993,222,England,E12000006,E07000241
AL7 3,51.795571,-0.192136,318,England,E12000006,E07000241
AL7 4,51.787506,-0.192004,308,England,E12000006,E07000241
AL7 9,54.794708,-0.184171,274,England,E12000006,E07000241
AL8 6,51.79906,-0.210505,326,England,E12000006,E07000241
AL8 7,51.808518,-0.210131,274,England,E12000006,E07000241
AL9 5,51.766262,-0.212084,198,England,E12000006,E07000241
AL9 6,51.747033,-0.170652,143,England,E12000006,E07000241
AL9 7,51.732947,-0.21025,277,England,E12000006,E07000241
B1 1,52.476048,-1.903563,285,England,E12000005,E08000025
B1 2,52.479944,-1.910623,245,England,E12000005,E08000025
B1 3,52.483884,-1.910195,213,England,E12000005,E08000025
B1 9,52.47857,-1.912979,1,England,E12000005,E08000025
B10 0,52.469044,-1.85999,236,England,E12000005,E08000025
B10 9,52.471264,-1.846144,221,England,E12000005,E08000025
B11 1,52.462196,-1.870273,265,England,E12000005,E08000025
B11 2,52.456316,-1.849464,205,England,E12000005,E08000025
B11 3,52.449762,-1.850461,253,England,E12000005,E08000025
B11 4,52.451397,-1.866051,213,England,E12000005,E08000025
B11 9,52.458026,-1.863111,98,England,E12000005,E08000025
B12 0,52.468176,-1.882544,283,England,E12000005,E08000025
B12 8,52.456125,-1.877404,253,England,E12000005,E08000025
B12 9,52.458103,-1.888659,229,England,E12000005,E08000025
B13 0,52.426617,-1.873832,273,England,E12000005,E08000025
B13 3,52.607052,-1.883956,265,England,E12000005,E08000025
B13 8,52.444574,-1.893739,225,England,E12000005,E08000025
B13 9,52.440091,-1.877025,372,England,E12000005,E08000025
B14 4,52.413083,-1.873037,257,England,E12000005,E08000025
B14 5,52.408482,-1.893085,269,England,E12000005,E08000025
B14 6,52.421849,-1.901201,245,England,E12000005,E08000025
B14 7,52.432086,-1.89401,267,England,E12000005,E08000025
B15 1,52.472777,-1.917296,251,England,E12000005,E08000025
B15 2,52.464191,-1.919566,327,England,E12000005,E08000025
B15 3,52.468132,-1.933512,276,England,E12000005,E08000025
B16 0,52.480887,-1.939967,247,England,E12000005,E08000025
B16 6,53.128004,-1.903661,363,England,E12000005,E08000025
B16 8,52.47471,-1.924557,345,England,E12000005,E08000025
B16 9,52.47426,-1.938041,237,England,E12000005,E08000025
B17 0,52.453773,-1.958772,266,England,E12000005,E08000025
B17 8,52.470177,-1.969045,261,England,E12000005,E08000025
B17 9,52.46075,-1.96102,272,England,E12000005,E08000025
B18 4,52.49172,-1.938037,183,England,E12000005,E08000025
B18 5,52.494822,-1.922788,216,England,E12000005,E08000025
B18 6,52.489506,-1.912833,223,England,E12000005,E08000025
B18 7,52.487939,-1.927287,145,England,E12000005,E08000025
B18 9,53.462165,-1.873877,196,England,E12000005,E08000025
B19 1,52.501364,-1.911874,201,England,E12000005,E08000025
B19 2,52.498021,-1.903399,240,England,E12000005,E08000025
B19 3,52.490413,-1.903972,247,England,E12000005,E08000025
B2 2,52.494041,-1.895334,399,England,E12000005,E08000025
B2 4,52.479359,-1.898515,250,England,E12000005,E08000025
B2 5,52.479995,-1.899659,211,England,E12000005,E08000025
B20 1,52.520352,-1.933259,179,England,E12000005,E08000025
B20 2,52.51247,-1.922199,278,England,E12000005,E08000025
B20 3,52.510159,-1.9069,298,England,E12000005,E08000025
B21 0,52.503355,-1.942431,245,England,E12000005,E08000025
B21 1,52.823196,-1.907292,147,England,E12000005,E08000025
B21 8,52.511044,-1.946593,160,England,E12000005,E08000025
B21 9,52.505997,-1.932584,235,England,E12000005,E08000025
B22 1,52.411739,-1.928824,10,England,E12000005,E08000025
B23 3,52.922146,-1.825276,239,England,E12000005,E08000025
B23 5,52.535776,-1.852072,376,England,E12000005,E08000025
B23 6,52.52519,-1.845437,311,England,E12000005,E08000025
B23 7,52.522609,-1.863369,345,England,E12000005,E08000025
B24 0,52.524812,-1.81576,275,England,E12000005,E08000025
B24 8,52.513052,-1.843805,219,England,E12000005,E08000025
B24 9,52.519896,-1.829896,270,England,E12000005,E08000025
B25 8,52.46467,-1.822404,344,England,E12000005,E08000025
B25 9,52.672059,-1.825495,219,England,E12000005,E08000025
B26 1,52.460747,-1.806618,199,England,E12000005,E08000025
B26 2,52.467137,-1.792874,244,England,E12000005,E08000025
B26 3,52.455472,-1.783404,309,England,E12000005,E08000025
B27 6,52.450718,-1.820631,253,England,E12000005,E08000025
B27 7,52.441448,-1.82646,291,England,E12000005,E08000025
B28 0,52.421582,-1.846837,335,England,E12000005,E08000025
B28 1,52.429098,-1.843628,99,England,E12000005,E08000025
B28 8,52.437291,-1.843151,220,England,E12000005,E08000025
B28 9,52.428281,-1.836957,210,England,E12000005,E08000025
B29 4,52.42927,-1.961086,192,England,E12000005,E08000025
B29 5,52.438236,-1.966259,247,England,E12000005,E08000025
B29 6,52.439672,-1.939731,349,England,E12000005,E08000025
B29 7,52.441049,-1.922671,241,England,E12000005,E08000025
B29 9,52.438282,-1.935799,90,England,E12000005,E08000025
B3 1,52.48304,-1.905224,271,England,E12000005,E08000025
B3 2,52.482861,-1.900269,249,England,E12000005,E08000025
B3 3,52.480712,-1.903188,199,England,E12000005,E08000025
B30 1,52.421903,-1.941034,274,England,E12000005,E08000025
B30 2,52.426819,-1.922106,297,England,E12000005,E08000025
B30 3,52.414357,-1.919013,218,England,E12000005,E08000025
B30 9,52.830943,-1.913355,115,England,E12000005,E08000025
B31 1,52.422682,-1.979828,271,England,E12000005,E08000025
B31 2,52.411153,-1.96936,355,England,E12000005,E08000025
B31 3,52.402559,-1.959566,278,England,E12000005,E08000025
B31 4,52.396645,-1.973392,262,England,E12000005,E08000025
B31 5,52.409041,-1.990455,229,England,E12000005,E08000025
B31 9,52.415381,-1.971147,111,England,E12000005,E08000025
B32 1,52.458082,-2.000024,220,England,E12000005,E08000025
B32 2,52.457239,-1.982222,280,England,E12000005,E08000025
B32 3,52.441632,-1.99483,281,England,E12000005,E08000025
B32 4,52.433147,-2.00901,137,England,E12000005,E08000025
B32 9,52.677795,-1.986115,219,England,E12000005,E08000025
B33 0,52.475662,-1.772547,313,England,E12000005,E08000025
B33 3,52.485746,-1.786864,103,England,E12000005,E08000025
B33 8,52.479874,-1.802707,262,England,E12000005,E08000025
B33 9,52.486158,-1.792022,265,England,E12000005,E08000025
B34 6,52.495654,-1.791938,208,England,E12000005,E08000025
B34 7,52.495715,-1.769637,177,England,E12000005,E08000025
B35 6,52.521671,-1.78869,173,England,E12000005,E08000025
B35 7,52.516062,-1.789514,205,England,E12000005,E08000025
B35 9,52.509849,-1.793733,80,England,E12000005,E08000025
B36 0,52.502464,-1.755489,250,England,E12000005,E08000029
B36 8,52.503758,-1.809932,259,England,E12000005,E08000025
B36 9,52.507943,-1.772681,210,England,E12000005,E08000029
B37 5,52.478415,-1.748807,240,England,E12000005,E08000029
B37 6,52.488059,-1.74395,249,England,E12000005,E08000029
B37 7,52.471652,-1.735994,373,England,E12000005,E08000029
B37 9,52.480325,-1.740857,77,England,E12000005,E08000029
B38 0,52.396725,-1.913186,71,England,E12000005,E07000234
B38 8,52.40396,-1.942211,260,England,E12000005,E08000025
B38 9,52.399375,-1.931277,262,England,E12000005,E08000025
B4 6,52.483213,-1.896741,258,England,E12000005,E08000025
B4 7,52.484581,-1.890108,229,England,E12000005,E08000025
B40 1,52.458315,-1.723902,27,England,E12000005,E08000029
B42 1,52.530517,-1.914669,267,England,E12000005,E08000025
B42 2,52.534031,-1.905834,317,England,E12000005,E08000025
B42 9,52.965743,-1.87051,223,England,E12000005,E08000025
B43 5,52.539079,-1.938986,220,England,E12000005,E08000028
B43 6,52.546515,-1.936131,202,England,E12000005,E08000028
B43 7,52.556125,-1.912215,247,England,E12000005,E08000030
B44 0,52.545273,-1.87562,278,England,E12000005,E08000025
B44 8,52.538484,-1.891161,259,England,E12000005,E08000025
B44 9,52.551255,-1.890873,262,England,E12000005,E08000025
B45 0,52.404264,-2.015546,141,England,E12000005,E08000025
B45 5,52.385949,-2.0029,108,England,E12000005,E08000025
B45 8,52.377953,-1.998836,350,England,E12000005,E07000234
B45 9,52.393611,-2.015989,349,England,E12000005,E08000025
B46 1,52.509968,-1.719913,276,England,E12000005,E07000218
B46 2,52.516579,-1.657478,194,England,E12000005,E07000218
B46 3,52.492329,-1.70585,136,England,E12000005,E07000218
B46 9,52.498123,-1.70582,67,England,E12000005,E07000218
B47 5,52.394061,-1.88057,174,England,E12000005,E07000234
B47 6,52.381053,-1.881852,121,England,E12000005,E07000234
B48 7,52.356893,-1.951582,244,England,E12000005,E07000234
B49 5,52.215536,-1.884326,229,England,E12000005,E07000221
B49 6,52.219856,-1.851969,249,England,E12000005,E07000221
B49 9,52.960658,-1.840896,64,England,E12000005,E07000221
B5 4,52.476784,-1.897994,220,England,E12000005,E08000025
B5 5,52.478471,-1.889703,180,England,E12000005,E08000025
B5 6,52.473156,-1.893697,199,England,E12000005,E08000025
B5 7,52.464689,-1.902039,323,England,E12000005,E08000025
B50 4,52.169581,-1.856553,229,England,E12000005,E07000221
B50 9,99.999999,0.0,1,England,,
B6 4,52.494441,-1.891274,194,England,E12000005,E08000025
B6 5,52.501,-1.886387,160,England,E12000005,E08000025
B6 6,52.50604,-1.89134,199,England,E12000005,E08000025
B6 7,52.508921,-1.877716,241,England,E12000005,E08000025
B6 9,52.495968,-1.894209,83,England,E12000005,E08000025
B60 1,52.347124,-2.033295,237,England,E12000005,E07000234
B60 2,52.328754,-2.051259,239,England,E12000005,E07000234
B60 3,52.319812,-2.057878,261,England,E12000005,E07000234
B60 4,52.296757,-2.069757,180,England,E12000005,E07000234
B60 5,99.999999,0.0,1,England,,
B60 9,52.321315,-2.045336,301,England,E12000005,E07000234
B61 0,52.355691,-2.055063,304,England,E12000005,E07000234
B61 7,52.326448,-2.073527,187,England,E12000005,E07000234
B61 8,52.339214,-2.06563,227,England,E12000005,E07000234
B61 9,52.350549,-2.089109,158,England,E12000005,E07000234
B62 0,52.436178,-2.040854,192,England,E12000005,E08000027
B62 2,53.070532,-2.019933,237,England,E12000005,E08000027
B62 8,52.461624,-2.039312,270,England,E12000005,E08000027
B62 9,52.467851,-2.026053,257,England,E12000005,E08000027
B63 1,52.4431,-2.075904,137,England,E12000005,E08000027
B63 2,52.460391,-2.084994,299,England,E12000005,E08000027
B63 3,52.454846,-2.052589,313,England,E12000005,E08000027
B63 4,52.448036,-2.060972,274,England,E12000005,E08000027
B64 5,52.476573,-2.073459,225,England,E12000005,E08000028
B64 6,52.473003,-2.065413,209,England,E12000005,E08000028
B64 7,52.467217,-2.067553,199,England,E12000005,E08000028
B65 0,52.477505,-2.037057,237,England,E12000005,E08000028
B65 8,52.485564,-2.055013,194,England,E12000005,E08000028
B65 9,52.486182,-2.03996,215,England,E12000005,E08000028
B66 1,52.501504,-1.982498,228,England,E12000005,E08000028
B66 2,52.49752,-1.958305,248,England,E12000005,E08000028
B66 3,52.492059,-1.960135,248,England,E12000005,E08000028
B66 4,52.483423,-1.963598,229,England,E12000005,E08000028
B67 5,52.478066,-1.977307,221,England,E12000005,E08000028
B67 6,52.486955,-1.978408,206,England,E12000005,E08000028
B67 7,52.494586,-1.979096,211,England,E12000005,E08000028
B67 9,52.495151,-1.971877,145,England,E12000005,E08000028
B68 0,52.469728,-2.001689,225,England,E12000005,E08000028
B68 8,52.487388,-2.007633,222,England,E12000005,E08000028
B68 9,52.482923,-1.99661,245,England,E12000005,E08000028
B69 1,52.500284,-2.040441,294,England,E12000005,E08000028
B69 2,52.506314,-2.032074,206,England,E12000005,E08000028
B69 3,52.510503,-2.025616,169,England,E12000005,E08000028
B69 4,52.497755,-2.011811,283,England,E12000005,E08000028
B69 9,52.504193,-2.010446,168,England,E12000005,E08000028
B7 4,52.489051,-1.879424,238,England,E12000005,E08000025
B7 5,52.499298,-1.868458,203,England,E12000005,E08000025
B70 0,52.532669,-2.018417,283,England,E12000005,E08000028
B70 1,53.85266,-1.94002,142,England,E12000005,E08000028
B70 6,52.512841,-1.985564,246,England,E12000005,E08000028
B70 7,52.5141,-1.996773,223,England,E12000005,E08000028
B70 8,52.518112,-2.001152,236,England,E12000005,E08000028
B70 9,52.521366,-2.010989,270,England,E12000005,E08000028
B71 1,52.530937,-1.996338,220,England,E12000005,E08000028
B71 2,52.540038,-2.000364,213,England,E12000005,E08000028
B71 3,52.541903,-1.979525,225,England,E12000005,E08000028
B71 4,52.521098,-1.981999,137,England,E12000005,E08000028
B72 1,52.554435,-1.823561,376,England,E12000005,E08000025
B73 5,52.548697,-1.838219,338,England,E12000005,E08000025
B73 6,52.559136,-1.846841,307,England,E12000005,E08000025
B73 9,52.819779,-1.819808,378,England,E12000005,E08000025
B74 2,52.57386,-1.852648,335,England,E12000005,E08000025
B74 3,52.583044,-1.876569,314,England,E12000005,E08000030
B74 4,52.590517,-1.843216,325,England,E12000005,E08000025
B75 5,52.5902,-1.817628,298,England,E12000005,E08000025
B75 6,52.577085,-1.812748,265,England,E12000005,E08000025
B75 7,52.565238,-1.80223,283,England,E12000005,E08000025
B76 0,52.54449,-1.704673,48,England,E12000005,E07000218
B76 1,52.545074,-1.802377,363,England,E12000005,E08000025
B76 2,52.553388,-1.798401,152,England,E12000005,E08000025
B76 8,52.542405,-1.796116,374,England,E12000005,E08000025
B76 9,52.541035,-1.757849,140,England,E12000005,E08000025
B77 1,52.610731,-1.68489,219,England,E12000005,E07000199
B77 2,52.62143,-1.672369,266,England,E12000005,E07000199
B77 3,52.633224,-1.67019,191,England,E12000005,E07000199
B77 4,52.623644,-1.652005,278,England,E12000005,E07000199
B77 5,52.605837,-1.665738,249,England,E12000005,E07000199
B77 9,52.628524,-1.685863,262,England,E12000005,E07000199
B78 1,52.612301,-1.619365,261,England,E12000005,E07000218
B78 2,52.573877,-1.691219,167,England,E12000005,E07000218
B78 3,52.620633,-1.713979,327,England,E12000005,E07000194
B79 0,52.653976,-1.6209,194,England,E12000005,E07000218
B79 7,52.635677,-1.700555,325,England,E12000005,E07000199
B79 8,52.644335,-1.697763,261,England,E12000005,E07000199
B79 9,52.683217,-1.691559,109,England,E12000005,E07000194
B8 1,52.488918,-1.856621,240,England,E12000005,E08000025
B8 2,52.49321,-1.8316,289,England,E12000005,E08000025
B8 3,52.48742,-1.842413,250,England,E12000005,E08000025
B80 7,52.277691,-1.897024,260,England,E12000005,E07000221
B9 4,52.477697,-1.867732,244,England,E12000005,E08000025
B9 5,52.478459,-1.842336,330,England,E12000005,E08000025
B9 9,52.477997,-1.851952,236,England,E12000005,E08000025
B90 1,52.395017,-1.84692,318,England,E12000005,E08000029
B90 2,52.406258,-1.834123,264,England,E12000005,E08000029
B90 3,52.411723,-1.821969,292,England,E12000005,E08000029
B90 4,52.393598,-1.808961,393,England,E12000005,E08000029
B90 8,52.372862,-1.801867,59,England,E12000005,E08000029
B90 9,52.408107,-1.825854,207,England,E12000005,E08000029
B91 1,52.415918,-1.796919,308,England,E12000005,E08000029
B91 2,52.420808,-1.772377,325,England,E12000005,E08000029
B91 3,52.407554,-1.780195,396,England,E12000005,E08000029
B91 9,52.41333,-1.775635,389,England,E12000005,E08000029
B92 0,52.424185,-1.721323,198,England,E12000005,E08000029
B92 7,52.438533,-1.802567,249,England,E12000005,E08000029
B92 8,52.439564,-1.78806,267,England,E12000005,E08000029
B92 9,52.43659,-1.769286,201,England,E12000005,E08000029
B93 0,52.379552,-1.726171,189,England,E12000005,E08000029
B93 3,52.388948,-1.736532,180,England,E12000005,E08000029
B93 8,52.376736,-1.753223,276,England,E12000005,E08000029
B93 9,52.389637,-1.745901,230,England,E12000005,E08000029
B94 5,52.347655,-1.816907,204,England,E12000005,E07000221
B94 6,52.357554,-1.767961,221,England,E12000005,E08000029
B95 5,52.297672,-1.781363,262,England,E12000005,E07000221
B95 6,52.26245,-1.778258,123,England,E12000005,E07000221
B95 8,52.294007,-1.781044,38,England,E12000005,E07000221
B96 6,52.254836,-1.959444,237,England,E12000005,E07000236
B97 4,52.3043,-1.946085,236,England,E12000005,E07000236
B97 5,52.289987,-1.956901,396,England,E12000005,E07000236
B97 6,52.312014,-1.956604,301,England,E12000005,E07000236
B97 9,52.310932,-1.937698,382,England,E12000005,E07000236
B98 0,52.300761,-1.899852,313,England,E12000005,E07000236
B98 7,52.294248,-1.92847,376,England,E12000005,E07000236
B98 8,52.310212,-1.927277,247,England,E12000005,E07000236
B98 9,52.318093,-1.902281,201,England,E12000005,E07000236
B99 1,52.495945,-1.894248,59,England,E12000005,E08000025
BA1 0,51.379187,-2.355901,379,England,E12000009,E06000022
BA1 1,51.38058,-2.359844,354,England,E12000009,E06000022
BA1 2,51.38463,-2.36453,398,England,E12000009,E06000022
BA1 3,51.385719,-2.385796,273,England,E12000009,E06000022
BA1 4,51.396741,-2.389862,152,England,E12000009,E06000022
BA1 5,51.388922,-2.360784,309,England,E12000009,E06000022
BA1 6,51.393803,-2.351489,310,England,E12000009,E06000022
BA1 7,51.401493,-2.320934,244,England,E12000009,E06000022
BA1 8,51.412697,-2.342088,79,England,E12000009,E06000022
BA1 9,51.407688,-2.388987,68,England,E12000009,E06000022
BA10 0,51.112308,-2.447424,201,England,E12000009,E06000066
BA11 1,51.232167,-2.321486,293,England,E12000009,E06000066
BA11 2,51.246251,-2.312561,358,England,E12000009,E06000066
BA11 3,51.238797,-2.354525,236,England,E12000009,E06000066
BA11 4,51.225545,-2.343314,243,England,E12000009,E06000066
BA11 5,51.218668,-2.321947,184,England,E12000009,E06000066
BA11 6,51.273692,-2.287557,105,England,E12000009,E06000066
BA11 9,56.235896,-2.094525,78,England,E12000009,E06000066
BA12 0,51.177799,-2.084149,267,England,E12000009,E06000054
BA12 2,57.934767,-1.877872,58,England,E12000009,E06000054
BA12 6,51.099468,-2.277412,249,England,E12000009,E06000054
BA12 7,51.179873,-2.217823,253,England,E12000009,E06000054
BA12 8,51.201968,-2.193726,323,England,E12000009,E06000054
BA12 9,51.20031,-2.173524,263,England,E12000009,E06000054
BA13 2,51.263006,-2.197088,22,England,E12000009,E06000054
BA13 3,51.259847,-2.189704,392,England,E12000009,E06000054
BA13 4,51.266048,-2.176814,339,England,E12000009,E06000054
BA13 9,62.675106,-1.689684,47,England,E12000009,E06000054
BA14 0,51.308561,-2.211476,361,England,E12000009,E06000054
BA14 4,51.317751,-2.208083,247,England,E12000009,E06000054
BA14 6,51.329104,-2.16851,274,England,E12000009,E06000054
BA14 7,51.324112,-2.194056,379,England,E12000009,E06000054
BA14 8,51.323964,-2.207676,366,England,E12000009,E06000054
BA14 9,51.310704,-2.228719,285,England,E12000009,E06000054
BA15 1,51.347147,-2.255207,367,England,E12000009,E06000054
BA15 2,51.352647,-2.275236,234,England,E12000009,E06000054
BA15 5,51.336372,-2.251134,52,England,E12000009,E06000054
BA16 0,51.125606,-2.73891,345,England,E12000009,E06000066
BA16 9,51.130024,-2.759708,93,England,E12000009,E06000066
BA2 0,51.33221,-2.47097,203,England,E12000009,E06000022
BA2 1,51.376402,-2.392638,272,England,E12000009,E06000022
BA2 2,51.364551,-2.378713,312,England,E12000009,E06000022
BA2 3,51.3784,-2.373428,321,England,E12000009,E06000022
BA2 4,51.377968,-2.356429,288,England,E12000009,E06000022
BA2 5,51.362406,-2.355576,279,England,E12000009,E06000022
BA2 6,51.384602,-2.343081,330,England,E12000009,E06000022
BA2 7,51.342744,-2.3267,351,England,E12000009,E06000022
BA2 8,51.323415,-2.410063,275,England,E12000009,E06000022
BA2 9,51.373201,-2.433078,119,England,E12000009,E06000022
BA20 1,50.941131,-2.633879,327,England,E12000009,E06000066
BA20 2,50.936173,-2.652225,351,England,E12000009,E06000066
BA20 9,50.941437,-2.639575,138,England,E12000009,E06000066
BA21 3,50.951102,-2.655338,346,England,E12000009,E06000066
BA21 4,50.948688,-2.628384,241,England,E12000009,E06000066
BA21 5,50.953091,-2.614573,314,England,E12000009,E06000066
BA22 7,51.032333,-2.558286,233,England,E12000009,E06000066
BA22 8,50.974017,-2.665135,391,England,E12000009,E06000066
BA22 9,50.910874,-2.666251,284,England,E12000009,E06000066
BA3 1,51.330475,-2.473845,176,England,E12000009,E06000022
BA3 2,51.290635,-2.479239,334,England,E12000009,E06000022
BA3 3,51.292147,-2.449457,373,England,E12000009,E06000022
BA3 4,51.268606,-2.511658,386,England,E12000009,E06000066
BA3 5,51.253054,-2.453264,384,England,E12000009,E06000066
BA3 6,51.307982,-2.304634,270,England,E12000009,E06000066
BA3 9,56.005188,-2.209998,62,England,E12000009,E06000022
BA4 4,51.181091,-2.530808,304,England,E12000009,E06000066
BA4 5,51.189438,-2.548755,350,England,E12000009,E06000066
BA4 6,51.142727,-2.511296,267,England,E12000009,E06000066
BA4 9,51.189366,-2.547173,96,England,E12000009,E06000066
BA5 1,51.209704,-2.678301,351,England,E12000009,E06000066
BA5 2,51.209945,-2.65273,370,England,E12000009,E06000066
BA5 3,51.21753,-2.626373,252,England,E12000009,E06000066
BA5 9,57.181133,-2.328726,49,England,E12000009,E06000066
BA6 0,58.509701,-2.30601,73,England,E12000009,E06000066
BA6 8,51.133126,-2.689287,362,England,E12000009,E06000066
BA6 9,51.15274,-2.728811,357,England,E12000009,E06000066
BA7 7,51.089674,-2.519292,244,England,E12000009,E06000066
BA8 0,51.000281,-2.411039,237,England,E12000009,E06000066
BA9 0,55.951612,-2.168931,40,England,E12000009,E06000066
BA9 8,51.064571,-2.421231,146,England,E12000009,E06000066
BA9 9,51.05426,-2.404895,296,England,E12000009,E06000066
BB0 1,53.753464,-2.464231,1,England,E12000002,E06000008
BB1 1,53.744625,-2.467474,284,England,E12000002,E06000008
BB1 2,53.735558,-2.44864,234,England,E12000002,E06000008
BB1 3,53.750441,-2.456203,167,England,E12000002,E06000008
BB1 4,53.767484,-2.421368,180,England,E12000002,E07000120
BB1 5,53.756859,-2.468046,300,England,E12000002,E06000008
BB1 6,53.753744,-2.477166,157,England,E12000002,E06000008
BB1 7,53.751424,-2.483813,143,England,E12000002,E06000008
BB1 8,53.760184,-2.486717,222,England,E12000002,E06000008
BB1 9,53.777061,-2.479318,249,England,E12000002,E06000008
BB10 1,53.802976,-2.236937,299,England,E12000002,E07000117
BB10 2,53.810017,-2.220439,321,England,E12000002,E07000117
BB10 3,53.798558,-2.209116,273,England,E12000002,E07000117
BB10 4,53.782277,-2.216915,251,England,E12000002,E07000117
BB11 1,53.789599,-2.245946,288,England,E12000002,E07000117
BB11 2,53.784126,-2.244075,234,England,E12000002,E07000117
BB11 3,53.781865,-2.234793,226,England,E12000002,E07000117
BB11 4,53.784688,-2.257311,234,England,E12000002,E07000117
BB11 5,53.779308,-2.274202,287,England,E12000002,E07000117
BB11 9,53.790298,-2.241618,196,England,E12000002,E07000117
BB12 0,53.796339,-2.256617,236,England,E12000002,E07000117
BB12 6,53.791934,-2.28025,251,England,E12000002,E07000117
BB12 7,53.798227,-2.323534,259,England,E12000002,E07000117
BB12 8,53.799872,-2.302461,299,England,E12000002,E07000117
BB12 9,53.831801,-2.271314,185,England,E12000002,E07000122
BB18 5,53.915036,-2.18767,317,England,E12000002,E07000122
BB18 6,53.914995,-2.158032,344,England,E12000002,E07000122
BB18 9,61.600009,-1.818805,18,England,E12000002,E07000122
BB2 1,53.746514,-2.493229,233,England,E12000002,E06000008
BB2 2,53.741572,-2.49496,268,England,E12000002,E06000008
BB2 3,53.734853,-2.477856,320,England,E12000002,E06000008
BB2 4,53.729675,-2.498152,342,England,E12000002,E06000008
BB2 5,53.72686,-2.524237,221,England,E12000002,E06000008
BB2 6,53.749635,-2.504827,250,England,E12000002,E06000008
BB2 7,53.766097,-2.519922,228,England,E12000002,E06000008
BB2 9,53.743741,-2.484775,315,England,E12000002,E06000008
BB3 0,53.709413,-2.479323,290,England,E12000002,E06000008
BB3 1,53.699473,-2.474019,258,England,E12000002,E06000008
BB3 2,53.687563,-2.461815,332,England,E12000002,E06000008
BB3 3,53.696861,-2.450699,309,England,E12000002,E06000008
BB3 9,54.913598,-2.403156,38,England,E12000002,E06000008
BB4 0,53.70192,-2.284462,155,England,E12000002,E07000125
BB4 4,53.691946,-2.328649,231,England,E12000002,E07000125
BB4 5,53.707552,-2.32422,254,England,E12000002,E07000125
BB4 6,53.696593,-2.303064,273,England,E12000002,E07000125
BB4 7,53.696894,-2.26755,301,England,E12000002,E07000125
BB4 8,53.717606,-2.287404,355,England,E12000002,E07000125
BB4 9,53.706173,-2.250026,270,England,E12000002,E07000125
BB5 0,53.748982,-2.378068,272,England,E12000002,E07000120
BB5 1,53.753961,-2.368705,248,England,E12000002,E07000120
BB5 2,53.741696,-2.351512,268,England,E12000002,E07000120
BB5 3,53.741404,-2.393135,265,England,E12000002,E07000120
BB5 4,53.753561,-2.390721,245,England,E12000002,E07000120
BB5 5,53.773399,-2.376166,383,England,E12000002,E07000120
BB5 6,53.76029,-2.353975,303,England,E12000002,E07000120
BB5 9,53.753035,-2.36371,123,England,E12000002,E07000120
BB6 7,53.784374,-2.408727,343,England,E12000002,E07000120
BB6 8,53.807383,-2.454518,120,England,E12000002,E07000124
BB6 9,53.828275,-2.405866,250,England,E12000002,E07000124
BB7 0,53.874313,-2.39341,130,England,E12000002,E07000124
BB7 1,53.868153,-2.387908,262,England,E12000002,E07000124
BB7 2,53.871832,-2.398418,283,England,E12000002,E07000124
BB7 3,53.906968,-2.446813,126,England,E12000002,E07000124
BB7 4,53.911832,-2.334495,292,England,E12000002,E07000124
BB7 9,53.831692,-2.404235,392,England,E12000002,E07000124
BB8 0,53.856631,-2.16705,228,England,E12000002,E07000122
BB8 5,53.914748,-2.187953,274,England,E12000002,E07000122
BB8 6,53.914461,-2.156877,306,England,E12000002,E07000122
BB8 7,53.867828,-2.157129,220,England,E12000002,E07000122
BB8 8,53.848283,-2.162443,256,England,E12000002,E07000122
BB8 9,53.857947,-2.17664,248,England,E12000002,E07000122
BB9 0,53.829853,-2.209741,294,England,E12000002,E07000122
BB9 4,53.834936,-2.217432,215,England,E12000002,E07000122
BB9 5,53.824057,-2.232292,255,England,E12000002,E07000122
BB9 6,53.85297,-2.223259,248,England,E12000002,E07000122
BB9 7,53.837651,-2.217811,313,England,E12000002,E07000122
BB9 8,53.843881,-2.206937,279,England,E12000002,E07000122
BB9 9,53.83602,-2.20684,280,England,E12000002,E07000122
BB94 0,53.915483,-2.140156,21,England,E12000002,E07000122
BD1 1,53.794398,-1.75264,262,England,E12000003,E08000032
BD1 2,53.795385,-1.760021,227,England,E12000003,E08000032
BD1 3,53.797684,-1.757246,217,England,E12000003,E08000032
BD1 4,53.79782,-1.751773,262,England,E12000003,E08000032
BD1 5,53.795834,-1.749001,239,England,E12000003,E08000032
BD1 9,53.800926,-1.755511,377,England,E12000003,E08000032
BD10 0,53.830796,-1.717844,309,England,E12000003,E08000032
BD10 8,53.831183,-1.734176,347,England,E12000003,E08000032
BD10 9,53.831184,-1.726452,260,England,E12000003,E08000032
BD11 1,53.752567,-1.662673,186,England,E12000003,E08000035
BD11 2,53.747994,-1.692428,192,England,E12000003,E08000034
BD12 0,53.756209,-1.763042,259,England,E12000003,E08000032
BD12 7,53.749963,-1.742231,103,England,E12000003,E08000032
BD12 8,53.742618,-1.770667,204,England,E12000003,E08000032
BD12 9,53.740681,-1.763566,178,England,E12000003,E08000032
BD13 1,53.772499,-1.839872,216,England,E12000003,E08000032
BD13 2,53.767062,-1.846778,280,England,E12000003,E08000032
BD13 3,53.792449,-1.849213,303,England,E12000003,E08000032
BD13 4,53.800154,-1.890596,178,England,E12000003,E08000032
BD13 5,53.823525,-1.892836,145,England,E12000003,E08000032
BD13 9,63.906447,-1.383031,64,England,E12000003,E08000032
BD14 6,53.783231,-1.817915,279,England,E12000003,E08000032
BD15 0,53.820191,-1.859491,166,England,E12000003,E08000032
BD15 7,53.801077,-1.823087,300,England,E12000003,E08000032
BD15 8,53.802127,-1.83106,29,England,E12000003,E08000032
BD15 9,53.811005,-1.831461,82,England,E12000003,E08000032
BD16 1,53.837378,-1.841057,345,England,E12000003,E08000032
BD16 2,53.851836,-1.838166,244,England,E12000003,E08000032
BD16 3,53.857611,-1.821225,219,England,E12000003,E08000032
BD16 4,53.851542,-1.830703,318,England,E12000003,E08000032
BD16 9,61.631254,-1.477992,65,England,E12000003,E08000032
BD17 5,53.845397,-1.778931,282,England,E12000003,E08000032
BD17 6,53.848615,-1.762523,279,England,E12000003,E08000032
BD17 7,53.841407,-1.765418,284,England,E12000003,E08000032
BD18 1,53.83088,-1.758607,205,England,E12000003,E08000032
BD18 2,53.828776,-1.769193,219,England,E12000003,E08000032
BD18 3,53.831728,-1.781338,274,England,E12000003,E08000032
BD18 4,53.833647,-1.795261,259,England,E12000003,E08000032
BD18 9,62.331177,-1.436344,103,England,E12000003,E08000032
BD19 3,53.726552,-1.717651,282,England,E12000003,E08000034
BD19 4,53.730383,-1.696587,315,England,E12000003,E08000034
BD19 5,53.72137,-1.714245,154,England,E12000003,E08000034
BD19 6,53.725548,-1.740151,183,England,E12000003,E08000034
BD19 9,65.074059,-1.293411,53,England,E12000003,E08000034
BD2 1,53.817586,-1.751237,234,England,E12000003,E08000032
BD2 2,53.819069,-1.728537,150,England,E12000003,E08000032
BD2 3,53.811333,-1.724464,281,England,E12000003,E08000032
BD2 4,53.810808,-1.738252,218,England,E12000003,E08000032
BD20 0,53.90886,-1.934253,253,England,E12000003,E08000032
BD20 5,53.875993,-1.875077,306,England,E12000003,E08000032
BD20 6,53.883983,-1.932002,324,England,E12000003,E08000032
BD20 7,53.893554,-1.984271,235,England,E12000003,E06000065
BD20 8,53.903526,-2.005867,295,England,E12000003,E06000065
BD20 9,53.919672,-1.963064,215,England,E12000003,E08000032
BD21 1,53.860525,-1.916285,234,England,E12000003,E08000032
BD21 2,53.8684,-1.916802,238,England,E12000003,E08000032
BD21 3,53.869714,-1.90627,244,England,E12000003,E08000032
BD21 4,53.866852,-1.894635,338,England,E12000003,E08000032
BD21 5,53.855445,-1.911561,219,England,E12000003,E08000032
BD21 9,59.828126,-1.666769,147,England,E12000003,E08000032
BD22 0,53.863243,-1.998325,265,England,E12000003,E08000032
BD22 6,53.864464,-1.928879,233,England,E12000003,E08000032
BD22 7,53.8492,-1.939564,272,England,E12000003,E08000032
BD22 8,53.832817,-1.947373,239,England,E12000003,E08000032
BD22 9,53.823287,-1.943832,248,England,E12000003,E08000032
BD23 0,61.041154,-1.714207,13,England,E12000003,E06000065
BD23 1,53.96204,-2.020976,340,England,E12000003,E06000065
BD23 2,53.956033,-2.01535,320,England,E12000003,E06000065
BD23 3,53.963372,-2.091461,292,England,E12000003,E06000065
BD23 4,54.01175,-2.215084,256,England,E12000003,E06000065
BD23 5,54.087981,-2.028375,241,England,E12000003,E06000065
BD23 6,53.991995,-1.970465,265,England,E12000003,E06000065
BD23 9,53.958105,-2.025385,129,England,E12000003,E06000065
BD24 0,54.085782,-2.297442,152,England,E12000003,E06000065
BD24 4,54.064612,-2.282098,5,England,E12000003,E06000065
BD24 5,54.064612,-2.282103,14,England,E12000003,E06000065
BD24 9,54.071963,-2.271253,235,England,E12000003,E06000065
BD3 0,53.801692,-1.74143,234,England,E12000003,E08000032
BD3 7,53.801469,-1.717255,169,England,E12000003,E08000032
BD3 8,53.795457,-1.72041,244,England,E12000003,E08000032
BD3 9,53.794493,-1.73703,256,England,E12000003,E08000032
BD4 0,53.774333,-1.704321,280,England,E12000003,E08000032
BD4 6,53.764904,-1.725342,277,England,E12000003,E08000032
BD4 7,53.782422,-1.740828,248,England,E12000003,E08000032
BD4 8,53.786606,-1.720132,287,England,E12000003,E08000032
BD4 9,53.775037,-1.719028,212,England,E12000003,E08000032
BD5 0,53.785828,-1.758774,269,England,E12000003,E08000032
BD5 5,63.44844,-1.388894,153,England,E12000003,E08000032
BD5 7,53.780111,-1.756856,223,England,E12000003,E08000032
BD5 8,53.773244,-1.751693,234,England,E12000003,E08000032
BD5 9,53.776102,-1.768248,199,England,E12000003,E08000032
BD6 1,53.765969,-1.768039,310,England,E12000003,E08000032
BD6 2,53.75943,-1.789556,275,England,E12000003,E08000032
BD6 3,53.768543,-1.795244,332,England,E12000003,E08000032
BD7 1,53.78997,-1.76668,221,England,E12000003,E08000032
BD7 2,53.787725,-1.783843,284,England,E12000003,E08000032
BD7 3,53.781947,-1.77873,185,England,E12000003,E08000032
BD7 4,53.776485,-1.793536,227,England,E12000003,E08000032
BD8 0,53.797691,-1.803266,222,England,E12000003,E08000032
BD8 7,53.805093,-1.764345,247,England,E12000003,E08000032
BD8 8,53.801908,-1.771208,209,England,E12000003,E08000032
BD8 9,53.800741,-1.784589,254,England,E12000003,E08000032
BD9 4,53.812976,-1.775666,265,England,E12000003,E08000032
BD9 5,53.809665,-1.787887,211,England,E12000003,E08000032
BD9 6,53.811854,-1.802581,249,England,E12000003,E08000032
BD97 1,53.826486,-1.796735,4,England,E12000003,E08000032
BD98 1,99.999999,0.0,8,England,,
BD98 5,99.999999,0.0,4,England,,
BD98 8,53.816994,-1.765446,6,England,E12000003,E08000032
BD99 2,53.792266,-1.772892,6,England,E12000003,E08000032
BD99 4,53.796085,-1.750076,11,England,E12000003,E08000032
BD99 9,53.793674,-1.764445,2,England,E12000003,E08000032
BH1 1,50.723939,-1.871692,284,England,E12000009,E06000058
BH1 2,50.721298,-1.872661,199,England,E12000009,E06000058
BH1 3,50.723051,-1.860505,312,England,E12000009,E06000058
BH1 4,50.728396,-1.849599,319,England,E12000009,E06000058
BH1 9,52.465091,-1.799081,397,England,E12000009,E06000058
BH10 4,50.749936,-1.898317,142,England,E12000009,E06000058
BH10 5,50.757928,-1.895737,187,England,E12000009,E06000058
BH10 6,50.761342,-1.886425,133,England,E12000009,E06000058
BH10 7,50.768042,-1.891137,134,England,E12000009,E06000058
BH11 0,51.088616,-1.911259,149,England,E12000009,E06000058
BH11 2,99.999999,0.0,1,England,,
BH11 8,50.755902,-1.916225,287,England,E12000009,E06000058
BH11 9,50.767201,-1.923235,334,England,E12000009,E06000058
BH12 1,50.730696,-1.912935,201,England,E12000009,E06000058
BH12 2,50.733276,-1.930949,191,England,E12000009,E06000058
BH12 3,50.737379,-1.941224,203,England,E12000009,E06000058
BH12 4,50.743015,-1.931205,238,England,E12000009,E06000058
BH12 5,50.744929,-1.912428,118,England,E12000009,E06000058
BH12 9,50.966335,-1.904868,218,England,E12000009,E06000058
BH13 6,50.718078,-1.910534,181,England,E12000009,E06000058
BH13 7,50.704637,-1.924535,235,England,E12000009,E06000058
BH14 0,50.727113,-1.951936,255,England,E12000009,E06000058
BH14 4,50.725242,-1.949221,127,England,E12000009,E06000058
BH14 8,50.717006,-1.946787,348,England,E12000009,E06000058
BH14 9,50.723593,-1.935002,227,England,E12000009,E06000058
BH15 1,50.715212,-1.983021,348,England,E12000009,E06000058
BH15 2,50.722038,-1.975771,289,England,E12000009,E06000058
BH15 3,50.732352,-1.974408,276,England,E12000009,E06000058
BH15 4,50.717476,-2.008682,274,England,E12000009,E06000058
BH15 5,50.718527,-2.012266,1,England,E12000009,E06000058
BH15 9,54.823334,-1.817788,192,England,E12000009,E06000058
BH16 5,50.734793,-2.027714,276,England,E12000009,E06000059
BH16 6,50.743238,-2.066058,214,England,E12000009,E06000059
BH17 0,50.742793,-1.976838,57,England,E12000009,E06000058
BH17 7,50.74415,-1.981031,378,England,E12000009,E06000058
BH17 8,50.745947,-1.958229,142,England,E12000009,E06000058
BH17 9,50.751211,-1.967281,144,England,E12000009,E06000058
BH18 0,50.746653,-1.973921,33,England,E12000009,E06000058
BH18 8,50.757045,-1.98717,202,England,E12000009,E06000058
BH18 9,50.758937,-1.999738,180,England,E12000009,E06000058
BH19 1,50.614333,-1.962524,235,England,E12000009,E06000059
BH19 2,50.606698,-1.964298,267,England,E12000009,E06000059
BH19 3,50.616855,-1.997034,132,England,E12000009,E06000059
BH19 9,50.609382,-1.959183,34,England,E12000009,E06000059
BH2 5,50.719588,-1.883022,294,England,E12000009,E06000058
BH2 6,50.724952,-1.879041,216,England,E12000009,E06000058
BH20 4,50.690252,-2.113186,259,England,E12000009,E06000059
BH20 5,50.645326,-2.122393,221,England,E12000009,E06000059
BH20 6,50.688098,-2.215047,191,England,E12000009,E06000059
BH20 7,50.728842,-2.154723,202,England,E12000009,E06000059
BH20 9,58.814681,-1.760982,85,England,E12000009,E06000059
BH21 1,50.796118,-1.982078,396,England,E12000009,E06000059
BH21 2,50.80274,-1.95965,335,England,E12000009,E06000059
BH21 3,50.775526,-2.009729,331,England,E12000009,E06000059
BH21 4,50.809002,-2.02176,159,England,E12000009,E06000059
BH21 5,50.889878,-1.978532,178,England,E12000009,E06000059
BH21 6,50.866023,-1.883674,335,England,E12000009,E06000059
BH21 7,50.821573,-1.938636,243,England,E12000009,E06000059
BH21 8,50.878554,-1.925544,29,England,E12000009,E06000059
BH21 9,55.897797,-1.779081,222,England,E12000009,E06000059
BH22 0,50.821925,-1.882322,210,England,E12000009,E06000059
BH22 2,51.833666,-1.853683,96,England,E12000009,E06000059
BH22 8,50.794708,-1.884987,325,England,E12000009,E06000059
BH22 9,50.805983,-1.895873,351,England,E12000009,E06000059
BH23 1,50.734842,-1.778242,269,England,E12000009,E06000058
BH23 2,50.745374,-1.79382,346,England,E12000009,E06000058
BH23 3,50.736088,-1.75502,307,England,E12000009,E06000058
BH23 4,50.739539,-1.73368,349,England,E12000009,E06000058
BH23 5,50.74388,-1.705842,286,England,E12000009,E06000058
BH23 6,50.772821,-1.824367,93,England,E12000009,E06000058
BH23 7,50.755696,-1.761975,167,England,E12000009,E06000058
BH23 8,50.779279,-1.739976,171,England,E12000008,E07000091
BH23 9,53.230546,-1.688437,237,England,E12000009,E06000058
BH24 1,50.84975,-1.782418,387,England,E12000008,E07000091
BH24 2,50.834075,-1.830564,303,England,E12000009,E06000059
BH24 3,50.852072,-1.77513,281,England,E12000008,E07000091
BH24 4,50.831958,-1.706824,88,England,E12000008,E07000091
BH24 9,50.86014,-1.786684,133,England,E12000008,E07000091
BH25 5,50.760629,-1.654064,396,England,E12000008,E07000091
BH25 6,50.751702,-1.657629,297,England,E12000008,E07000091
BH25 7,50.741709,-1.666782,295,England,E12000008,E07000091
BH25 9,52.17263,-1.607118,104,England,E12000008,E07000091
BH3 7,50.735496,-1.880213,197,England,E12000009,E06000058
BH31 6,50.874471,-1.871595,272,England,E12000009,E06000059
BH31 7,50.879906,-1.872653,114,England,E12000009,E06000059
BH31 9,51.936442,-1.811093,46,England,E12000009,E06000059
BH4 0,50.721911,-1.90239,143,England,E12000009,E06000058
BH4 8,50.718181,-1.900614,176,England,E12000009,E06000058
BH4 9,50.724617,-1.89923,200,England,E12000009,E06000058
BH5 1,50.724488,-1.841789,209,England,E12000009,E06000058
BH5 2,50.72742,-1.829534,156,England,E12000009,E06000058
BH5 4,50.723113,-2.016942,1,England,E12000009,E06000058
BH6 3,50.725232,-1.811623,276,England,E12000009,E06000058
BH6 4,50.723916,-1.79337,155,England,E12000009,E06000058
BH6 5,50.732064,-1.815481,281,England,E12000009,E06000058
BH7 6,50.733352,-1.829037,286,England,E12000009,E06000058
BH7 7,50.736383,-1.841959,187,England,E12000009,E06000058
BH8 0,50.752592,-1.842092,207,England,E12000009,E06000058
BH8 8,50.730493,-1.861646,384,England,E12000009,E06000058
BH8 9,50.742543,-1.852319,318,England,E12000009,E06000058
BH9 1,50.745927,-1.87407,323,England,E12000009,E06000058
BH9 2,50.748721,-1.881461,320,England,E12000009,E06000058
BH9 3,50.756425,-1.86703,243,England,E12000009,E06000058
BL0 0,53.656139,-2.307319,274,England,E12000002,E07000125
BL0 9,53.634809,-2.32218,394,England,E12000002,E08000002
BL1 1,53.578934,-2.427876,321,England,E12000002,E08000001
BL1 2,53.583597,-2.431654,305,England,E12000002,E08000001
BL1 3,53.589932,-2.440732,317,England,E12000002,E08000001
BL1 4,53.581699,-2.448212,317,England,E12000002,E08000001
BL1 5,53.585548,-2.469366,369,England,E12000002,E08000001
BL1 6,53.595337,-2.451133,257,England,E12000002,E08000001
BL1 7,53.605848,-2.442097,263,England,E12000002,E08000001
BL1 8,53.595678,-2.430457,351,England,E12000002,E08000001
BL1 9,53.587829,-2.425783,395,England,E12000002,E08000001
BL11 1,53.572274,-2.425379,31,England,E12000002,E08000001
BL2 1,53.574952,-2.418075,197,England,E12000002,E08000001
BL2 2,53.586676,-2.412325,285,England,E12000002,E08000001
BL2 3,53.600436,-2.398655,251,England,E12000002,E08000001
BL2 4,53.603475,-2.3908,170,England,E12000002,E08000001
BL2 5,53.58751,-2.379776,247,England,E12000002,E08000001
BL2 6,53.578054,-2.388982,307,England,E12000002,E08000001
BL3 1,53.564241,-2.377499,318,England,E12000002,E08000001
BL3 2,53.564081,-2.419148,292,England,E12000002,E08000001
BL3 3,53.561592,-2.44697,312,England,E12000002,E08000001
BL3 4,53.566395,-2.465215,359,England,E12000002,E08000001
BL3 5,53.572092,-2.44625,238,England,E12000002,E08000001
BL3 6,53.569525,-2.433769,303,England,E12000002,E08000001
BL4 0,53.550306,-2.425802,233,England,E12000002,E08000001
BL4 4,53.573121,-2.494438,23,England,E12000002,E08000001
BL4 7,53.552219,-2.402028,276,England,E12000002,E08000001
BL4 8,53.541481,-2.381315,264,England,E12000002,E08000001
BL4 9,53.544503,-2.40245,280,England,E12000002,E08000001
BL5 1,53.548998,-2.473582,116,England,E12000002,E08000001
BL5 2,53.544682,-2.527345,307,England,E12000002,E08000001
BL5 3,53.556281,-2.522077,393,England,E12000002,E08000001
BL6 4,53.578068,-2.511071,285,England,E12000002,E08000001
BL6 5,53.593123,-2.566122,362,England,E12000002,E08000001
BL6 6,53.592738,-2.530175,312,England,E12000002,E08000001
BL6 7,53.602004,-2.547787,278,England,E12000002,E08000001
BL6 9,53.588218,-2.538918,196,England,E12000002,E08000001
BL7 0,53.643922,-2.400053,207,England,E12000002,E06000008
BL7 8,53.638624,-2.490414,40,England,E12000002,E06000008
BL7 9,53.618135,-2.428542,370,England,E12000002,E08000001
BL78 1,53.557766,-2.40545,12,England,E12000002,E08000001
BL78 7,53.584007,-2.427553,2,England,E12000002,E08000001
BL8 1,53.601929,-2.315391,379,England,E12000002,E08000002
BL8 2,53.590455,-2.324234,332,England,E12000002,E08000002
BL8 3,53.607617,-2.339354,253,England,E12000002,E08000002
BL8 4,53.625596,-2.339465,228,England,E12000002,E08000002
BL8 9,53.592492,-2.309577,374,England,E12000002,E08000002
BL9 0,53.591987,-2.297893,308,England,E12000002,E08000002
BL9 5,53.612644,-2.300904,232,England,E12000002,E08000002
BL9 6,53.606679,-2.284577,349,England,E12000002,E08000002
BL9 7,53.595378,-2.273759,315,England,E12000002,E08000002
BL9 8,53.567675,-2.283408,266,England,E12000002,E08000002
BL9 9,53.579975,-2.295592,326,England,E12000002,E08000002
BN1 1,50.823592,-0.140334,358,England,E12000008,E06000043
BN1 2,50.823926,-0.148298,310,England,E12000008,E06000043
BN1 3,50.827401,-0.144926,393,England,E12000008,E06000043
BN1 4,50.829795,-0.138709,381,England,E12000008,E06000043
BN1 5,50.843749,-0.154137,294,England,E12000008,E06000043
BN1 6,50.839791,-0.143551,396,England,E12000008,E06000043
BN1 7,50.842069,-0.130348,164,England,E12000008,E06000043
BN1 8,50.85887,-0.140942,334,England,E12000008,E06000043
BN1 9,50.859141,-0.102359,230,England,E12000008,E06000043
BN10 7,50.798074,-0.006704,289,England,E12000008,E07000063
BN10 8,50.793898,0.009064,349,England,E12000008,E07000063
BN10 9,51.507595,0.004091,69,England,E12000008,E07000063
BN11 1,50.814389,-0.372882,337,England,E12000008,E07000229
BN11 2,50.816055,-0.356704,277,England,E12000008,E07000229
BN11 3,50.810312,-0.377306,271,England,E12000008,E07000229
BN11 4,50.814642,-0.384038,283,England,E12000008,E07000229
BN11 5,50.81231,-0.394224,262,England,E12000008,E07000229
BN11 9,50.814144,-0.370812,397,England,E12000008,E07000229
BN12 4,50.812079,-0.416285,339,England,E12000008,E07000229
BN12 5,50.811074,-0.443094,248,England,E12000008,E07000224
BN12 6,50.820101,-0.426422,251,England,E12000008,E07000229
BN12 9,51.932171,-0.413448,88,England,E12000008,E07000229
BN13 1,50.822302,-0.39471,293,England,E12000008,E07000229
BN13 2,50.831472,-0.403478,307,England,E12000008,E07000229
BN13 3,50.835855,-0.418596,377,England,E12000008,E07000229
BN14 0,50.85368,-0.399493,210,England,E12000008,E07000229
BN14 7,50.822658,-0.383074,296,England,E12000008,E07000229
BN14 8,50.822292,-0.366274,266,England,E12000008,E07000229
BN14 9,50.830038,-0.37549,256,England,E12000008,E07000229
BN15 0,50.83657,-0.329901,251,England,E12000008,E07000223
BN15 5,51.690721,-0.316557,57,England,E12000008,E07000223
BN15 8,50.824105,-0.320122,290,England,E12000008,E07000223
BN15 9,50.830921,-0.325268,332,England,E12000008,E07000223
BN16 1,50.811719,-0.481467,288,England,E12000008,E07000224
BN16 2,50.807846,-0.507212,287,England,E12000008,E07000224
BN16 3,50.815284,-0.504818,304,England,E12000008,E07000224
BN16 4,50.827963,-0.483573,297,England,E12000008,E07000224
BN16 9,50.818434,-0.514087,243,England,E12000008,E07000224
BN17 5,50.808819,-0.542209,281,England,E12000008,E07000224
BN17 6,50.815712,-0.52714,355,England,E12000008,E07000224
BN17 7,50.821093,-0.543855,317,England,E12000008,E07000224
BN18 0,50.837077,-0.612182,395,England,E12000008,E07000224
BN18 1,99.999999,0.0,1,England,,
BN18 8,51.634245,-0.544124,63,England,E12000008,E07000224
BN18 9,50.859495,-0.550315,284,England,E12000008,E07000224
BN2 0,50.82411,-0.128982,185,England,E12000008,E06000043
BN2 1,50.821568,-0.130194,395,England,E12000008,E06000043
BN2 2,50.826201,-0.126663,388,England,E12000008,E06000043
BN2 3,50.832349,-0.128972,316,England,E12000008,E06000043
BN2 4,50.842444,-0.113473,313,England,E12000008,E06000043
BN2 5,50.82137,-0.110554,386,England,E12000008,E06000043
BN2 6,50.830661,-0.069454,213,England,E12000008,E06000043
BN2 7,50.808381,-0.060329,195,England,E12000008,E06000043
BN2 8,50.805336,-0.040033,254,England,E12000008,E06000043
BN2 9,50.827777,-0.130406,244,England,E12000008,E06000043
BN20 0,50.762878,0.215602,122,England,E12000008,E07000065
BN20 7,50.759755,0.271082,312,England,E12000008,E07000061
BN20 8,50.776281,0.256872,288,England,E12000008,E07000061
BN20 9,50.799661,0.250737,212,England,E12000008,E07000065
BN21 1,50.774309,0.267232,294,England,E12000008,E07000061
BN21 2,50.779033,0.271505,342,England,E12000008,E07000061
BN21 3,50.769738,0.285365,344,England,E12000008,E07000061
BN21 4,50.767656,0.270085,324,England,E12000008,E07000061
BN21 9,52.208767,0.270578,342,England,E12000008,E07000061
BN22 0,50.801356,0.263262,293,England,E12000008,E07000061
BN22 7,50.777473,0.300541,245,England,E12000008,E07000061
BN22 8,50.777632,0.291746,306,England,E12000008,E07000061
BN22 9,50.797301,0.27861,214,England,E12000008,E07000061
BN23 5,50.796163,0.327611,153,England,E12000008,E07000061
BN23 6,50.790794,0.313953,269,England,E12000008,E07000061
BN23 7,50.800712,0.311407,263,England,E12000008,E07000061
BN23 8,50.809324,0.299539,172,England,E12000008,E07000061
BN24 5,50.818188,0.305612,251,England,E12000008,E07000065
BN24 6,50.813954,0.353476,171,England,E12000008,E07000065
BN24 9,51.127859,0.320501,156,England,E12000008,E07000065
BN25 1,50.771353,0.103552,271,England,E12000008,E07000063
BN25 2,50.780449,0.093761,315,England,E12000008,E07000063
BN25 3,50.779171,0.117391,288,England,E12000008,E07000063
BN25 4,50.772159,0.122243,206,England,E12000008,E07000063
BN25 9,51.350753,0.099611,85,England,E12000008,E07000063
BN26 5,50.814287,0.214917,291,England,E12000008,E07000065
BN26 6,50.827649,0.232786,327,England,E12000008,E07000065
BN26 9,54.336023,0.227345,42,England,E12000008,E07000065
BN27 1,50.872165,0.266469,341,England,E12000008,E07000065
BN27 2,50.85941,0.264947,264,England,E12000008,E07000065
BN27 3,50.865783,0.23641,386,England,E12000008,E07000065
BN27 4,50.887987,0.291665,315,England,E12000008,E07000065
BN27 9,51.152611,0.256817,170,England,E12000008,E07000065
BN3 1,50.961099,-0.15938,373,England,E12000008,E06000043
BN3 2,50.828231,-0.170392,377,England,E12000008,E06000043
BN3 3,50.83208,-0.169428,393,England,E12000008,E06000043
BN3 4,50.830014,-0.189765,253,England,E12000008,E06000043
BN3 5,50.833978,-0.184535,324,England,E12000008,E06000043
BN3 6,50.841098,-0.167399,350,England,E12000008,E06000043
BN3 7,50.840019,-0.184786,302,England,E12000008,E06000043
BN3 8,50.847329,-0.192741,191,England,E12000008,E06000043
BN4 1,50.83331,-0.213919,185,England,E12000008,E06000043
BN4 2,50.84651,-0.221247,212,England,E12000008,E06000043
BN4 3,50.891258,-0.323484,259,England,E12000008,E07000227
BN4 4,50.836948,-0.23564,233,England,E12000008,E07000223
BN4 5,50.834394,-0.27595,268,England,E12000008,E07000223
BN4 6,50.837726,-0.25798,209,England,E12000008,E07000223
BN4 7,50.895813,-0.189623,43,England,E12000008,E07000228
BN41 1,50.833748,-0.213175,253,England,E12000008,E06000043
BN41 2,50.845227,-0.218814,299,England,E12000008,E06000043
BN41 4,99.999999,0.0,1,England,,
BN41 9,51.328712,-0.205425,99,England,E12000008,E06000043
BN42 4,50.836704,-0.232054,295,England,E12000008,E07000223
BN43 5,50.834411,-0.273853,385,England,E12000008,E07000223
BN43 6,50.837477,-0.258647,282,England,E12000008,E07000223
BN43 9,51.203259,-0.27037,133,England,E12000008,E07000223
BN44 3,50.892925,-0.318868,358,England,E12000008,E07000227
BN44 4,50.831256,-0.240568,1,England,E12000008,E07000223
BN45 7,50.888512,-0.183644,57,England,E12000008,E07000228
BN5 0,51.869294,-0.259421,103,England,E12000008,E07000227
BN5 9,50.926105,-0.268826,358,England,E12000008,E07000227
BN50 8,53.330725,-0.133558,373,England,E12000008,E06000043
BN50 9,50.82623,-0.140777,394,England,E12000008,E06000043
BN51 9,52.134417,-0.05706,111,England,E12000008,E06000043
BN52 9,51.57135,-0.165518,400,England,E12000008,E06000043
BN6 0,51.430145,-0.140679,97,England,E12000008,E07000228
BN6 6,50.830577,0.267799,1,England,E12000008,E07000065
BN6 8,50.92509,-0.131074,346,England,E12000008,E07000228
BN6 9,50.935388,-0.174301,393,England,E12000008,E07000228
BN7 1,50.874134,0.002517,341,England,E12000008,E07000063
BN7 2,50.877236,0.012465,371,England,E12000008,E07000063
BN7 3,50.88662,-0.024079,230,England,E12000008,E07000063
BN7 9,54.808197,0.014333,275,England,E12000008,E07000063
BN8 4,50.948146,-0.004242,281,England,E12000008,E07000063
BN8 5,50.89981,0.050137,326,England,E12000008,E07000063
BN8 6,50.888625,0.116686,237,England,E12000008,E07000065
BN88 1,50.826957,-0.140541,33,England,E12000008,E06000043
BN88 3,50.826328,-0.140791,3,England,E12000008,E06000043
BN88 4,50.826328,-0.140791,1,England,E12000008,E06000043
BN9 0,50.79982,0.058002,232,England,E12000008,E07000063
BN9 1,53.082484,0.045294,43,England,E12000008,E07000063
BN9 7,50.797357,-0.009149,234,England,E12000008,E07000063
BN9 8,50.792857,0.008407,257,England,E12000008,E07000063
BN9 9,50.792475,0.04429,321,England,E12000008,E07000063
BN91 9,99.999999,0.0,1,England,,
BN95 1,50.823154,-0.330024,1,England,E12000008,E07000223
BN99 3,50.815512,-0.378056,24,England,E12000008,E07000229
BN99 4,50.825373,-0.428287,62,England,E12000008,E07000229
BN99 6,50.81832,-0.390341,120,England,E12000008,E07000229
BN99 8,50.82349,-0.336904,243,England,E12000008,E07000223
BN99 9,50.825386,-0.330158,135,England,E12000008,E07000223
BR1 1,51.405158,0.015582,288,England,E12000007,E09000006
BR1 2,51.402688,0.04004,391,England,E12000007,E09000006
BR1 3,51.409263,0.018991,393,England,E12000007,E09000006
BR1 4,51.417455,0.008207,324,England,E12000007,E09000006
BR1 5,51.424515,0.011473,306,England,E12000007,E09000023
BR1 9,51.407949,0.017783,392,England,E12000007,E09000006
BR2 0,51.402467,0.005478,364,England,E12000007,E09000006
BR2 6,51.365265,0.031241,132,England,E12000007,E09000006
BR2 7,51.382812,0.012846,254,England,E12000007,E09000006
BR2 8,51.38502,0.042086,266,England,E12000007,E09000006
BR2 9,51.396073,0.025211,394,England,E12000007,E09000006
BR3 1,51.411007,-0.034051,373,England,E12000007,E09000006
BR3 2,51.406763,-0.015813,352,England,E12000007,E09000006
BR3 3,51.395452,-0.032526,396,England,E12000007,E09000006
BR3 4,51.40306,-0.045067,376,England,E12000007,E09000006
BR3 5,51.408271,-0.022167,249,England,E12000007,E09000006
BR3 6,51.400035,-0.021772,180,England,E12000007,E09000006
BR3 9,51.396614,-0.047904,248,England,E12000007,E09000006
BR4 0,51.379374,-0.011598,280,England,E12000007,E09000006
BR4 4,59.632868,-0.012041,53,England,E12000007,E09000006
BR4 9,51.371631,-0.007631,275,England,E12000007,E09000006
BR5 1,51.385011,0.08193,342,England,E12000007,E09000006
BR5 2,51.394251,0.101732,323,England,E12000007,E09000006
BR5 3,51.395718,0.112336,362,England,E12000007,E09000006
BR5 4,51.380259,0.115598,286,England,E12000007,E09000006
BR6 0,51.377785,0.098431,359,England,E12000007,E09000006
BR6 1,59.286819,0.083032,209,England,E12000007,E09000006
BR6 6,51.358351,0.096983,224,England,E12000007,E09000006
BR6 7,51.356441,0.090185,357,England,E12000007,E09000006
BR6 8,51.372866,0.076049,258,England,E12000007,E09000006
BR6 9,51.36727,0.096382,352,England,E12000007,E09000006
BR7 5,51.410394,0.054181,351,England,E12000007,E09000006
BR7 6,51.413688,0.069018,337,England,E12000007,E09000006
BR7 9,56.807312,0.015648,54,England,E12000007,E09000006
BR8 6,51.366942,0.054277,1,England,E12000007,E09000006
BR8 7,51.402525,0.174664,379,England,E12000008,E07000111
BR8 8,51.39022,0.175935,228,England,E12000008,E07000111
BR8 9,52.452483,0.17133,92,England,E12000008,E07000111
BR98 3,99.999999,0.0,5,England,,
BS0 1,51.343878,-2.957029,1,England,E12000009,E06000024
BS1 1,51.453177,-2.593315,214,England,E12000009,E06000023
BS1 2,51.456288,-2.593594,169,England,E12000009,E06000023
BS1 3,51.459058,-2.589296,228,England,E12000009,E06000023
BS1 4,51.451689,-2.595856,257,England,E12000009,E06000023
BS1 5,51.453043,-2.602021,257,England,E12000009,E06000023
BS1 6,51.449635,-2.592268,363,England,E12000009,E06000023
BS1 9,57.275922,-2.269696,292,England,E12000009,E06000023
BS10 5,51.497586,-2.598879,260,England,E12000009,E06000023
BS10 6,51.507059,-2.606191,312,England,E12000009,E06000023
BS10 7,51.511949,-2.625955,362,England,E12000009,E06000023
BS11 0,51.500486,-2.665552,348,England,E12000009,E06000023
BS11 1,51.499656,-2.695728,33,England,E12000009,E06000023
BS11 8,51.508273,-2.685144,48,England,E12000009,E06000023
BS11 9,51.495925,-2.688295,364,England,E12000009,E06000023
BS12 0,51.540205,-2.548128,77,England,E12000009,E06000025
BS12 1,51.61741,-2.52871,239,England,E12000009,E06000025
BS12 2,51.597507,-2.522741,296,England,E12000009,E06000025
BS12 3,51.568808,-2.622018,186,England,E12000009,E06000025
BS12 4,51.553099,-2.568675,264,England,E12000009,E06000025
BS12 5,51.532384,-2.581526,248,England,E12000009,E06000025
BS12 6,51.523753,-2.552463,311,England,E12000009,E06000025
BS12 7,51.509277,-2.569671,203,England,E12000009,E06000025
BS12 8,51.526769,-2.543629,77,England,E12000009,E06000025
BS12 9,51.538139,-2.557619,45,England,E12000009,E06000025
BS13 0,51.405915,-2.596654,223,England,E12000009,E06000023
BS13 7,51.420554,-2.612798,223,England,E12000009,E06000023
BS13 8,51.41234,-2.625373,212,England,E12000009,E06000023
BS13 9,51.408563,-2.611543,171,England,E12000009,E06000023
BS14 0,51.408733,-2.573228,316,England,E12000009,E06000023
BS14 8,51.414506,-2.546452,195,England,E12000009,E06000023
BS14 9,51.417636,-2.565469,246,England,E12000009,E06000023
BS15 0,59.319946,-2.100139,105,England,E12000009,E06000025
BS15 1,51.466013,-2.514314,337,England,E12000009,E06000023
BS15 2,51.457597,-2.503382,343,England,E12000009,E06000025
BS15 3,51.446491,-2.514936,290,England,E12000009,E06000025
BS15 4,51.466479,-2.494819,332,England,E12000009,E06000025
BS15 5,51.451739,-2.462036,337,England,E12000009,E06000025
BS15 6,51.436012,-2.476193,316,England,E12000009,E06000025
BS15 7,51.444942,-2.493075,77,England,E12000009,E06000025
BS15 8,51.458407,-2.512202,226,England,E12000009,E06000025
BS15 9,51.456783,-2.498206,206,England,E12000009,E06000025
BS16 0,57.45143,-2.222062,130,England,E12000009,E06000023
BS16 1,51.493137,-2.537691,395,England,E12000009,E06000023
BS16 2,51.484788,-2.52722,327,England,E12000009,E06000023
BS16 3,51.476151,-2.531344,303,England,E12000009,E06000023
BS16 4,51.476355,-2.513449,275,England,E12000009,E06000023
BS16 5,51.482973,-2.508533,317,England,E12000009,E06000025
BS16 6,51.494704,-2.501614,318,England,E12000009,E06000025
BS16 7,51.492484,-2.481009,276,England,E12000009,E06000025
BS16 9,51.483644,-2.474158,262,England,E12000009,E06000025
BS17 1,51.529421,-2.493725,263,England,E12000009,E06000025
BS17 2,51.528268,-2.474684,279,England,E12000009,E06000025
BS17 3,51.485689,-2.465576,218,England,E12000009,E06000025
BS17 4,51.531183,-2.420566,309,England,E12000009,E06000025
BS17 5,51.548522,-2.422547,339,England,E12000009,E06000025
BS17 6,51.537246,-2.38435,247,England,E12000009,E06000025
BS18 1,51.409236,-2.491323,292,England,E12000009,E06000022
BS18 2,51.410498,-2.507391,241,England,E12000009,E06000022
BS18 3,51.401709,-2.459509,127,England,E12000009,E06000022
BS18 4,51.352018,-2.554992,267,England,E12000009,E06000022
BS18 5,51.310563,-2.517715,319,England,E12000009,E06000022
BS18 6,51.315295,-2.671202,225,England,E12000009,E06000022
BS18 7,51.35859,-2.747167,280,England,E12000009,E06000024
BS18 8,51.371578,-2.637655,270,England,E12000009,E06000022
BS18 9,51.430918,-2.659594,134,England,E12000009,E06000024
BS19 1,51.436305,-2.743907,183,England,E12000009,E06000024
BS19 2,51.42858,-2.763852,353,England,E12000009,E06000024
BS19 3,51.410369,-2.727103,228,England,E12000009,E06000024
BS19 4,51.388968,-2.814166,216,England,E12000009,E06000024
BS19 5,51.353636,-2.810729,173,England,E12000009,E06000024
BS2 0,51.452602,-2.576208,345,England,E12000009,E06000023
BS2 2,52.832526,-2.502377,106,England,E12000009,E06000023
BS2 8,51.461348,-2.590878,286,England,E12000009,E06000023
BS2 9,51.465366,-2.578491,242,England,E12000009,E06000023
BS20 0,51.478685,-2.689487,214,England,E12000009,E06000024
BS20 1,56.523372,-2.481478,77,England,E12000009,E06000024
BS20 6,51.480701,-2.772813,266,England,E12000009,E06000024
BS20 7,51.483607,-2.755463,362,England,E12000009,E06000024
BS20 8,51.477703,-2.790784,254,England,E12000009,E06000024
BS20 9,51.480508,-2.762072,318,England,E12000009,E06000024
BS21 5,51.429361,-2.854035,129,England,E12000009,E06000024
BS21 6,51.433042,-2.845321,378,England,E12000009,E06000024
BS21 7,51.441112,-2.855322,384,England,E12000009,E06000024
BS21 9,51.44009,-2.857518,63,England,E12000009,E06000024
BS22 0,51.363961,-2.916315,358,England,E12000009,E06000024
BS22 6,51.359414,-2.922769,245,England,E12000009,E06000024
BS22 7,51.36529,-2.914527,244,England,E12000009,E06000024
BS22 8,51.35194,-2.941686,319,England,E12000009,E06000024
BS22 9,51.362708,-2.941277,360,England,E12000009,E06000024
BS23 1,51.345943,-2.974618,339,England,E12000009,E06000024
BS23 2,51.352582,-2.974034,326,England,E12000009,E06000024
BS23 3,51.34176,-2.962822,351,England,E12000009,E06000024
BS23 4,51.330287,-2.974888,257,England,E12000009,E06000024
BS23 9,51.658249,-2.941547,310,England,E12000009,E06000024
BS24 0,51.299886,-2.948619,127,England,E12000009,E06000024
BS24 6,51.34101,-2.873013,159,England,E12000009,E06000024
BS24 7,51.346427,-2.91447,247,England,E12000009,E06000024
BS24 8,51.335025,-2.93144,145,England,E12000009,E06000024
BS24 9,51.325662,-2.95006,249,England,E12000009,E06000024
BS25 1,51.315792,-2.828636,225,England,E12000009,E06000024
BS25 5,51.332843,-2.820128,99,England,E12000009,E06000024
BS25 9,51.321322,-2.834085,19,England,E12000009,E06000024
BS26 2,51.280453,-2.850193,293,England,E12000009,E06000066
BS27 3,51.272757,-2.773069,350,England,E12000009,E06000066
BS27 9,62.739803,-2.124531,17,England,E12000009,E06000066
BS28 4,51.227306,-2.815302,244,England,E12000009,E06000066
BS29 6,51.33234,-2.87738,161,England,E12000009,E06000024
BS3 1,51.443085,-2.605832,254,England,E12000009,E06000023
BS3 2,51.436121,-2.621161,239,England,E12000009,E06000023
BS3 3,51.437503,-2.60679,166,England,E12000009,E06000023
BS3 4,51.441067,-2.591336,264,England,E12000009,E06000023
BS3 5,51.43352,-2.594377,203,England,E12000009,E06000023
BS3 9,53.965155,-2.465971,173,England,E12000009,E06000023
BS30 5,51.455939,-2.449966,211,England,E12000009,E06000025
BS30 6,51.433934,-2.471165,162,England,E12000009,E06000025
BS30 7,51.446921,-2.494959,106,England,E12000009,E06000025
BS30 8,51.449927,-2.482454,240,England,E12000009,E06000025
BS30 9,51.44158,-2.486902,192,England,E12000009,E06000025
BS31 1,51.409486,-2.492503,343,England,E12000009,E06000022
BS31 2,51.411848,-2.506069,315,England,E12000009,E06000022
BS31 3,51.402576,-2.462221,130,England,E12000009,E06000022
BS31 9,51.415585,-2.498925,67,England,E12000009,E06000022
BS32 0,51.537543,-2.553236,134,England,E12000009,E06000025
BS32 4,51.548812,-2.568106,346,England,E12000009,E06000025
BS32 8,51.529792,-2.551942,135,England,E12000009,E06000025
BS32 9,51.536507,-2.559164,84,England,E12000009,E06000025
BS34 4,51.520932,-2.581794,20,England,E12000009,E06000025
BS34 5,51.531037,-2.58119,349,England,E12000009,E06000025
BS34 6,51.531079,-2.561073,191,England,E12000009,E06000025
BS34 7,51.511553,-2.570389,219,England,E12000009,E06000025
BS34 8,51.519345,-2.550136,317,England,E12000009,E06000025
BS34 9,56.125058,-2.327152,190,England,E12000009,E06000025
BS35 1,51.617611,-2.52834,271,England,E12000009,E06000025
BS35 2,51.605774,-2.517047,211,England,E12000009,E06000025
BS35 3,51.591867,-2.527019,187,England,E12000009,E06000025
BS35 4,51.572666,-2.621856,203,England,E12000009,E06000025
BS35 5,51.53916,-2.621783,32,England,E12000009,E06000025
BS35 9,51.606295,-2.524467,99,England,E12000009,E06000025
BS36 1,51.523073,-2.50231,231,England,E12000009,E06000025
BS36 2,51.528018,-2.477133,332,England,E12000009,E06000025
BS36 9,64.57992,-1.828154,26,England,E12000009,E06000025
BS37 0,56.535337,-2.17304,97,England,E12000009,E06000025
BS37 4,51.536,-2.420429,230,England,E12000009,E06000025
BS37 5,51.543854,-2.428034,233,England,E12000009,E06000025
BS37 6,51.536433,-2.398302,318,England,E12000009,E06000025
BS37 7,51.555016,-2.419742,276,England,E12000009,E06000025
BS37 8,51.524529,-2.425295,129,England,E12000009,E06000025
BS37 9,51.552872,-2.459448,61,England,E12000009,E06000025
BS38 7,99.999999,0.0,5,England,,
BS39 4,51.366858,-2.547407,164,England,E12000009,E06000022
BS39 5,51.327327,-2.555091,246,England,E12000009,E06000022
BS39 6,51.313719,-2.519012,135,England,E12000009,E06000022
BS39 7,51.305522,-2.501085,187,England,E12000009,E06000022
BS4 1,51.425041,-2.587332,291,England,E12000009,E06000023
BS4 2,51.435096,-2.570271,241,England,E12000009,E06000023
BS4 3,51.441609,-2.560903,225,England,E12000009,E06000023
BS4 4,51.443595,-2.543225,279,England,E12000009,E06000023
BS4 5,51.430683,-2.543786,213,England,E12000009,E06000023
BS4 9,51.445992,-2.583382,174,England,E12000009,E06000023
BS40 5,51.35619,-2.759986,275,England,E12000009,E06000024
BS40 6,51.309596,-2.648993,164,England,E12000009,E06000022
BS40 7,51.329639,-2.719188,132,England,E12000009,E06000024
BS40 8,51.362954,-2.639011,254,England,E12000009,E06000022
BS40 9,51.387614,-2.691417,46,England,E12000009,E06000024
BS41 8,51.401844,-2.631857,58,England,E12000009,E06000024
BS41 9,51.430195,-2.661584,192,England,E12000009,E06000024
BS48 1,51.434889,-2.745012,263,England,E12000009,E06000024
BS48 2,51.431261,-2.761318,233,England,E12000009,E06000024
BS48 3,51.413409,-2.728611,260,England,E12000009,E06000024
BS48 4,51.424856,-2.767665,203,England,E12000009,E06000024
BS48 9,58.262282,-2.370623,64,England,E12000009,E06000024
BS49 4,51.388157,-2.819362,290,England,E12000009,E06000024
BS49 5,51.371333,-2.809472,136,England,E12000009,E06000024
BS5 0,51.46156,-2.569816,287,England,E12000009,E06000023
BS5 5,51.750716,-2.541549,169,England,E12000009,E06000023
BS5 6,51.470094,-2.56,275,England,E12000009,E06000023
BS5 7,51.464743,-2.539082,300,England,E12000009,E06000023
BS5 8,51.455875,-2.534588,270,England,E12000009,E06000023
BS5 9,51.457664,-2.55875,276,England,E12000009,E06000023
BS6 5,51.467556,-2.588596,239,England,E12000009,E06000023
BS6 6,51.467925,-2.606242,299,England,E12000009,E06000023
BS6 7,51.476737,-2.605623,271,England,E12000009,E06000023
BS6 9,52.526859,-2.533319,275,England,E12000009,E06000023
BS7 0,51.496596,-2.57785,289,England,E12000009,E06000023
BS7 8,51.479179,-2.592107,233,England,E12000009,E06000023
BS7 9,51.483366,-2.576222,315,England,E12000009,E06000023
BS77 1,51.438707,-2.601529,10,England,E12000009,E06000023
BS8 1,51.456795,-2.608117,272,England,E12000009,E06000023
BS8 2,51.464946,-2.613266,273,England,E12000009,E06000023
BS8 3,51.456981,-2.641927,260,England,E12000009,E06000023
BS8 4,51.452543,-2.618728,256,England,E12000009,E06000023
BS8 9,52.272723,-2.569623,178,England,E12000009,E06000023
BS80 8,51.503514,-2.613081,19,England,E12000009,E06000025
BS9 0,61.195228,-2.095336,105,England,E12000009,E06000023
BS9 1,51.48131,-2.632173,322,England,E12000009,E06000023
BS9 2,51.49079,-2.641101,250,England,E12000009,E06000023
BS9 3,51.492078,-2.621255,297,England,E12000009,E06000023
BS9 4,51.489183,-2.60805,266,England,E12000009,E06000023
BS98 1,51.459365,-2.584614,17,England,E12000009,E06000023
BS99 1,51.458315,-2.574526,381,England,E12000009,E06000023
BS99 2,51.581008,-2.567679,396,England,E12000009,E06000023
BS99 3,51.458429,-2.57418,398,England,E12000009,E06000023
BS99 5,51.45843,-2.574179,390,England,E12000009,E06000023
BS99 6,51.426507,-2.625307,43,England,E12000009,E06000023
BS99 7,51.586382,-2.568077,379,England,E12000009,E06000023
BT1 1,58.198662,-5.460733,265,Northern Ireland,N99999999,N09000003
BT1 2,55.562847,-5.802657,189,Northern Ireland,N99999999,N09000003
BT1 3,57.406282,-5.5552,178,Northern Ireland,N99999999,N09000003
BT1 4,55.774247,-5.772519,193,Northern Ireland,N99999999,N09000003
BT1 5,55.403161,-5.824833,169,Northern Ireland,N99999999,N09000003
BT1 6,56.626335,-5.66852,179,Northern Ireland,N99999999,N09000003
BT1 9,99.999999,0.0,393,Northern Ireland,N99999999,
BT10 0,55.116264,-5.913416,245,Northern Ireland,N99999999,N09000003
BT10 9,99.999999,0.0,84,Northern Ireland,N99999999,
BT11 8,55.2051,-5.910917,291,Northern Ireland,N99999999,N09000003
BT11 9,54.743052,-5.980592,265,Northern Ireland,N99999999,N09000003
BT12 4,55.065806,-5.883634,194,Northern Ireland,N99999999,N09000003
BT12 5,54.591509,-5.941519,203,Northern Ireland,N99999999,N09000003
BT12 6,55.244006,-5.872297,276,Northern Ireland,N99999999,N09000003
BT12 7,54.595939,-5.973132,274,Northern Ireland,N99999999,N09000003
BT13 1,54.606641,-5.94588,190,Northern Ireland,N99999999,N09000003
BT13 2,55.044167,-5.89187,205,Northern Ireland,N99999999,N09000003
BT13 3,54.864293,-5.936288,354,Northern Ireland,N99999999,N09000003
BT13 9,99.999999,0.0,63,Northern Ireland,N99999999,
BT14 1,99.999999,0.0,1,Northern Ireland,N99999999,
BT14 6,54.93137,-5.907394,290,Northern Ireland,N99999999,N09000003
BT14 7,54.983439,-5.91155,247,Northern Ireland,N99999999,N09000003
BT14 8,54.629183,-5.980959,251,Northern Ireland,N99999999,N09000003
BT15 1,55.000308,-5.875296,116,Northern Ireland,N99999999,N09000003
BT15 2,55.394745,-5.830411,174,Northern Ireland,N99999999,N09000003
BT15 3,54.803925,-5.905133,249,Northern Ireland,N99999999,N09000003
BT15 4,55.232783,-5.85087,152,Northern Ireland,N99999999,N09000003
BT15 5,55.203496,-5.866272,158,Northern Ireland,N99999999,N09000003
BT16 0,54.591114,-5.798562,330,Northern Ireland,N99999999,N09000007
BT16 1,54.789656,-5.769265,229,Northern Ireland,N99999999,N09000007
BT16 2,55.189839,-5.723736,227,Northern Ireland,N99999999,N09000007
BT17 0,54.675935,-6.0119,390,Northern Ireland,N99999999,N09000003
BT17 9,55.113686,-5.931772,239,Northern Ireland,N99999999,N09000007
BT18 0,54.873041,-5.775819,203,Northern Ireland,N99999999,N09000011
BT18 1,99.999999,0.0,1,Northern Ireland,N99999999,
BT18 8,99.999999,0.0,39,Northern Ireland,N99999999,
BT18 9,55.261805,-5.756685,289,Northern Ireland,N99999999,N09000011
BT19 1,54.999125,-5.664665,394,Northern Ireland,N99999999,N09000011
BT19 2,54.650707,-5.635663,387,Northern Ireland,N99999999,N09000011
BT19 6,55.081155,-5.574771,320,Northern Ireland,N99999999,N09000011
BT19 7,55.671964,-5.524245,308,Northern Ireland,N99999999,N09000011
BT2 7,55.694976,-5.789076,206,Northern Ireland,N99999999,N09000003
BT2 8,55.56729,-5.800172,140,Northern Ireland,N99999999,N09000003
BT20 3,54.958045,-5.644657,302,Northern Ireland,N99999999,N09000011
BT20 4,55.574805,-5.544132,296,Northern Ireland,N99999999,N09000011
BT20 5,55.053041,-5.604677,233,Northern Ireland,N99999999,N09000011
BT20 9,94.650308,-0.66736,161,Northern Ireland,N99999999,
BT21 0,54.958438,-5.508984,286,Northern Ireland,N99999999,N09000011
BT22 1,54.437745,-5.491826,289,Northern Ireland,N99999999,N09000011
BT22 2,55.214843,-5.455363,347,Northern Ireland,N99999999,N09000011
BT23 2,99.999999,0.0,3,Northern Ireland,N99999999,
BT23 3,54.598473,-5.677019,377,Northern Ireland,N99999999,N09000011
BT23 4,54.943983,-5.663583,389,Northern Ireland,N99999999,N09000011
BT23 5,55.003039,-5.695727,395,Northern Ireland,N99999999,N09000011
BT23 6,54.494238,-5.741418,295,Northern Ireland,N99999999,N09000011
BT23 7,55.461536,-5.574152,266,Northern Ireland,N99999999,N09000011
BT23 8,54.756786,-5.650473,279,Northern Ireland,N99999999,N09000011
BT23 9,99.999999,0.0,128,Northern Ireland,N99999999,
BT24 7,54.894566,-5.77466,209,Northern Ireland,N99999999,N09000010
BT24 8,54.394336,-5.895621,362,Northern Ireland,N99999999,N09000010
BT25 1,54.412114,-6.155354,320,Northern Ireland,N99999999,N09000002
BT25 2,54.370537,-6.049126,194,Northern Ireland,N99999999,N09000002
BT26 6,54.602705,-6.045412,307,Northern Ireland,N99999999,N09000007
BT27 4,54.983196,-5.973581,297,Northern Ireland,N99999999,N09000007
BT27 5,55.536146,-5.893297,352,Northern Ireland,N99999999,N09000007
BT27 6,56.017821,-5.738009,59,Northern Ireland,N99999999,N09000007
BT28 0,99.999999,0.0,17,Northern Ireland,N99999999,
BT28 1,55.186753,-5.966535,335,Northern Ireland,N99999999,N09000007
BT28 2,54.638592,-6.107414,395,Northern Ireland,N99999999,N09000007
BT28 3,54.879551,-6.021562,393,Northern Ireland,N99999999,N09000007
BT28 9,99.999999,0.0,143,Northern Ireland,N99999999,
BT29 4,54.735014,-6.18197,397,Northern Ireland,N99999999,N09000001
BT3 9,56.433222,-5.669586,175,Northern Ireland,N99999999,N09000003
BT30 0,97.365756,-0.329356,52,Northern Ireland,N99999999,
BT30 6,54.731636,-5.656899,339,Northern Ireland,N99999999,N09000010
BT30 7,54.600293,-5.574499,309,Northern Ireland,N99999999,N09000010
BT30 8,54.474216,-5.76866,256,Northern Ireland,N99999999,N09000010
BT30 9,54.833676,-5.662335,315,Northern Ireland,N99999999,N09000010
BT31 9,54.276222,-5.968136,302,Northern Ireland,N99999999,N09000010
BT32 3,55.420965,-6.123117,381,Northern Ireland,N99999999,N09000002
BT32 4,55.219118,-6.139617,264,Northern Ireland,N99999999,N09000002
BT32 5,54.295506,-6.180365,174,Northern Ireland,N99999999,N09000002
BT32 9,99.999999,0.0,55,Northern Ireland,N99999999,
BT33 0,54.890684,-5.804808,343,Northern Ireland,N99999999,N09000010
BT34 1,54.992303,-6.211113,291,Northern Ireland,N99999999,N09000010
BT34 2,54.627678,-6.232992,302,Northern Ireland,N99999999,N09000010
BT34 3,54.605923,-6.167295,370,Northern Ireland,N99999999,N09000010
BT34 4,54.081578,-5.986834,388,Northern Ireland,N99999999,N09000010
BT34 5,54.225189,-6.128583,318,Northern Ireland,N99999999,N09000010
BT35 0,54.399084,-6.553702,200,Northern Ireland,N99999999,N09000010
BT35 5,99.999999,0.0,111,Northern Ireland,N99999999,
BT35 6,54.821774,-6.279494,303,Northern Ireland,N99999999,N09000010
BT35 7,54.383099,-6.391808,234,Northern Ireland,N99999999,N09000010
BT35 8,54.285205,-6.342189,360,Northern Ireland,N99999999,N09000010
BT35 9,54.097765,-6.529127,288,Northern Ireland,N99999999,N09000010
BT36 4,54.908725,-5.964563,198,Northern Ireland,N99999999,N09000001
BT36 5,54.957793,-5.925911,333,Northern Ireland,N99999999,N09000001
BT36 6,54.810979,-5.924766,352,Northern Ireland,N99999999,N09000001
BT36 7,54.783969,-5.928557,364,Northern Ireland,N99999999,N09000001
BT36 8,54.684163,-5.972293,394,Northern Ireland,N99999999,N09000001
BT36 9,96.886747,-0.404301,131,Northern Ireland,N99999999,
BT37 0,54.684904,-5.903308,393,Northern Ireland,N99999999,N09000001
BT37 9,55.294084,-5.833601,288,Northern Ireland,N99999999,N09000001
BT38 0,99.999999,0.0,78,Northern Ireland,N99999999,
BT38 7,55.136788,-5.743186,331,Northern Ireland,N99999999,N09000008
BT38 8,54.712822,-5.838041,394,Northern Ireland,N99999999,N09000008
BT38 9,54.75327,-5.756525,293,Northern Ireland,N99999999,N09000008
BT39 0,54.725445,-6.066244,257,Northern Ireland,N99999999,N09000001
BT39 1,99.999999,0.0,22,Northern Ireland,N99999999,
BT39 8,99.999999,0.0,17,Northern Ireland,N99999999,
BT39 9,54.87182,-5.972894,396,Northern Ireland,N99999999,N09000001
BT4 1,55.207522,-5.809725,300,Northern Ireland,N99999999,N09000003
BT4 2,54.607873,-5.859284,278,Northern Ireland,N99999999,N09000003
BT4 3,55.729053,-5.709908,281,Northern Ireland,N99999999,N09000003
BT4 9,99.999999,0.0,103,Northern Ireland,N99999999,
BT40 1,55.151102,-5.778982,306,Northern Ireland,N99999999,N09000008
BT40 2,54.859618,-5.852607,313,Northern Ireland,N99999999,N09000008
BT40 3,55.0063,-5.767497,240,Northern Ireland,N99999999,N09000008
BT40 9,99.999999,0.0,57,Northern Ireland,N99999999,
BT41 1,55.076214,-6.147823,250,Northern Ireland,N99999999,N09000001
BT41 2,55.17083,-6.154588,312,Northern Ireland,N99999999,N09000001
BT41 3,54.910747,-6.362995,298,Northern Ireland,N99999999,N09000001
BT41 4,54.711835,-6.210913,268,Northern Ireland,N99999999,N09000001
BT41 9,60.104342,-5.47143,101,Northern Ireland,N99999999,N09000001
BT42 1,55.518156,-6.25391,279,Northern Ireland,N99999999,N09000008
BT42 2,54.84513,-6.31494,242,Northern Ireland,N99999999,N09000008
BT42 3,55.940786,-6.059664,202,Northern Ireland,N99999999,N09000008
BT42 4,54.874409,-6.20267,207,Northern Ireland,N99999999,N09000008
BT42 9,99.999999,0.0,118,Northern Ireland,N99999999,
BT43 5,55.301462,-6.236101,211,Northern Ireland,N99999999,N09000008
BT43 6,55.0432,-6.244599,313,Northern Ireland,N99999999,N09000008
BT43 7,55.585085,-6.14243,195,Northern Ireland,N99999999,N09000008
BT44 0,55.209546,-5.998884,247,Northern Ireland,N99999999,N09000008
BT44 8,54.89943,-6.480817,254,Northern Ireland,N99999999,N09000008
BT44 9,54.99538,-6.345144,237,Northern Ireland,N99999999,N09000004
BT45 5,55.290193,-6.573146,261,Northern Ireland,N99999999,N09000009
BT45 6,55.125655,-6.532803,236,Northern Ireland,N99999999,N09000009
BT45 7,54.736438,-6.720078,345,Northern Ireland,N99999999,N09000009
BT45 8,54.797949,-6.559916,245,Northern Ireland,N99999999,N09000009
BT45 9,99.999999,0.0,54,Northern Ireland,N99999999,
BT46 5,55.137195,-6.622949,332,Northern Ireland,N99999999,N09000009
BT47 1,55.001653,-7.289541,358,Northern Ireland,N99999999,N09000005
BT47 2,55.744396,-7.20286,292,Northern Ireland,N99999999,N09000005
BT47 3,55.452662,-7.132408,390,Northern Ireland,N99999999,N09000005
BT47 4,54.914479,-7.015108,305,Northern Ireland,N99999999,N09000004
BT47 5,55.348786,-7.229253,127,Northern Ireland,N99999999,N09000005
BT47 6,55.902633,-7.144023,351,Northern Ireland,N99999999,N09000005
BT48 0,55.821893,-7.209185,278,Northern Ireland,N99999999,N09000005
BT48 4,66.103798,-5.515058,150,Northern Ireland,N99999999,N09000005
BT48 6,55.497519,-7.242046,268,Northern Ireland,N99999999,N09000005
BT48 7,55.776836,-7.195523,293,Northern Ireland,N99999999,N09000005
BT48 8,55.310542,-7.269478,323,Northern Ireland,N99999999,N09000005
BT48 9,54.992828,-7.344283,237,Northern Ireland,N99999999,N09000005
BT49 0,55.339132,-6.88199,314,Northern Ireland,N99999999,N09000004
BT49 4,57.77565,-6.52792,33,Northern Ireland,N99999999,N09000004
BT49 9,55.240632,-6.95741,223,Northern Ireland,N99999999,N09000004
BT5 4,55.07439,-5.841937,285,Northern Ireland,N99999999,N09000003
BT5 5,54.592555,-5.888499,225,Northern Ireland,N99999999,N09000003
BT5 6,55.403522,-5.763285,278,Northern Ireland,N99999999,N09000003
BT5 7,55.100208,-5.777065,350,Northern Ireland,N99999999,N09000003
BT5 9,99.999999,0.0,128,Northern Ireland,N99999999,
BT51 3,55.123259,-6.680806,292,Northern Ireland,N99999999,N09000004
BT51 4,55.10188,-6.730893,288,Northern Ireland,N99999999,N09000004
BT51 5,54.964308,-6.639148,309,Northern Ireland,N99999999,N09000004
BT52 1,55.779592,-6.564157,344,Northern Ireland,N99999999,N09000004
BT52 2,56.383689,-6.464122,217,Northern Ireland,N99999999,N09000004
BT52 9,99.999999,0.0,71,Northern Ireland,N99999999,
BT53 6,55.407332,-6.475137,275,Northern Ireland,N99999999,N09000004
BT53 7,55.413438,-6.46364,248,Northern Ireland,N99999999,N09000004
BT53 8,55.119193,-6.397535,286,Northern Ireland,N99999999,N09000004
BT53 9,60.517843,-5.727735,33,Northern Ireland,N99999999,N09000004
BT54 6,55.204872,-6.256395,290,Northern Ireland,N99999999,N09000004
BT55 7,55.314117,-6.689455,333,Northern Ireland,N99999999,N09000004
BT56 8,55.856251,-6.552725,272,Northern Ireland,N99999999,N09000004
BT57 8,55.435493,-6.485236,193,Northern Ireland,N99999999,N09000004
BT58 1,99.999999,0.0,9,Northern Ireland,N99999999,
BT58 2,99.999999,0.0,5,Northern Ireland,N99999999,
BT6 0,55.749869,-5.750226,193,Northern Ireland,N99999999,N09000003
BT6 8,55.134079,-5.836362,250,Northern Ireland,N99999999,N09000003
BT6 9,55.335857,-5.789774,300,Northern Ireland,N99999999,N09000003
BT60 1,54.325422,-6.581084,259,Northern Ireland,N99999999,N09000002
BT60 2,54.414453,-6.549976,302,Northern Ireland,N99999999,N09000002
BT60 3,54.437631,-6.690335,256,Northern Ireland,N99999999,N09000002
BT60 4,54.331804,-6.745968,228,Northern Ireland,N99999999,N09000002
BT61 0,92.696025,-1.064152,75,Northern Ireland,N99999999,
BT61 7,54.351917,-6.654717,188,Northern Ireland,N99999999,N09000002
BT61 8,54.388226,-6.628738,191,Northern Ireland,N99999999,N09000002
BT61 9,54.598759,-6.559517,192,Northern Ireland,N99999999,N09000002
BT62 1,54.600416,-6.475951,302,Northern Ireland,N99999999,N09000002
BT62 2,54.60005,-6.392843,185,Northern Ireland,N99999999,N09000002
BT62 3,54.860513,-6.386656,304,Northern Ireland,N99999999,N09000002
BT62 4,55.900361,-6.265189,123,Northern Ireland,N99999999,N09000002
BT63 5,54.893502,-6.345169,392,Northern Ireland,N99999999,N09000002
BT63 6,54.362293,-6.349699,170,Northern Ireland,N99999999,N09000002
BT64 1,55.968802,-6.18042,30,Northern Ireland,N99999999,N09000002
BT64 2,58.998998,-5.750388,10,Northern Ireland,N99999999,N09000002
BT64 3,54.446438,-6.397105,12,Northern Ireland,N99999999,N09000002
BT64 9,58.342818,-5.840655,117,Northern Ireland,N99999999,N09000002
BT65 1,99.999999,0.0,1,Northern Ireland,N99999999,
BT65 4,54.445419,-6.376468,26,Northern Ireland,N99999999,N09000002
BT65 5,54.812128,-6.312636,124,Northern Ireland,N99999999,N09000002
BT65 9,99.999999,0.0,52,Northern Ireland,N99999999,
BT66 6,55.477844,-6.23066,272,Northern Ireland,N99999999,N09000002
BT66 7,54.568802,-6.282858,361,Northern Ireland,N99999999,N09000002
BT66 8,54.616894,-6.317107,280,Northern Ireland,N99999999,N09000002
BT67 0,54.869874,-6.187301,362,Northern Ireland,N99999999,N09000007
BT67 9,54.709537,-6.293285,194,Northern Ireland,N99999999,N09000002
BT68 4,54.364185,-6.847978,53,Northern Ireland,N99999999,N09000009
BT69 6,54.420062,-6.950034,102,Northern Ireland,N99999999,N09000009
BT7 1,55.623136,-5.794098,307,Northern Ireland,N99999999,N09000003
BT7 2,54.93137,-5.875875,132,Northern Ireland,N99999999,N09000003
BT7 3,55.262099,-5.8314,198,Northern Ireland,N99999999,N09000003
BT70 1,54.491288,-6.806849,290,Northern Ireland,N99999999,N09000009
BT70 2,54.523458,-6.989851,255,Northern Ireland,N99999999,N09000009
BT70 3,54.539437,-6.84639,187,Northern Ireland,N99999999,N09000009
BT70 9,99.999999,0.0,75,Northern Ireland,N99999999,
BT71 4,54.540679,-6.71236,300,Northern Ireland,N99999999,N09000009
BT71 5,54.797306,-6.601591,211,Northern Ireland,N99999999,N09000009
BT71 6,54.497786,-6.717904,377,Northern Ireland,N99999999,N09000009
BT71 7,54.607705,-6.713775,295,Northern Ireland,N99999999,N09000009
BT74 0,95.682342,-0.71835,74,Northern Ireland,N99999999,
BT74 4,54.754891,-7.529144,223,Northern Ireland,N99999999,N09000006
BT74 5,54.630696,-7.668383,161,Northern Ireland,N99999999,N09000006
BT74 6,54.347916,-7.6284,191,Northern Ireland,N99999999,N09000006
BT74 7,54.857041,-7.560292,178,Northern Ireland,N99999999,N09000006
BT74 8,54.373353,-7.762097,81,Northern Ireland,N99999999,N09000006
BT74 9,54.803164,-7.668164,92,Northern Ireland,N99999999,N09000006
BT75 0,54.373766,-7.315832,157,Northern Ireland,N99999999,N09000009
BT76 0,54.42045,-7.192531,79,Northern Ireland,N99999999,N09000009
BT77 0,54.429086,-7.120442,56,Northern Ireland,N99999999,N09000009
BT78 1,55.062442,-7.223092,281,Northern Ireland,N99999999,N09000006
BT78 2,54.695892,-7.268194,227,Northern Ireland,N99999999,N09000006
BT78 3,54.66175,-7.455351,268,Northern Ireland,N99999999,N09000006
BT78 4,54.678494,-7.425455,267,Northern Ireland,N99999999,N09000005
BT78 5,54.790629,-7.310008,249,Northern Ireland,N99999999,N09000006
BT78 9,96.757996,-0.521231,56,Northern Ireland,N99999999,
BT79 0,54.574806,-7.225247,335,Northern Ireland,N99999999,N09000006
BT79 7,54.747237,-7.242996,383,Northern Ireland,N99999999,N09000006
BT79 8,54.746442,-7.167075,156,Northern Ireland,N99999999,N09000005
BT79 9,54.589047,-7.078739,181,Northern Ireland,N99999999,N09000006
BT8 4,54.553385,-5.912093,374,Northern Ireland,N99999999,N09000007
BT8 6,54.727698,-5.878641,261,Northern Ireland,N99999999,N09000007
BT8 7,55.41315,-5.808694,211,Northern Ireland,N99999999,N09000007
BT8 8,54.979462,-5.840102,298,Northern Ireland,N99999999,N09000007
BT80 0,55.047335,-6.513491,114,Northern Ireland,N99999999,N09000009
BT80 1,99.999999,0.0,31,Northern Ireland,N99999999,
BT80 8,54.89329,-6.703577,358,Northern Ireland,N99999999,N09000009
BT80 9,54.815575,-6.791922,277,Northern Ireland,N99999999,N09000009
BT81 7,54.696075,-7.611921,319,Northern Ireland,N99999999,N09000005
BT82 0,55.053071,-7.320216,243,Northern Ireland,N99999999,N09000005
BT82 1,57.949907,-6.943774,29,Northern Ireland,N99999999,N09000005
BT82 8,55.62157,-7.316666,225,Northern Ireland,N99999999,N09000005
BT82 9,54.798422,-7.481646,303,Northern Ireland,N99999999,N09000005
BT9 5,55.880146,-5.77168,277,Northern Ireland,N99999999,N09000003
BT9 6,56.010587,-5.764421,379,Northern Ireland,N99999999,N09000003
BT9 7,55.486594,-5.835222,200,Northern Ireland,N99999999,N09000003
BT92 0,54.247208,-7.453327,232,Northern Ireland,N99999999,N09000006
BT92 1,54.266526,-7.761632,108,Northern Ireland,N99999999,N09000006
BT92 2,54.301269,-7.660358,80,Northern Ireland,N99999999,N09000006
BT92 3,54.252758,-7.667284,90,Northern Ireland,N99999999,N09000006
BT92 4,54.216925,-7.65314,117,Northern Ireland,N99999999,N09000006
BT92 5,54.241226,-7.385545,99,Northern Ireland,N99999999,N09000006
BT92 6,54.191417,-7.303179,185,Northern Ireland,N99999999,N09000006
BT92 7,54.247352,-7.222753,209,Northern Ireland,N99999999,N09000006
BT92 8,54.449521,-7.336046,166,Northern Ireland,N99999999,N09000006
BT92 9,54.180289,-7.547441,233,Northern Ireland,N99999999,N09000006
BT93 0,54.536777,-7.623202,116,Northern Ireland,N99999999,N09000006
BT93 1,54.538116,-7.695415,279,Northern Ireland,N99999999,N09000006
BT93 2,55.219666,-7.821821,64,Northern Ireland,N99999999,N09000006
BT93 3,55.115053,-7.944535,142,Northern Ireland,N99999999,N09000006
BT93 4,54.410221,-8.060734,81,Northern Ireland,N99999999,N09000006
BT93 5,54.317762,-7.898512,111,Northern Ireland,N99999999,N09000006
BT93 6,54.416605,-7.834874,159,Northern Ireland,N99999999,N09000006
BT93 7,54.908847,-7.656849,91,Northern Ireland,N99999999,N09000006
BT93 8,54.541305,-7.810923,50,Northern Ireland,N99999999,N09000006
BT94 1,54.47237,-7.653573,243,Northern Ireland,N99999999,N09000006
BT94 2,54.673872,-7.561862,178,Northern Ireland,N99999999,N09000006
BT94 3,54.379052,-7.467469,163,Northern Ireland,N99999999,N09000006
BT94 4,54.476686,-7.402099,274,Northern Ireland,N99999999,N09000006
BT94 5,54.308121,-7.538298,186,Northern Ireland,N99999999,N09000006
BT99 1,90.920542,-1.184499,5,Northern Ireland,N99999999,
CA1 1,54.892705,-2.929489,233,England,E12000002,E06000063
CA1 2,54.888836,-2.91488,331,England,E12000002,E06000063
CA1 3,54.877893,-2.89909,285,England,E12000002,E06000063
CA1 9,54.891716,-2.942543,185,England,E12000002,E06000063
CA10 1,54.699661,-2.633887,286,England,E12000002,E06000064
CA10 2,54.618479,-2.739724,220,England,E12000002,E06000064
CA10 3,54.522167,-2.63131,266,England,E12000002,E06000064
CA11 0,54.635081,-2.868449,297,England,E12000002,E06000064
CA11 1,54.663815,-2.752089,104,England,E12000002,E06000064
CA11 7,54.664951,-2.753081,348,England,E12000002,E06000064
CA11 8,54.665311,-2.740949,343,England,E12000002,E06000064
CA11 9,54.695924,-2.784997,286,England,E12000002,E06000064
CA12 4,54.608834,-3.120165,263,England,E12000002,E06000063
CA12 5,54.596313,-3.148531,281,England,E12000002,E06000063
CA12 9,56.872653,-2.970026,20,England,E12000002,E06000063
CA13 0,54.662831,-3.389847,376,England,E12000002,E06000063
CA13 3,59.196503,-3.029946,30,England,E12000002,E06000063
CA13 9,54.658178,-3.343474,346,England,E12000002,E06000063
CA14 1,54.655731,-3.516453,344,England,E12000002,E06000063
CA14 2,54.642928,-3.554551,305,England,E12000002,E06000063
CA14 3,54.635757,-3.551569,325,England,E12000002,E06000063
CA14 4,54.617612,-3.51832,279,England,E12000002,E06000063
CA14 5,54.613916,-3.555474,262,England,E12000002,E06000063
CA14 9,54.645727,-3.555096,88,England,E12000002,E06000063
CA15 6,54.7295,-3.471957,219,England,E12000002,E06000063
CA15 7,54.70689,-3.471343,229,England,E12000002,E06000063
CA15 8,54.69908,-3.503332,209,England,E12000002,E06000063
CA15 9,54.705253,-3.50318,10,England,E12000002,E06000063
CA16 6,54.573886,-2.485056,303,England,E12000002,E06000064
CA17 4,54.479518,-2.350394,260,England,E12000002,E06000064
CA18 1,54.354642,-3.390416,28,England,E12000002,E06000063
CA19 1,54.387179,-3.386771,71,England,E12000002,E06000063
CA2 4,54.874715,-2.927675,270,England,E12000002,E06000063
CA2 5,54.88918,-2.944258,319,England,E12000002,E06000063
CA2 6,54.880973,-2.963392,261,England,E12000002,E06000063
CA2 7,54.892232,-2.967491,301,England,E12000002,E06000063
CA2 8,54.893336,-2.93544,1,England,E12000002,E06000063
CA20 1,54.410105,-3.46303,227,England,E12000002,E06000063
CA21 2,54.445329,-3.516535,40,England,E12000002,E06000063
CA22 2,54.480351,-3.532531,306,England,E12000002,E06000063
CA22 9,54.477667,-3.526167,16,England,E12000002,E06000063
CA23 3,54.513833,-3.495091,79,England,E12000002,E06000063
CA24 3,54.514664,-3.543245,45,England,E12000002,E06000063
CA25 5,54.522154,-3.519716,254,England,E12000002,E06000063
CA26 3,54.544412,-3.485533,128,England,E12000002,E06000063
CA27 0,54.490962,-3.592902,66,England,E12000002,E06000063
CA28 0,54.545115,-3.589874,86,England,E12000002,E06000063
CA28 6,54.55703,-3.57509,276,England,E12000002,E06000063
CA28 7,54.546896,-3.586226,287,England,E12000002,E06000063
CA28 8,54.537681,-3.565433,292,England,E12000002,E06000063
CA28 9,54.531077,-3.590425,259,England,E12000002,E06000063
CA3 0,54.917708,-2.940409,239,England,E12000002,E06000063
CA3 8,54.89445,-2.936864,263,England,E12000002,E06000063
CA3 9,54.907428,-2.942379,293,England,E12000002,E06000063
CA4 0,54.818037,-2.861936,195,England,E12000002,E06000064
CA4 8,54.888485,-2.847269,250,England,E12000002,E06000063
CA4 9,54.855715,-2.757139,223,England,E12000002,E06000063
CA5 1,54.75139,-3.212261,107,England,E12000002,E06000063
CA5 2,54.745572,-3.342965,159,England,E12000002,E06000063
CA5 3,54.771925,-3.312853,204,England,E12000002,E06000063
CA5 4,54.858719,-3.360261,206,England,E12000002,E06000063
CA5 5,54.911245,-3.204661,93,England,E12000002,E06000063
CA5 6,54.884585,-3.048921,206,England,E12000002,E06000063
CA5 7,54.824034,-2.982092,178,England,E12000002,E06000063
CA6 4,54.939117,-2.918329,235,England,E12000002,E06000063
CA6 5,55.015058,-2.991957,312,England,E12000002,E06000063
CA6 6,55.021103,-2.818506,149,England,E12000002,E06000063
CA6 7,54.962357,-2.547593,129,England,E12000001,E06000057
CA7 0,54.839508,-3.162974,127,England,E12000002,E06000063
CA7 1,54.75632,-3.210511,116,England,E12000002,E06000063
CA7 2,54.745427,-3.340766,159,England,E12000002,E06000063
CA7 3,54.772344,-3.311159,205,England,E12000002,E06000063
CA7 4,54.858215,-3.35509,221,England,E12000002,E06000063
CA7 5,54.909172,-3.204847,95,England,E12000002,E06000063
CA7 7,54.845408,-3.100803,18,England,E12000002,E06000063
CA7 8,54.775914,-3.089095,163,England,E12000002,E06000063
CA7 9,54.824045,-3.160857,238,England,E12000002,E06000063
CA8 0,70.711574,-1.774201,20,England,E12000002,E06000063
CA8 1,54.938729,-2.727613,251,England,E12000002,E06000063
CA8 2,54.961527,-2.678279,164,England,E12000002,E06000063
CA8 7,54.963232,-2.552642,133,England,E12000001,E06000057
CA8 9,54.891099,-2.760283,136,England,E12000002,E06000063
CA9 3,54.801343,-2.417054,205,England,E12000002,E06000064
CA95 1,54.644849,-3.566405,6,England,E12000002,E06000063
CA99 1,54.890808,-2.943827,6,England,E12000002,E06000063
CB1 0,52.195935,0.115577,398,England,E12000006,E07000008
CB1 1,52.20588,0.131603,214,England,E12000006,E07000008
CB1 2,52.202265,0.136725,331,England,E12000006,E07000008
CB1 3,52.199339,0.151179,390,England,E12000006,E07000008
CB1 4,52.185894,0.158382,396,England,E12000006,E07000008
CB1 5,52.185572,0.229238,207,England,E12000006,E07000012
CB1 6,52.116031,0.278475,344,England,E12000006,E07000012
CB1 7,52.190183,0.143004,171,England,E12000006,E07000008
CB1 8,52.18458,0.156694,126,England,E12000006,E07000008
CB1 9,52.192413,0.1743,211,England,E12000006,E07000008
CB10 1,52.04244,0.222939,322,England,E12000006,E07000077
CB10 2,52.020109,0.292116,386,England,E12000006,E07000077
CB10 4,51.97482,0.156224,1,England,E12000006,E07000077
CB10 9,52.022509,0.239164,147,England,E12000006,E07000077
CB11 3,51.995352,0.232146,387,England,E12000006,E07000077
CB11 4,52.008444,0.193125,340,England,E12000006,E07000077
CB2 0,52.175294,0.140623,70,England,E12000006,E07000008
CB2 1,52.200589,0.126718,312,England,E12000006,E07000008
CB2 2,52.184574,0.128109,321,England,E12000006,E07000008
CB2 3,52.206802,0.122167,214,England,E12000006,E07000008
CB2 4,52.126759,0.163634,343,England,E12000006,E07000012
CB2 5,52.156066,0.117621,333,England,E12000006,E07000012
CB2 6,52.119699,0.064078,37,England,E12000006,E07000012
CB2 7,52.191683,0.120341,17,England,E12000006,E07000008
CB2 8,52.187188,0.129876,118,England,E12000006,E07000008
CB2 9,52.171192,0.114606,205,England,E12000006,E07000008
CB21 4,52.104235,0.311975,288,England,E12000006,E07000012
CB21 5,52.177924,0.242707,180,England,E12000006,E07000012
CB21 6,52.118067,0.232395,66,England,E12000006,E07000012
CB22 3,52.132858,0.172399,220,England,E12000006,E07000012
CB22 4,52.107684,0.147614,147,England,E12000006,E07000012
CB22 5,52.151815,0.135043,222,England,E12000006,E07000012
CB22 6,52.114723,0.059719,36,England,E12000006,E07000012
CB22 7,52.14072,0.075679,108,England,E12000006,E07000012
CB23 1,52.15624,0.042974,87,England,E12000006,E07000012
CB23 2,52.188117,-0.044329,85,England,E12000006,E07000012
CB23 3,52.244305,-0.112113,141,England,E12000006,E07000012
CB23 4,52.252875,-0.050539,72,England,E12000006,E07000012
CB23 5,52.214519,-0.054789,72,England,E12000006,E07000012
CB23 6,52.220031,-0.061066,202,England,E12000006,E07000012
CB23 7,52.204726,0.028938,242,England,E12000006,E07000012
CB23 8,52.244946,0.026829,129,England,E12000006,E07000012
CB24 1,52.285803,0.057169,85,England,E12000006,E07000012
CB24 3,52.268001,0.060963,114,England,E12000006,E07000012
CB24 4,52.292502,-0.009217,101,England,E12000006,E07000012
CB24 5,52.310138,0.046063,179,England,E12000006,E07000012
CB24 6,52.237632,0.158019,100,England,E12000006,E07000012
CB24 8,52.287073,0.123372,180,England,E12000006,E07000012
CB24 9,52.250309,0.108298,214,England,E12000006,E07000012
CB25 0,52.265766,0.305263,222,England,E12000006,E07000009
CB25 9,52.25213,0.205888,313,England,E12000006,E07000012
CB3 0,52.220787,0.10078,339,England,E12000006,E07000008
CB3 1,52.219742,0.08694,43,England,E12000006,E07000008
CB3 6,52.217163,-0.054871,167,England,E12000006,E07000012
CB3 7,52.189764,0.028343,386,England,E12000006,E07000012
CB3 8,52.243453,-0.028029,356,England,E12000006,E07000012
CB3 9,52.197624,0.110462,218,England,E12000006,E07000008
CB4 0,52.229356,0.146823,103,England,E12000006,E07000012
CB4 1,52.217906,0.140039,396,England,E12000006,E07000008
CB4 2,52.227046,0.129442,393,England,E12000006,E07000008
CB4 3,52.218345,0.118645,344,England,E12000006,E07000008
CB4 4,52.25659,0.126803,395,England,E12000006,E07000012
CB4 5,52.283818,0.047304,375,England,E12000006,E07000012
CB4 6,52.237557,0.157744,128,England,E12000006,E07000012
CB4 8,52.278753,0.129654,190,England,E12000006,E07000012
CB4 9,52.248095,0.110878,200,England,E12000006,E07000012
CB5 0,52.258493,0.285004,207,England,E12000006,E07000009
CB5 8,52.211687,0.154421,391,England,E12000006,E07000008
CB5 9,52.247141,0.202553,270,England,E12000006,E07000012
CB6 1,52.442854,0.288673,323,England,E12000006,E07000009
CB6 2,52.40716,0.187669,372,England,E12000006,E07000009
CB6 3,52.370208,0.209731,380,England,E12000006,E07000009
CB7 4,52.403283,0.276864,381,England,E12000006,E07000009
CB7 5,52.333066,0.357898,395,England,E12000006,E07000009
CB7 6,52.326858,0.346402,40,England,E12000006,E07000009
CB7 7,52.341386,0.397492,14,England,E12000006,E07000009
CB7 9,52.369966,0.299588,236,England,E12000006,E07000009
CB8 0,52.234539,0.384202,345,England,E12000006,E07000245
CB8 1,52.523767,0.401932,170,England,E12000006,E07000245
CB8 7,52.263769,0.410431,360,England,E12000006,E07000245
CB8 8,52.228024,0.458111,389,England,E12000006,E07000245
CB8 9,52.203264,0.437255,339,England,E12000006,E07000009
CB9 0,52.083556,0.4476,173,England,E12000006,E07000245
CB9 1,56.310929,0.400236,34,England,E12000006,E07000245
CB9 7,52.084122,0.445619,388,England,E12000006,E07000245
CB9 8,52.079154,0.43589,216,England,E12000006,E07000245
CB9 9,52.085964,0.427353,228,England,E12000006,E07000245
CF1 1,51.479637,-3.181306,260,Wales,W99999999,W06000015
CF1 2,51.479473,-3.1777,190,Wales,W99999999,W06000015
CF1 3,51.485758,-3.178798,259,Wales,W99999999,W06000015
CF1 4,51.481264,-3.175829,237,Wales,W99999999,W06000015
CF1 5,51.471343,-3.164846,299,Wales,W99999999,W06000015
CF1 6,51.465322,-3.17282,198,Wales,W99999999,W06000015
CF1 7,51.467287,-3.187405,339,Wales,W99999999,W06000015
CF1 8,51.475468,-3.198167,243,Wales,W99999999,W06000015
CF1 9,51.483935,-3.197719,278,Wales,W99999999,W06000015
CF10 1,51.476183,-3.182048,239,Wales,W99999999,W06000015
CF10 2,51.478192,-3.177085,182,Wales,W99999999,W06000015
CF10 3,51.479184,-3.183417,246,Wales,W99999999,W06000015
CF10 4,51.469896,-3.168065,231,Wales,W99999999,W06000015
CF10 5,51.467593,-3.17567,313,Wales,W99999999,W06000015
CF11 0,51.453878,-3.185307,74,Wales,W99999999,W06000015
CF11 1,51.962584,-3.158578,391,Wales,W99999999,W06000015
CF11 5,99.999999,0.0,1,Wales,W99999999,
CF11 6,51.474715,-3.190361,272,Wales,W99999999,W06000015
CF11 7,51.464625,-3.184371,196,Wales,W99999999,W06000015
CF11 8,51.470712,-3.20305,234,Wales,W99999999,W06000015
CF11 9,51.481555,-3.196761,309,Wales,W99999999,W06000015
CF14 0,51.535327,-3.17694,205,Wales,W99999999,W06000015
CF14 1,51.512783,-3.211602,275,Wales,W99999999,W06000015
CF14 2,51.508349,-3.220807,263,Wales,W99999999,W06000015
CF14 3,51.505565,-3.192466,215,Wales,W99999999,W06000015
CF14 4,51.51583,-3.195573,238,Wales,W99999999,W06000015
CF14 5,51.527386,-3.192811,269,Wales,W99999999,W06000015
CF14 6,51.525801,-3.211006,252,Wales,W99999999,W06000015
CF14 7,51.522107,-3.227381,151,Wales,W99999999,W06000015
CF14 8,52.151737,-3.152804,231,Wales,W99999999,W06000015
CF14 9,51.536804,-3.195068,168,Wales,W99999999,W06000015
CF15 5,52.238257,-3.213891,69,Wales,W99999999,W06000015
CF15 7,51.546151,-3.262236,214,Wales,W99999999,W06000016
CF15 8,51.519642,-3.259271,194,Wales,W99999999,W06000015
CF15 9,51.532153,-3.296235,183,Wales,W99999999,W06000015
CF2 1,51.485426,-3.160353,336,Wales,W99999999,W06000015
CF2 2,51.482545,-3.148287,275,Wales,W99999999,W06000015
CF2 3,51.490183,-3.167586,288,Wales,W99999999,W06000015
CF2 4,51.493996,-3.177696,291,Wales,W99999999,W06000015
CF2 5,51.500862,-3.166539,217,Wales,W99999999,W06000015
CF2 6,51.517752,-3.16727,259,Wales,W99999999,W06000015
CF2 7,51.523605,-3.147108,233,Wales,W99999999,W06000015
CF21 3,99.999999,0.0,1,Wales,W99999999,
CF23 0,52.043892,-3.082542,179,Wales,W99999999,W06000015
CF23 5,51.504221,-3.154902,263,Wales,W99999999,W06000015
CF23 6,51.517814,-3.160709,256,Wales,W99999999,W06000015
CF23 7,51.523751,-3.141772,120,Wales,W99999999,W06000015
CF23 8,51.530816,-3.131648,202,Wales,W99999999,W06000015
CF23 9,51.506591,-3.146867,250,Wales,W99999999,W06000015
CF24 0,51.478086,-3.172993,223,Wales,W99999999,W06000015
CF24 1,51.486237,-3.158011,160,Wales,W99999999,W06000015
CF24 2,51.483568,-3.150945,293,Wales,W99999999,W06000015
CF24 3,51.486213,-3.170889,336,Wales,W99999999,W06000015
CF24 4,51.491805,-3.178849,325,Wales,W99999999,W06000015
CF24 5,51.47594,-3.156788,127,Wales,W99999999,W06000015
CF3 0,51.523321,-3.098843,270,Wales,W99999999,W06000015
CF3 1,51.51604,-3.110708,104,Wales,W99999999,W06000015
CF3 2,51.524954,-3.088183,125,Wales,W99999999,W06000022
CF3 3,51.508547,-3.124614,169,Wales,W99999999,W06000015
CF3 4,51.513866,-3.130053,133,Wales,W99999999,W06000015
CF3 5,51.524736,-3.119048,213,Wales,W99999999,W06000015
CF3 6,51.539091,-3.116029,68,Wales,W99999999,W06000015
CF3 7,51.504932,-3.152381,236,Wales,W99999999,W06000015
CF3 8,51.513726,-3.113365,319,Wales,W99999999,W06000015
CF3 9,51.523898,-3.122364,336,Wales,W99999999,W06000015
CF30 0,52.029955,-3.086736,95,Wales,W99999999,W06000015
CF31 1,51.513199,-3.576376,290,Wales,W99999999,W06000013
CF31 2,51.509889,-3.558173,234,Wales,W99999999,W06000013
CF31 3,51.499709,-3.564432,284,Wales,W99999999,W06000013
CF31 4,51.512721,-3.592528,322,Wales,W99999999,W06000013
CF31 5,51.501772,-3.598719,106,Wales,W99999999,W06000013
CF31 9,51.505024,-3.571941,329,Wales,W99999999,W06000013
CF32 0,51.502347,-3.617562,196,Wales,W99999999,W06000013
CF32 7,51.604369,-3.542051,171,Wales,W99999999,W06000013
CF32 8,51.590921,-3.583726,225,Wales,W99999999,W06000013
CF32 9,51.54251,-3.583262,316,Wales,W99999999,W06000013
CF33 4,51.518974,-3.697527,173,Wales,W99999999,W06000013
CF33 6,51.529594,-3.677431,184,Wales,W99999999,W06000013
CF34 0,51.619883,-3.651685,245,Wales,W99999999,W06000013
CF34 4,55.065772,-3.396237,14,Wales,W99999999,W06000013
CF34 9,51.601504,-3.653395,238,Wales,W99999999,W06000013
CF35 5,51.505304,-3.525514,205,Wales,W99999999,W06000013
CF35 6,51.530713,-3.529487,350,Wales,W99999999,W06000013
CF36 3,51.484787,-3.708449,283,Wales,W99999999,W06000013
CF36 5,51.484239,-3.686499,213,Wales,W99999999,W06000013
CF36 9,52.192523,-3.651496,68,Wales,W99999999,W06000013
CF37 1,51.595466,-3.340178,276,Wales,W99999999,W06000016
CF37 2,51.605947,-3.352529,200,Wales,W99999999,W06000016
CF37 3,51.630566,-3.349585,154,Wales,W99999999,W06000016
CF37 4,51.608722,-3.329774,234,Wales,W99999999,W06000016
CF37 5,51.581394,-3.303967,254,Wales,W99999999,W06000016
CF37 9,54.917893,-3.119041,102,Wales,W99999999,W06000016
CF38 1,51.566706,-3.319024,245,Wales,W99999999,W06000016
CF38 2,51.555934,-3.346092,282,Wales,W99999999,W06000016
CF39 0,51.623918,-3.414864,129,Wales,W99999999,W06000016
CF39 8,51.584903,-3.443494,304,Wales,W99999999,W06000016
CF39 9,51.610042,-3.41208,234,Wales,W99999999,W06000016
CF4 1,51.511473,-3.213197,259,Wales,W99999999,W06000015
CF4 2,51.50574,-3.223569,238,Wales,W99999999,W06000015
CF4 3,51.501788,-3.192298,219,Wales,W99999999,W06000015
CF4 4,51.513936,-3.196846,216,Wales,W99999999,W06000015
CF4 5,51.53195,-3.187174,386,Wales,W99999999,W06000015
CF4 6,51.525466,-3.214988,260,Wales,W99999999,W06000015
CF4 7,51.535916,-3.250385,304,Wales,W99999999,W06000015
CF4 8,51.526152,-3.282563,292,Wales,W99999999,W06000015
CF4 9,51.540331,-3.196607,150,Wales,W99999999,W06000015
CF40 1,51.613454,-3.446543,263,Wales,W99999999,W06000016
CF40 2,51.626586,-3.455839,285,Wales,W99999999,W06000016
CF40 9,77.292529,-1.629591,98,Wales,W99999999,
CF41 7,51.647782,-3.482745,282,Wales,W99999999,W06000016
CF42 5,51.675929,-3.539193,165,Wales,W99999999,W06000016
CF42 6,51.659642,-3.509568,202,Wales,W99999999,W06000016
CF42 9,54.681096,-3.285313,16,Wales,W99999999,W06000016
CF43 3,51.644696,-3.435142,131,Wales,W99999999,W06000016
CF43 4,51.665979,-3.460115,179,Wales,W99999999,W06000016
CF43 9,54.881899,-3.249945,15,Wales,W99999999,W06000016
CF44 0,51.71796,-3.434581,263,Wales,W99999999,W06000016
CF44 4,51.698196,-3.418343,43,Wales,W99999999,W06000016
CF44 6,51.696445,-3.430414,261,Wales,W99999999,W06000016
CF44 7,51.711823,-3.445788,146,Wales,W99999999,W06000016
CF44 8,51.718117,-3.460086,229,Wales,W99999999,W06000016
CF44 9,51.739668,-3.5099,282,Wales,W99999999,W06000016
CF45 3,51.676741,-3.376004,231,Wales,W99999999,W06000016
CF45 4,51.66366,-3.350289,253,Wales,W99999999,W06000016
CF45 9,65.487468,-2.413947,7,Wales,W99999999,W06000016
CF46 5,51.662183,-3.30958,167,Wales,W99999999,W06000024
CF46 6,51.665404,-3.294868,220,Wales,W99999999,W06000024
CF46 9,59.095237,-2.799416,13,Wales,W99999999,W06000024
CF47 0,51.744691,-3.370862,258,Wales,W99999999,W06000024
CF47 7,60.304318,-2.777064,62,Wales,W99999999,W06000024
CF47 8,51.749063,-3.380649,268,Wales,W99999999,W06000024
CF47 9,51.760289,-3.374419,239,Wales,W99999999,W06000024
CF48 1,51.744698,-3.395968,272,Wales,W99999999,W06000024
CF48 2,51.770282,-3.381081,205,Wales,W99999999,W06000024
CF48 3,51.762432,-3.354327,159,Wales,W99999999,W06000024
CF48 4,51.707433,-3.346559,265,Wales,W99999999,W06000024
CF5 1,51.483643,-3.213493,326,Wales,W99999999,W06000015
CF5 2,51.49503,-3.22831,311,Wales,W99999999,W06000015
CF5 3,51.4916,-3.243563,287,Wales,W99999999,W06000015
CF5 4,51.478307,-3.252596,321,Wales,W99999999,W06000015
CF5 5,51.47428,-3.244679,278,Wales,W99999999,W06000015
CF5 6,51.474653,-3.285151,263,Wales,W99999999,W06000014
CF5 7,51.508488,-3.259357,6,Wales,W99999999,W06000015
CF5 9,51.859676,-3.198635,129,Wales,W99999999,W06000015
CF6 1,51.441325,-3.182618,337,Wales,W99999999,W06000014
CF6 2,51.424666,-3.187898,343,Wales,W99999999,W06000014
CF6 3,51.418456,-3.257709,63,Wales,W99999999,W06000014
CF6 4,51.434716,-3.214003,187,Wales,W99999999,W06000014
CF6 5,51.417496,-3.29278,22,Wales,W99999999,W06000014
CF6 6,51.406315,-3.266246,273,Wales,W99999999,W06000014
CF6 7,51.416269,-3.26155,329,Wales,W99999999,W06000014
CF6 8,51.399897,-3.286381,332,Wales,W99999999,W06000014
CF6 9,51.404997,-3.432401,378,Wales,W99999999,W06000014
CF61 1,51.407616,-3.484695,166,Wales,W99999999,W06000014
CF61 2,51.412389,-3.47466,104,Wales,W99999999,W06000014
CF61 9,99.999999,0.0,1,Wales,W99999999,
CF62 3,51.396966,-3.350013,190,Wales,W99999999,W06000014
CF62 4,51.407164,-3.414408,139,Wales,W99999999,W06000014
CF62 5,51.396066,-3.273772,133,Wales,W99999999,W06000014
CF62 6,51.397107,-3.292065,147,Wales,W99999999,W06000014
CF62 7,51.404027,-3.284883,180,Wales,W99999999,W06000014
CF62 8,51.409959,-3.280106,176,Wales,W99999999,W06000014
CF62 9,51.418553,-3.271613,147,Wales,W99999999,W06000014
CF63 1,51.416847,-3.258485,222,Wales,W99999999,W06000014
CF63 2,51.414158,-3.247631,134,Wales,W99999999,W06000014
CF63 3,51.405747,-3.256351,39,Wales,W99999999,W06000014
CF63 4,51.404752,-3.266017,192,Wales,W99999999,W06000014
CF63 9,59.323475,-2.739367,135,Wales,W99999999,W06000014
CF64 1,51.441493,-3.175017,236,Wales,W99999999,W06000014
CF64 2,51.441036,-3.187691,247,Wales,W99999999,W06000014
CF64 3,51.432438,-3.18131,241,Wales,W99999999,W06000014
CF64 4,51.435307,-3.208179,233,Wales,W99999999,W06000014
CF64 5,51.41513,-3.199773,209,Wales,W99999999,W06000014
CF64 9,51.810178,-3.149066,131,Wales,W99999999,W06000014
CF7 7,51.461587,-3.454905,266,Wales,W99999999,W06000014
CF7 8,51.533478,-3.373799,241,Wales,W99999999,W06000016
CF7 9,51.527725,-3.422357,284,Wales,W99999999,W06000016
CF71 7,51.459955,-3.459152,359,Wales,W99999999,W06000014
CF71 9,52.807847,-3.399479,71,Wales,W99999999,W06000014
CF72 0,52.093752,-3.351426,86,Wales,W99999999,W06000016
CF72 4,51.530988,-3.462723,31,Wales,W99999999,W06000016
CF72 8,51.532914,-3.377085,369,Wales,W99999999,W06000016
CF72 9,51.527115,-3.422327,393,Wales,W99999999,W06000016
CF8 1,51.573276,-3.221049,262,Wales,W99999999,W06000018
CF8 2,51.590825,-3.249541,340,Wales,W99999999,W06000018
CF8 3,51.590856,-3.216499,258,Wales,W99999999,W06000018
CF8 7,51.647283,-3.23372,284,Wales,W99999999,W06000018
CF8 8,51.678458,-3.236814,306,Wales,W99999999,W06000018
CF8 9,51.716162,-3.25633,210,Wales,W99999999,W06000018
CF81 8,51.685802,-3.232306,196,Wales,W99999999,W06000018
CF81 9,51.711227,-3.253279,235,Wales,W99999999,W06000018
CF82 6,51.654217,-3.242872,29,Wales,W99999999,W06000018
CF82 7,51.645699,-3.233863,344,Wales,W99999999,W06000018
CF82 8,51.663796,-3.242992,146,Wales,W99999999,W06000018
CF82 9,51.635206,-3.237921,84,Wales,W99999999,W06000018
CF83 1,51.572821,-3.224188,343,Wales,W99999999,W06000018
CF83 2,51.583324,-3.23851,275,Wales,W99999999,W06000018
CF83 3,51.589724,-3.216728,330,Wales,W99999999,W06000018
CF83 4,51.601242,-3.272426,134,Wales,W99999999,W06000018
CF83 8,51.592944,-3.178809,309,Wales,W99999999,W06000018
CF83 9,51.577909,-3.231142,119,Wales,W99999999,W06000018
CF91 1,51.46574,-3.193643,4,Wales,W99999999,W06000015
CF91 5,51.465565,-3.193998,16,Wales,W99999999,W06000015
CF95 1,51.481197,-3.171048,7,Wales,W99999999,W06000015
CF99 1,51.464132,-3.16183,2,Wales,W99999999,W06000015
CH1 1,53.192076,-2.889426,307,England,E12000002,E06000050
CH1 2,53.191036,-2.892878,211,England,E12000002,E06000050
CH1 3,53.195569,-2.884901,327,England,E12000002,E06000050
CH1 4,53.196379,-2.901468,273,England,E12000002,E06000050
CH1 5,53.204535,-2.925003,297,England,E12000002,E06000050
CH1 6,53.226723,-2.937227,211,England,E12000002,E06000050
CH1 9,53.196729,-2.886019,399,England,E12000002,E06000050
CH2 1,53.211878,-2.884371,275,England,E12000002,E06000050
CH2 2,53.204651,-2.882049,195,England,E12000002,E06000050
CH2 3,53.2,-2.872975,294,England,E12000002,E06000050
CH2 4,53.245424,-2.845667,269,England,E12000002,E06000050
CH25 9,53.397017,-3.01176,136,England,E12000002,E08000015
CH26 9,53.851483,-3.033978,96,England,E12000002,E08000015
CH27 9,53.421227,-3.042331,124,England,E12000002,E08000015
CH28 9,55.227918,-2.989902,51,England,E12000002,E08000015
CH29 9,54.527084,-3.101864,123,England,E12000002,E08000015
CH3 5,53.191463,-2.865008,351,England,E12000002,E06000050
CH3 6,53.136821,-2.861665,274,England,E12000002,E06000050
CH3 7,53.191417,-2.822067,263,England,E12000002,E06000050
CH3 8,53.202969,-2.769408,180,England,E12000002,E06000050
CH3 9,53.119486,-2.776042,259,England,E12000002,E06000050
CH30 9,53.379046,-3.098441,48,England,E12000002,E08000015
CH31 9,53.329726,-3.098854,116,England,E12000002,E08000015
CH32 9,53.36197,-2.99763,131,England,E12000002,E08000015
CH33 9,54.95876,-2.953258,84,England,E12000002,E06000050
CH34 9,53.590419,-2.890203,152,England,E12000002,E06000050
CH4 0,53.162659,-2.99753,330,Wales,W99999999,W06000005
CH4 7,53.178377,-2.894815,264,England,E12000002,E06000050
CH4 8,53.179108,-2.91573,319,England,E12000002,E06000050
CH4 9,53.156101,-2.932375,252,England,E12000002,E06000050
CH41 0,53.397335,-3.055179,80,England,E12000002,E08000015
CH41 1,53.400697,-3.024703,130,England,E12000002,E08000015
CH41 2,53.388038,-3.027604,118,England,E12000002,E08000015
CH41 3,53.396115,-3.02668,108,England,E12000002,E08000015
CH41 4,53.394157,-3.030697,131,England,E12000002,E08000015
CH41 5,53.392637,-3.013988,117,England,E12000002,E08000015
CH41 6,53.39284,-3.019308,127,England,E12000002,E08000015
CH41 7,53.403019,-3.060766,89,England,E12000002,E08000015
CH41 8,53.400007,-3.044451,131,England,E12000002,E08000015
CH41 9,53.383363,-3.018357,96,England,E12000002,E08000015
CH42 0,53.382214,-3.027969,81,England,E12000002,E08000015
CH42 1,53.3706,-3.004384,97,England,E12000002,E08000015
CH42 2,53.371588,-3.009753,79,England,E12000002,E08000015
CH42 3,53.376051,-3.014847,58,England,E12000002,E08000015
CH42 4,53.369851,-3.014768,96,England,E12000002,E08000015
CH42 5,53.379151,-3.020277,70,England,E12000002,E08000015
CH42 6,53.372938,-3.026156,83,England,E12000002,E08000015
CH42 7,53.379979,-3.028449,57,England,E12000002,E08000015
CH42 8,53.373158,-3.036681,85,England,E12000002,E08000015
CH42 9,53.378832,-3.034367,108,England,E12000002,E08000015
CH43 0,53.370888,-3.058168,104,England,E12000002,E08000015
CH43 1,53.383611,-3.049999,90,England,E12000002,E08000015
CH43 2,53.377664,-3.055725,115,England,E12000002,E08000015
CH43 3,53.366916,-3.061279,90,England,E12000002,E08000015
CH43 4,53.387603,-3.039887,78,England,E12000002,E08000015
CH43 5,53.378459,-3.0443,106,England,E12000002,E08000015
CH43 6,53.385598,-3.056493,66,England,E12000002,E08000015
CH43 7,53.39745,-3.072874,181,England,E12000002,E08000015
CH43 8,53.389668,-3.056743,42,England,E12000002,E08000015
CH43 9,53.384168,-3.073487,215,England,E12000002,E08000015
CH44 0,53.420394,-3.032937,91,England,E12000002,E08000015
CH44 1,53.42117,-3.03765,72,England,E12000002,E08000015
CH44 2,53.419253,-3.058814,87,England,E12000002,E08000015
CH44 3,53.41593,-3.052778,73,England,E12000002,E08000015
CH44 4,53.41241,-3.037075,117,England,E12000002,E08000015
CH44 5,53.415851,-3.046758,108,England,E12000002,E08000015
CH44 6,53.412016,-3.021943,92,England,E12000002,E08000015
CH44 7,53.409171,-3.024561,91,England,E12000002,E08000015
CH44 8,53.418394,-3.029575,94,England,E12000002,E08000015
CH44 9,53.413767,-3.032913,88,England,E12000002,E08000015
CH45 0,53.431553,-3.054421,53,England,E12000002,E08000015
CH45 1,53.432112,-3.038713,89,England,E12000002,E08000015
CH45 2,53.436186,-3.044712,88,England,E12000002,E08000015
CH45 3,53.427733,-3.063847,102,England,E12000002,E08000015
CH45 4,53.422839,-3.048304,124,England,E12000002,E08000015
CH45 5,53.429987,-3.045646,129,England,E12000002,E08000015
CH45 6,53.425552,-3.056626,64,England,E12000002,E08000015
CH45 7,53.425584,-3.037841,106,England,E12000002,E08000015
CH45 8,53.423458,-3.070208,113,England,E12000002,E08000015
CH45 9,53.433248,-3.048143,65,England,E12000002,E08000015
CH46 0,53.397116,-3.112208,112,England,E12000002,E08000015
CH46 1,53.411045,-3.097484,78,England,E12000002,E08000015
CH46 2,53.41568,-3.09198,50,England,E12000002,E08000015
CH46 3,53.413532,-3.107848,47,England,E12000002,E08000015
CH46 4,53.409878,-3.118606,22,England,E12000002,E08000015
CH46 5,53.392986,-3.127459,22,England,E12000002,E08000015
CH46 6,53.399899,-3.124505,137,England,E12000002,E08000015
CH46 7,53.404117,-3.119999,66,England,E12000002,E08000015
CH46 8,53.405249,-3.108914,79,England,E12000002,E08000015
CH46 9,53.400662,-3.100961,82,England,E12000002,E08000015
CH47 0,53.397932,-3.164458,43,England,E12000002,E08000015
CH47 1,53.390436,-3.187045,33,England,E12000002,E08000015
CH47 2,53.393327,-3.1791,85,England,E12000002,E08000015
CH47 3,53.39506,-3.174623,76,England,E12000002,E08000015
CH47 4,53.388725,-3.178647,43,England,E12000002,E08000015
CH47 5,53.399079,-3.170427,35,England,E12000002,E08000015
CH47 6,53.402039,-3.161126,31,England,E12000002,E08000015
CH47 7,53.403009,-3.155062,38,England,E12000002,E08000015
CH47 8,53.402509,-3.151117,14,England,E12000002,E08000015
CH47 9,53.396131,-3.151261,34,England,E12000002,E08000015
CH48 0,53.372929,-3.183846,49,England,E12000002,E08000015
CH48 1,53.367676,-3.153132,84,England,E12000002,E08000015
CH48 2,53.366003,-3.170492,66,England,E12000002,E08000015
CH48 3,53.368873,-3.178345,52,England,E12000002,E08000015
CH48 4,53.375733,-3.181698,75,England,E12000002,E08000015
CH48 5,53.377664,-3.181789,93,England,E12000002,E08000015
CH48 6,53.377136,-3.166396,58,England,E12000002,E08000015
CH48 7,53.372873,-3.172929,46,England,E12000002,E08000015
CH48 8,53.370821,-3.162698,49,England,E12000002,E08000015
CH48 9,53.374928,-3.157611,56,England,E12000002,E08000015
CH49 0,53.382508,-3.096829,67,England,E12000002,E08000015
CH49 1,53.376344,-3.111117,65,England,E12000002,E08000015
CH49 2,53.381777,-3.11572,93,England,E12000002,E08000015
CH49 3,53.376028,-3.120776,101,England,E12000002,E08000015
CH49 4,53.389665,-3.108022,136,England,E12000002,E08000015
CH49 5,53.371225,-3.089454,52,England,E12000002,E08000015
CH49 6,53.386238,-3.100126,104,England,E12000002,E08000015
CH49 7,53.373474,-3.082725,50,England,E12000002,E08000015
CH49 8,53.376848,-3.088886,56,England,E12000002,E08000015
CH49 9,53.380581,-3.091072,62,England,E12000002,E08000015
CH5 1,53.207295,-3.037677,280,Wales,W99999999,W06000005
CH5 2,53.209399,-3.010568,320,Wales,W99999999,W06000005
CH5 3,53.188882,-3.038997,370,Wales,W99999999,W06000005
CH5 4,53.214681,-3.065233,393,Wales,W99999999,W06000005
CH5 9,54.462014,-2.93637,112,Wales,W99999999,W06000005
CH6 5,53.242589,-3.13311,368,Wales,W99999999,W06000005
CH6 6,53.268787,-3.176353,130,Wales,W99999999,W06000005
CH6 9,53.809758,-3.103907,83,Wales,W99999999,W06000005
CH60 0,53.32597,-3.097469,79,England,E12000002,E08000015
CH60 1,53.328592,-3.079834,62,England,E12000002,E08000015
CH60 2,53.326875,-3.085032,54,England,E12000002,E08000015
CH60 3,53.320643,-3.086075,54,England,E12000002,E08000015
CH60 4,53.325198,-3.104144,50,England,E12000002,E08000015
CH60 5,53.32973,-3.093886,55,England,E12000002,E08000015
CH60 6,53.333089,-3.10825,49,England,E12000002,E08000015
CH60 7,53.33193,-3.098956,56,England,E12000002,E08000015
CH60 8,53.320451,-3.097096,62,England,E12000002,E08000015
CH60 9,53.328418,-3.115577,58,England,E12000002,E08000015
CH61 0,53.35165,-3.128365,16,England,E12000002,E08000015
CH61 1,53.346797,-3.085272,58,England,E12000002,E08000015
CH61 2,53.348914,-3.118061,18,England,E12000002,E08000015
CH61 3,53.353406,-3.103463,46,England,E12000002,E08000015
CH61 4,53.353722,-3.115034,71,England,E12000002,E08000015
CH61 5,53.343054,-3.101401,53,England,E12000002,E08000015
CH61 6,53.337025,-3.100985,63,England,E12000002,E08000015
CH61 7,53.351983,-3.090844,53,England,E12000002,E08000015
CH61 8,53.346012,-3.10425,57,England,E12000002,E08000015
CH61 9,53.346686,-3.096769,57,England,E12000002,E08000015
CH62 0,53.31834,-2.959389,57,England,E12000002,E08000015
CH62 1,53.362814,-2.994959,90,England,E12000002,E08000015
CH62 2,53.339183,-2.986313,92,England,E12000002,E08000015
CH62 3,53.339698,-2.975802,100,England,E12000002,E08000015
CH62 4,53.352607,-2.988806,116,England,E12000002,E08000015
CH62 5,53.358217,-2.998549,102,England,E12000002,E08000015
CH62 6,53.323823,-2.981676,88,England,E12000002,E08000015
CH62 7,53.330158,-2.981969,134,England,E12000002,E08000015
CH62 8,53.316519,-2.973331,110,England,E12000002,E08000015
CH62 9,53.311135,-2.971886,92,England,E12000002,E08000015
CH63 0,53.320883,-2.992098,132,England,E12000002,E08000015
CH63 1,53.328704,-3.03809,24,England,E12000002,E08000015
CH63 2,53.351671,-3.018254,132,England,E12000002,E08000015
CH63 3,53.346563,-3.007079,121,England,E12000002,E08000015
CH63 4,53.323764,-3.02844,31,England,E12000002,E08000015
CH63 5,53.36187,-3.021783,127,England,E12000002,E08000015
CH63 6,53.345052,-3.043408,25,England,E12000002,E08000015
CH63 7,53.354218,-3.004402,113,England,E12000002,E08000015
CH63 8,53.358563,-3.019984,104,England,E12000002,E08000015
CH63 9,53.340134,-3.003098,141,England,E12000002,E08000015
CH64 0,53.280539,-3.062236,78,England,E12000002,E06000050
CH64 1,53.295686,-3.004662,74,England,E12000002,E06000050
CH64 2,53.29122,-3.011956,60,England,E12000002,E06000050
CH64 3,53.297645,-3.064397,81,England,E12000002,E06000050
CH64 4,53.28213,-3.051866,95,England,E12000002,E06000050
CH64 5,53.26314,-3.024842,45,England,E12000002,E06000050
CH64 6,53.293971,-3.075431,116,England,E12000002,E06000050
CH64 7,53.295354,-3.042348,34,England,E12000002,E06000050
CH64 8,53.277456,-3.024661,17,England,E12000002,E06000050
CH64 9,53.289577,-3.058924,165,England,E12000002,E06000050
CH65 0,53.278254,-2.901256,83,England,E12000002,E06000050
CH65 1,53.300869,-2.928111,33,England,E12000002,E06000050
CH65 2,53.286346,-2.900229,90,England,E12000002,E06000050
CH65 3,53.286585,-2.911667,90,England,E12000002,E06000050
CH65 4,53.282173,-2.890443,135,England,E12000002,E06000050
CH65 5,53.274101,-2.890293,97,England,E12000002,E06000050
CH65 6,53.269519,-2.907335,106,England,E12000002,E06000050
CH65 7,53.276597,-2.916592,88,England,E12000002,E06000050
CH65 8,53.281304,-2.908689,112,England,E12000002,E06000050
CH65 9,53.269339,-2.896526,158,England,E12000002,E06000050
CH66 0,53.266948,-2.965585,8,England,E12000002,E06000050
CH66 1,53.289117,-2.932941,207,England,E12000002,E06000050
CH66 2,53.265713,-2.92347,317,England,E12000002,E06000050
CH66 3,53.280178,-2.932599,163,England,E12000002,E06000050
CH66 4,53.278057,-2.943439,282,England,E12000002,E06000050
CH66 5,53.292096,-2.954748,47,England,E12000002,E06000050
CH66 6,53.298885,-2.965473,16,England,E12000002,E06000050
CH66 7,53.295272,-2.975658,38,England,E12000002,E06000050
CH66 8,53.274948,-2.981821,10,England,E12000002,E06000050
CH66 9,53.265584,-2.976144,7,England,E12000002,E06000050
CH7 1,53.165937,-3.143575,389,Wales,W99999999,W06000005
CH7 2,53.166381,-3.086014,227,Wales,W99999999,W06000005
CH7 3,53.172067,-3.073573,225,Wales,W99999999,W06000005
CH7 4,53.129847,-3.128593,284,Wales,W99999999,W06000005
CH7 5,53.189009,-3.224709,298,Wales,W99999999,W06000005
CH7 6,53.187128,-3.119517,395,Wales,W99999999,W06000005
CH7 9,67.838258,-2.158869,166,Wales,W99999999,W06000005
CH70 8,55.028327,-2.807933,51,England,E12000002,E06000050
CH8 7,53.276564,-3.214888,343,Wales,W99999999,W06000005
CH8 8,53.253235,-3.229111,233,Wales,W99999999,W06000005
CH8 9,53.319024,-3.29267,236,Wales,W99999999,W06000005
CH88 3,53.177963,-2.895827,26,England,E12000002,E06000050
CH90 0,99.999999,0.0,1,England,,
CH99 1,53.197746,-2.884491,16,England,E12000002,E06000050
CH99 3,53.196584,-2.882527,6,England,E12000002,E06000050
CH99 9,53.179132,-2.893791,28,England,E12000002,E06000050
CM0 7,51.68284,0.846213,368,England,E12000006,E07000074
CM0 8,51.633423,0.81517,353,England,E12000006,E07000074
CM1 1,51.737098,0.47303,354,England,E12000006,E07000070
CM1 2,51.740826,0.454576,361,England,E12000006,E07000070
CM1 3,51.727152,0.430932,337,England,E12000006,E07000070
CM1 4,51.759149,0.430922,379,England,E12000006,E07000070
CM1 5,51.754278,0.486349,388,England,E12000006,E07000070
CM1 6,51.753758,0.495375,337,England,E12000006,E07000070
CM1 7,51.756314,0.476447,257,England,E12000006,E07000070
CM1 9,51.740452,0.491082,388,England,E12000006,E07000070
CM11 1,51.633833,0.452283,254,England,E12000006,E07000066
CM11 2,51.616411,0.436518,350,England,E12000006,E07000066
CM12 0,51.634757,0.415562,379,England,E12000006,E07000066
CM12 2,57.362526,0.367279,118,England,E12000006,E07000066
CM12 9,51.618967,0.413712,346,England,E12000006,E07000066
CM13 1,51.632579,0.346629,333,England,E12000006,E07000068
CM13 2,51.621262,0.332822,295,England,E12000006,E07000068
CM13 3,51.592842,0.324628,343,England,E12000006,E07000068
CM14 4,51.618964,0.297057,381,England,E12000006,E07000068
CM14 5,51.617901,0.287134,354,England,E12000006,E07000068
CM14 9,51.762549,0.302919,340,England,E12000006,E07000068
CM15 0,51.661553,0.299531,312,England,E12000006,E07000068
CM15 8,51.626728,0.319656,254,England,E12000006,E07000068
CM15 9,51.632068,0.294113,264,England,E12000006,E07000068
CM16 4,51.696927,0.110676,223,England,E12000006,E07000072
CM16 5,51.699204,0.105207,112,England,E12000006,E07000072
CM16 6,51.715617,0.135799,298,England,E12000006,E07000072
CM16 7,51.68565,0.114368,242,England,E12000006,E07000072
CM16 9,51.700333,0.113353,140,England,E12000006,E07000072
CM17 0,51.782828,0.150033,295,England,E12000006,E07000073
CM17 9,51.765526,0.133694,363,England,E12000006,E07000073
CM18 6,51.759899,0.106194,328,England,E12000006,E07000073
CM18 7,51.752976,0.102949,287,England,E12000006,E07000073
CM19 4,51.759172,0.084451,263,England,E12000006,E07000073
CM19 5,51.763259,0.065937,319,England,E12000006,E07000073
CM2 0,51.729788,0.471494,348,England,E12000006,E07000070
CM2 5,51.748548,0.50588,51,England,E12000006,E07000070
CM2 6,51.73687,0.494735,387,England,E12000006,E07000070
CM2 7,51.719627,0.502065,311,England,E12000006,E07000070
CM2 8,51.706919,0.478753,378,England,E12000006,E07000070
CM2 9,51.720888,0.475863,340,England,E12000006,E07000070
CM20 1,51.771743,0.090035,309,England,E12000006,E07000073
CM20 2,51.781792,0.107889,330,England,E12000006,E07000073
CM20 3,51.772027,0.10981,263,England,E12000006,E07000073
CM20 9,51.77154,0.094011,347,England,E12000006,E07000073
CM21 0,51.811879,0.136512,177,England,E12000006,E07000242
CM21 1,55.024928,0.148774,45,England,E12000006,E07000072
CM21 9,51.812281,0.153962,262,England,E12000006,E07000242
CM22 6,51.895471,0.233156,383,England,E12000006,E07000077
CM22 7,51.832441,0.200638,322,England,E12000006,E07000077
CM23 0,51.883761,0.153324,45,England,E12000006,E07000242
CM23 1,51.906475,0.156805,160,England,E12000006,E07000077
CM23 2,51.874354,0.15595,389,England,E12000006,E07000242
CM23 3,51.863983,0.159358,377,England,E12000006,E07000242
CM23 4,51.859395,0.14792,322,England,E12000006,E07000242
CM23 5,51.871466,0.17498,270,England,E12000006,E07000242
CM23 9,51.867374,0.160449,250,England,E12000006,E07000242
CM24 1,51.884739,0.237779,78,England,E12000006,E07000077
CM24 8,51.900558,0.200081,372,England,E12000006,E07000077
CM3 1,51.810993,0.469275,248,England,E12000006,E07000070
CM3 2,51.783193,0.587541,289,England,E12000006,E07000067
CM3 3,51.767532,0.515672,260,England,E12000006,E07000070
CM3 4,51.716068,0.579895,363,England,E12000006,E07000070
CM3 5,51.6503,0.603051,396,England,E12000006,E07000070
CM3 6,51.670659,0.716221,370,England,E12000006,E07000074
CM3 7,51.644838,0.60265,45,England,E12000006,E07000070
CM3 8,51.670945,0.549426,165,England,E12000006,E07000070
CM3 9,53.841402,0.588324,44,England,E12000006,E07000070
CM4 0,51.683056,0.363042,301,England,E12000006,E07000068
CM4 9,51.666814,0.411666,315,England,E12000006,E07000068
CM5 0,51.736188,0.254611,296,England,E12000006,E07000072
CM5 5,51.703816,0.245191,40,England,E12000006,E07000072
CM5 9,51.701878,0.240999,283,England,E12000006,E07000072
CM6 1,51.854679,0.341874,394,England,E12000006,E07000077
CM6 2,51.918711,0.340894,282,England,E12000006,E07000077
CM6 3,51.873779,0.416502,384,England,E12000006,E07000077
CM6 4,51.872013,0.340714,63,England,E12000006,E07000077
CM6 9,65.432342,0.406799,71,England,E12000006,E07000067
CM7 0,51.87703,0.564769,275,England,E12000006,E07000067
CM7 1,51.872644,0.55482,253,England,E12000006,E07000067
CM7 2,51.878438,0.543068,221,England,E12000006,E07000067
CM7 3,51.876173,0.5677,271,England,E12000006,E07000067
CM7 4,51.949818,0.47441,301,England,E12000006,E07000067
CM7 5,51.89977,0.540251,371,England,E12000006,E07000067
CM7 6,51.88014,0.56595,337,England,E12000006,E07000067
CM7 7,51.875399,0.548047,331,England,E12000006,E07000067
CM7 8,51.867048,0.557267,394,England,E12000006,E07000067
CM7 9,51.883526,0.566681,245,England,E12000006,E07000067
CM77 6,51.875798,0.511361,107,England,E12000006,E07000067
CM77 7,51.863211,0.532888,171,England,E12000006,E07000067
CM77 8,51.865515,0.585254,257,England,E12000006,E07000067
CM8 1,51.798464,0.627975,393,England,E12000006,E07000067
CM8 2,51.80848,0.638288,389,England,E12000006,E07000067
CM8 3,51.81079,0.648658,389,England,E12000006,E07000067
CM8 9,59.51261,0.53898,75,England,E12000006,E07000067
CM9 4,51.741573,0.68744,355,England,E12000006,E07000074
CM9 5,51.729233,0.681921,185,England,E12000006,E07000074
CM9 6,51.723193,0.663387,394,England,E12000006,E07000074
CM9 7,51.735567,0.686911,333,England,E12000006,E07000074
CM9 8,51.765956,0.758846,343,England,E12000006,E07000074
CM9 9,51.733981,0.677955,117,England,E12000006,E07000074
CM92 1,51.769363,0.06128,18,England,E12000006,E07000073
CM98 1,54.049632,0.493784,21,England,E12000006,E07000070
CM99 1,51.730403,0.473337,33,England,E12000006,E07000070
CM99 2,51.741888,0.497757,163,England,E12000006,E07000070
CO1 1,51.892365,0.902089,389,England,E12000006,E07000071
CO1 2,51.886461,0.915041,388,England,E12000006,E07000071
CO1 9,51.847949,0.816777,387,England,E12000006,E07000071
CO10 0,52.043966,0.762915,395,England,E12000006,E07000200
CO10 1,52.046377,0.733527,264,England,E12000006,E07000200
CO10 2,52.039939,0.738521,250,England,E12000006,E07000200
CO10 3,57.122469,0.675054,85,England,E12000006,E07000200
CO10 5,52.020333,0.851635,144,England,E12000006,E07000200
CO10 6,52.04191,0.731593,393,England,E12000006,E07000200
CO10 7,52.059542,0.683416,315,England,E12000006,E07000200
CO10 8,52.082286,0.590976,260,England,E12000006,E07000245
CO10 9,52.088693,0.753447,316,England,E12000006,E07000200
CO11 1,51.951672,1.069429,322,England,E12000006,E07000076
CO11 2,51.933834,1.081141,353,England,E12000006,E07000076
CO11 3,51.932259,1.13035,1,England,E12000006,E07000076
CO11 9,53.401448,1.030589,33,England,E12000006,E07000076
CO12 3,51.93776,1.279014,298,England,E12000006,E07000076
CO12 4,51.934262,1.256919,337,England,E12000006,E07000076
CO12 5,51.917468,1.208408,169,England,E12000006,E07000076
CO12 9,62.23676,1.005552,28,England,E12000006,E07000076
CO13 0,51.841703,1.230856,325,England,E12000006,E07000076
CO13 3,60.590535,1.01869,44,England,E12000006,E07000076
CO13 9,51.834032,1.246693,211,England,E12000006,E07000076
CO14 8,51.850291,1.267534,283,England,E12000006,E07000076
CO15 1,51.788147,1.147857,327,England,E12000006,E07000076
CO15 2,51.782088,1.119692,228,England,E12000006,E07000076
CO15 3,51.798088,1.148703,271,England,E12000006,E07000076
CO15 4,51.810447,1.16171,305,England,E12000006,E07000076
CO15 5,51.803179,1.186129,271,England,E12000006,E07000076
CO15 6,51.795906,1.163427,209,England,E12000006,E07000076
CO15 9,51.799085,1.158278,196,England,E12000006,E07000076
CO16 0,51.860385,1.154922,163,England,E12000006,E07000076
CO16 7,51.797925,1.130143,129,England,E12000006,E07000076
CO16 8,51.800393,1.105473,376,England,E12000006,E07000076
CO16 9,51.83305,1.136668,287,England,E12000006,E07000076
CO2 0,51.850741,0.868285,179,England,E12000006,E07000071
CO2 7,51.881112,0.898836,341,England,E12000006,E07000071
CO2 8,51.872729,0.916559,380,England,E12000006,E07000071
CO2 9,51.869089,0.878176,267,England,E12000006,E07000071
CO3 0,51.883893,0.846206,246,England,E12000006,E07000071
CO3 3,51.887361,0.88741,332,England,E12000006,E07000071
CO3 4,51.882743,0.867548,222,England,E12000006,E07000071
CO3 5,51.885568,0.844898,380,England,E12000006,E07000071
CO3 8,51.883767,0.830663,112,England,E12000006,E07000071
CO3 9,51.887996,0.850811,166,England,E12000006,E07000071
CO4 0,51.900476,0.925601,191,England,E12000006,E07000071
CO4 1,51.88953,0.916124,1,England,E12000006,E07000071
CO4 3,51.891095,0.935284,395,England,E12000006,E07000071
CO4 4,51.905031,0.923171,390,England,E12000006,E07000071
CO4 5,51.923244,0.905646,395,England,E12000006,E07000071
CO4 6,51.917726,0.890717,91,England,E12000006,E07000071
CO4 7,51.930944,0.898007,4,England,E12000006,E07000071
CO4 9,51.91097,0.921262,255,England,E12000006,E07000071
CO5 0,51.812452,0.747775,328,England,E12000006,E07000071
CO5 1,51.817005,0.745426,16,England,E12000006,E07000071
CO5 7,51.840543,0.921262,208,England,E12000006,E07000071
CO5 8,51.779949,0.923079,364,England,E12000006,E07000071
CO5 9,51.836833,0.722744,334,England,E12000006,E07000067
CO6 1,51.877527,0.729822,393,England,E12000006,E07000071
CO6 2,51.928907,0.715784,281,England,E12000006,E07000067
CO6 3,51.920417,0.823834,273,England,E12000006,E07000071
CO6 4,51.965102,0.871475,330,England,E12000006,E07000200
CO6 5,52.023621,0.864772,164,England,E12000006,E07000200
CO7 0,51.813171,1.025165,302,England,E12000006,E07000076
CO7 1,73.254087,0.533001,9,England,E12000006,E07000071
CO7 5,57.165812,0.911035,18,England,E12000006,E07000076
CO7 6,51.970504,1.002797,340,England,E12000006,E07000200
CO7 7,51.896843,0.991905,368,England,E12000006,E07000076
CO7 8,51.852873,1.036941,318,England,E12000006,E07000076
CO7 9,51.8615,0.961324,302,England,E12000006,E07000071
CO8 5,51.973453,0.767395,143,England,E12000006,E07000067
CO9 1,51.938513,0.626128,353,England,E12000006,E07000067
CO9 2,51.954095,0.649518,315,England,E12000006,E07000067
CO9 3,51.980702,0.598532,243,England,E12000006,E07000067
CO9 4,52.018145,0.548133,240,England,E12000006,E07000067
CO9 9,51.94461,0.636499,50,England,E12000006,E07000067
CR0 0,51.346345,-0.020249,262,England,E12000007,E09000008
CR0 1,51.37118,-0.099688,334,England,E12000007,E09000008
CR0 2,51.384467,-0.098738,378,England,E12000007,E09000008
CR0 3,51.384078,-0.11714,261,England,E12000007,E09000008
CR0 4,51.369532,-0.118945,368,England,E12000007,E09000008
CR0 5,51.369294,-0.072923,262,England,E12000007,E09000008
CR0 6,51.381559,-0.080747,327,England,E12000007,E09000008
CR0 7,51.384159,-0.054791,300,England,E12000007,E09000008
CR0 8,51.373657,-0.039573,273,England,E12000007,E09000008
CR0 9,51.35529,-0.046898,163,England,E12000007,E09000008
CR2 0,51.348288,-0.091829,306,England,E12000007,E09000008
CR2 1,56.411036,-0.09561,260,England,E12000007,E09000008
CR2 2,51.339601,-0.113487,178,England,E12000007,E09000008
CR2 3,51.339566,-0.132162,133,England,E12000007,E09000008
CR2 4,51.325944,-0.123061,106,England,E12000007,E09000008
CR2 5,51.319699,-0.102063,155,England,E12000007,E09000008
CR2 6,51.356199,-0.101537,350,England,E12000007,E09000008
CR2 7,51.357659,-0.085215,254,England,E12000007,E09000008
CR2 8,51.345975,-0.062337,281,England,E12000007,E09000008
CR2 9,51.334736,-0.079881,200,England,E12000007,E09000008
CR3 0,51.301893,-0.078985,173,England,E12000008,E07000215
CR3 1,51.304528,-0.123644,182,England,E12000007,E09000008
CR3 2,51.320901,-0.138046,238,England,E12000007,E09000008
CR3 3,51.308294,-0.159727,195,England,E12000008,E07000211
CR3 4,58.497389,-0.063014,81,England,E12000008,E07000215
CR3 5,51.287371,-0.094492,394,England,E12000008,E07000215
CR3 6,51.28103,-0.07907,351,England,E12000008,E07000215
CR3 7,51.284859,-0.047767,124,England,E12000008,E07000215
CR3 9,51.310171,-0.052352,226,England,E12000008,E07000215
CR4 1,51.402531,-0.145603,352,England,E12000007,E09000024
CR4 2,51.410273,-0.161677,299,England,E12000007,E09000024
CR4 3,51.407328,-0.171877,379,England,E12000007,E09000024
CR4 4,51.395618,-0.168483,292,England,E12000007,E09000024
CR4 6,51.394561,-0.118759,137,England,E12000007,E09000008
CR4 7,51.396137,-0.107989,234,England,E12000007,E09000008
CR4 8,51.403763,-0.100323,260,England,E12000007,E09000008
CR4 9,59.815796,-0.144565,104,England,E12000007,E09000024
CR44 1,53.592214,-0.126833,22,England,E12000007,E09000029
CR44 2,98.649509,-0.00369,36,England,,
CR5 1,51.306135,-0.12842,289,England,E12000007,E09000008
CR5 2,51.320807,-0.138458,333,England,E12000007,E09000008
CR5 3,51.310584,-0.155301,338,England,E12000007,E09000008
CR5 9,52.238296,-0.138158,106,England,E12000007,E09000008
CR6 0,58.587608,-0.062877,40,England,E12000008,E07000215
CR6 9,51.305243,-0.056126,327,England,E12000008,E07000215
CR7 6,51.390256,-0.11253,197,England,E12000007,E09000008
CR7 7,51.390729,-0.104146,336,England,E12000007,E09000008
CR7 8,51.398123,-0.098031,369,England,E12000007,E09000008
CR7 9,61.86469,-0.084635,102,England,E12000007,E09000008
CR8 1,51.338752,-0.102764,166,England,E12000007,E09000008
CR8 2,51.341088,-0.112186,291,England,E12000007,E09000008
CR8 3,51.342389,-0.126214,212,England,E12000007,E09000008
CR8 4,51.331767,-0.118983,177,England,E12000007,E09000008
CR8 5,51.324757,-0.100837,255,England,E12000007,E09000008
CR8 9,54.590165,-0.096504,105,England,E12000007,E09000008
CR9 0,51.357471,-0.0475,94,England,E12000007,E09000008
CR9 1,51.37394,-0.097886,342,England,E12000007,E09000008
CR9 2,51.377742,-0.098625,327,England,E12000007,E09000008
CR9 3,51.376807,-0.099458,306,England,E12000007,E09000008
CR9 4,51.372764,-0.110965,241,England,E12000007,E09000008
CR9 5,51.374933,-0.092965,128,England,E12000007,E09000008
CR9 6,51.376867,-0.091004,223,England,E12000007,E09000008
CR9 7,51.377621,-0.08624,95,England,E12000007,E09000008
CR9 8,51.375768,-0.083285,72,England,E12000007,E09000008
CR9 9,51.375608,-0.094618,81,England,E12000007,E09000008
CR90 9,57.392734,-0.095443,388,England,E12000007,E09000008
CT1 1,51.281875,1.095762,390,England,E12000008,E07000106
CT1 2,51.278376,1.079379,370,England,E12000008,E07000106
CT1 3,51.271735,1.078347,392,England,E12000008,E07000106
CT1 9,51.28437,1.094368,326,England,E12000008,E07000106
CT10 1,51.359125,1.436645,346,England,E12000008,E07000114
CT10 2,51.359816,1.420151,374,England,E12000008,E07000114
CT10 3,51.373325,1.431269,248,England,E12000008,E07000114
CT10 9,60.774355,1.155549,62,England,E12000008,E07000114
CT11 0,51.333681,1.399348,237,England,E12000008,E07000114
CT11 1,59.541058,1.168902,89,England,E12000008,E07000114
CT11 7,51.341587,1.417139,257,England,E12000008,E07000114
CT11 8,51.336754,1.42243,256,England,E12000008,E07000114
CT11 9,51.333952,1.411751,362,England,E12000008,E07000114
CT12 4,51.337264,1.315987,165,England,E12000008,E07000114
CT12 5,51.342626,1.365635,215,England,E12000008,E07000114
CT12 6,51.347271,1.398663,329,England,E12000008,E07000114
CT13 0,51.258516,1.314145,249,England,E12000008,E07000108
CT13 3,54.63445,1.248305,29,England,E12000008,E07000108
CT13 6,51.244799,1.304115,1,England,E12000008,E07000108
CT13 9,51.277342,1.34452,272,England,E12000008,E07000108
CT14 0,51.230941,1.343315,194,England,E12000008,E07000108
CT14 4,57.876155,1.210931,66,England,E12000008,E07000108
CT14 6,51.228151,1.401095,315,England,E12000008,E07000108
CT14 7,51.210579,1.396676,345,England,E12000008,E07000108
CT14 8,51.190763,1.388456,144,England,E12000008,E07000108
CT14 9,51.217095,1.386297,395,England,E12000008,E07000108
CT15 4,51.207741,1.25282,173,England,E12000008,E07000108
CT15 5,51.168243,1.313753,171,England,E12000008,E07000108
CT15 6,51.153499,1.370885,135,England,E12000008,E07000108
CT15 7,51.155769,1.231639,221,England,E12000008,E07000108
CT16 1,51.129258,1.312055,341,England,E12000008,E07000108
CT16 2,51.140944,1.299401,250,England,E12000008,E07000108
CT16 3,51.155644,1.288158,248,England,E12000008,E07000108
CT16 9,51.135444,1.303147,152,England,E12000008,E07000108
CT17 0,51.134947,1.29099,356,England,E12000008,E07000108
CT17 9,51.122048,1.300213,331,England,E12000008,E07000108
CT18 7,51.110439,1.174145,335,England,E12000008,E07000112
CT18 8,51.116934,1.107676,191,England,E12000008,E07000112
CT19 4,51.088422,1.146506,267,England,E12000008,E07000112
CT19 5,51.088375,1.172611,348,England,E12000008,E07000112
CT19 6,51.088404,1.187397,227,England,E12000008,E07000112
CT2 0,51.303951,1.122011,245,England,E12000008,E07000106
CT2 7,51.289327,1.078987,378,England,E12000008,E07000106
CT2 8,51.283269,1.068641,243,England,E12000008,E07000106
CT2 9,51.297206,1.048941,153,England,E12000008,E07000106
CT20 1,51.081316,1.175829,350,England,E12000008,E07000112
CT20 2,51.078552,1.168361,365,England,E12000008,E07000112
CT20 3,51.07971,1.143293,365,England,E12000008,E07000112
CT20 9,51.078754,1.176006,266,England,E12000008,E07000112
CT21 4,51.076789,1.058365,266,England,E12000008,E07000112
CT21 5,51.073342,1.094749,336,England,E12000008,E07000112
CT21 6,51.067365,1.072285,251,England,E12000008,E07000112
CT21 9,57.51015,0.944698,38,England,E12000008,E07000112
CT3 1,51.277557,1.201808,360,England,E12000008,E07000108
CT3 2,51.284904,1.278987,163,England,E12000008,E07000108
CT3 3,51.230235,1.197354,204,England,E12000008,E07000108
CT3 4,51.318038,1.162278,188,England,E12000008,E07000106
CT4 5,51.239957,1.099546,253,England,E12000008,E07000106
CT4 6,51.191736,1.120644,327,England,E12000008,E07000106
CT4 7,51.251537,1.022894,265,England,E12000008,E07000106
CT4 8,51.247767,0.955373,118,England,E12000008,E07000105
CT5 1,51.357156,1.030592,337,England,E12000008,E07000106
CT5 2,51.361921,1.049839,288,England,E12000008,E07000106
CT5 3,51.349446,1.043767,326,England,E12000008,E07000106
CT5 4,51.348568,1.016845,324,England,E12000008,E07000106
CT5 6,51.277787,1.084193,1,England,E12000008,E07000106
CT5 9,62.758995,0.789105,64,England,E12000008,E07000106
CT50 1,51.079217,1.144055,12,England,E12000008,E07000112
CT6 5,51.366529,1.127119,353,England,E12000008,E07000106
CT6 6,51.36758,1.150798,343,England,E12000008,E07000106
CT6 7,51.355858,1.125931,365,England,E12000008,E07000106
CT6 8,51.367061,1.108361,291,England,E12000008,E07000106
CT6 9,64.935496,0.808127,43,England,E12000008,E07000106
CT7 0,51.361591,1.292033,194,England,E12000008,E07000114
CT7 9,51.377666,1.308167,292,England,E12000008,E07000114
CT8 8,51.380546,1.340295,267,England,E12000008,E07000114
CT9 0,99.999999,0.0,1,England,,
CT9 1,51.387309,1.384609,350,England,E12000008,E07000114
CT9 2,51.386935,1.393107,343,England,E12000008,E07000114
CT9 3,51.38436,1.41076,335,England,E12000008,E07000114
CT9 4,51.369961,1.384798,227,England,E12000008,E07000114
CT9 5,51.38171,1.365615,309,England,E12000008,E07000114
CT9 9,51.386954,1.385356,213,England,E12000008,E07000114
CV1 1,52.408021,-1.509867,226,England,E12000005,E08000026
CV1 2,52.404461,-1.505139,360,England,E12000005,E08000026
CV1 3,52.406844,-1.518972,226,England,E12000005,E08000026
CV1 4,52.415348,-1.509907,277,England,E12000005,E08000026
CV1 5,52.410885,-1.500232,316,England,E12000005,E08000026
CV1 9,52.407278,-1.499217,117,England,E12000005,E08000026
CV10 0,52.537902,-1.496097,367,England,E12000005,E07000219
CV10 3,52.544777,-1.458162,5,England,E12000005,E07000219
CV10 7,52.511611,-1.483673,285,England,E12000005,E07000219
CV10 8,52.52033,-1.504009,215,England,E12000005,E07000219
CV10 9,52.527695,-1.51539,327,England,E12000005,E07000219
CV11 4,52.51411,-1.457342,349,England,E12000005,E07000219
CV11 5,52.522594,-1.472874,304,England,E12000005,E07000219
CV11 6,52.523029,-1.437858,397,England,E12000005,E07000219
CV11 7,52.537244,-1.433685,23,England,E12000005,E07000219
CV11 8,52.515365,-1.440829,18,England,E12000005,E07000219
CV11 9,52.522626,-1.464981,265,England,E12000005,E07000219
CV12 0,52.473668,-1.500266,229,England,E12000005,E07000219
CV12 2,54.012611,-1.422966,62,England,E12000005,E07000219
CV12 8,52.479276,-1.477745,292,England,E12000005,E07000219
CV12 9,52.476983,-1.446032,266,England,E12000005,E07000219
CV13 0,52.627495,-1.398762,233,England,E12000004,E07000132
CV13 6,52.583723,-1.439605,191,England,E12000004,E07000132
CV2 1,52.436643,-1.468573,356,England,E12000005,E08000026
CV2 2,52.429323,-1.449403,357,England,E12000005,E08000026
CV2 3,52.420765,-1.473107,264,England,E12000005,E08000026
CV2 4,52.413074,-1.486542,327,England,E12000005,E08000026
CV2 5,52.412321,-1.461804,244,England,E12000005,E08000026
CV21 1,52.382762,-1.270457,383,England,E12000005,E07000220
CV21 2,52.368768,-1.284982,331,England,E12000005,E07000220
CV21 3,52.361563,-1.289367,359,England,E12000005,E07000220
CV21 4,52.356973,-1.243116,193,England,E12000005,E07000220
CV21 9,52.379536,-1.251292,337,England,E12000005,E07000220
CV22 5,52.357223,-1.263965,285,England,E12000005,E07000220
CV22 6,52.350985,-1.28731,294,England,E12000005,E07000220
CV22 7,52.362693,-1.292762,373,England,E12000005,E07000220
CV23 0,52.401171,-1.273356,392,England,E12000005,E07000220
CV23 1,52.361912,-1.192863,98,England,E12000005,E07000220
CV23 8,52.293344,-1.294573,372,England,E12000005,E07000221
CV23 9,52.354415,-1.351395,308,England,E12000005,E07000220
CV3 1,52.402243,-1.480423,273,England,E12000005,E08000026
CV3 2,52.399378,-1.4501,391,England,E12000005,E08000026
CV3 3,52.3876,-1.465208,181,England,E12000005,E08000026
CV3 4,52.386859,-1.482271,176,England,E12000005,E08000026
CV3 5,52.391532,-1.504658,285,England,E12000005,E08000026
CV3 6,52.388523,-1.517148,315,England,E12000005,E08000026
CV3 9,52.934488,-1.458335,351,England,E12000005,E08000026
CV31 1,52.280938,-1.516257,396,England,E12000005,E07000222
CV31 2,52.272025,-1.526847,292,England,E12000005,E07000222
CV31 3,52.281417,-1.536434,277,England,E12000005,E07000222
CV31 9,52.467521,-1.527897,264,England,E12000005,E07000222
CV32 4,52.290502,-1.531631,330,England,E12000005,E07000222
CV32 5,52.292071,-1.537083,389,England,E12000005,E07000222
CV32 6,52.297301,-1.542985,266,England,E12000005,E07000222
CV32 7,52.304224,-1.516395,323,England,E12000005,E07000222
CV33 0,52.220749,-1.402337,381,England,E12000005,E07000221
CV33 8,52.202529,-1.483903,43,England,E12000005,E07000221
CV33 9,52.257704,-1.494823,353,England,E12000005,E07000222
CV34 0,52.261796,-1.565556,19,England,E12000005,E07000222
CV34 4,52.284459,-1.587523,279,England,E12000005,E07000222
CV34 5,52.291644,-1.585078,396,England,E12000005,E07000222
CV34 6,52.272866,-1.57348,388,England,E12000005,E07000222
CV34 7,52.264903,-1.553826,45,England,E12000005,E07000222
CV34 8,52.276224,-1.55649,55,England,E12000005,E07000222
CV34 9,52.606794,-1.590897,303,England,E12000005,E07000222
CV35 0,52.164613,-1.523043,336,England,E12000005,E07000221
CV35 7,52.309576,-1.640727,257,England,E12000005,E07000222
CV35 8,52.270674,-1.642789,296,England,E12000005,E07000222
CV35 9,52.205004,-1.591419,319,England,E12000005,E07000221
CV36 4,52.08242,-1.647979,297,England,E12000005,E07000221
CV36 5,52.052201,-1.602106,193,England,E12000005,E07000221
CV37 0,52.216697,-1.70799,327,England,E12000005,E07000221
CV37 1,52.198116,-1.716429,371,England,E12000005,E07000221
CV37 5,52.134884,-1.74993,21,England,E12000005,E07000221
CV37 6,52.194672,-1.709226,382,England,E12000005,E07000221
CV37 7,52.18181,-1.673903,345,England,E12000005,E07000221
CV37 8,52.138011,-1.74133,395,England,E12000005,E07000221
CV37 9,52.196002,-1.738157,384,England,E12000005,E07000221
CV4 0,52.758965,-1.485453,135,England,E12000005,E08000026
CV4 7,52.388318,-1.54134,149,England,E12000005,E08000026
CV4 8,52.393662,-1.564779,271,England,E12000005,E08000026
CV4 9,52.404574,-1.578665,396,England,E12000005,E08000026
CV47 0,52.252339,-1.394284,100,England,E12000005,E07000221
CV47 1,52.249752,-1.382819,144,England,E12000005,E07000221
CV47 2,52.204142,-1.41198,277,England,E12000005,E07000221
CV47 4,52.990746,-1.374502,64,England,E12000005,E07000221
CV47 7,52.215749,-1.308133,44,England,E12000005,E07000221
CV47 8,52.256729,-1.349376,117,England,E12000005,E07000221
CV47 9,52.279722,-1.394509,78,England,E12000005,E07000221
CV5 6,52.401213,-1.530626,361,England,E12000005,E08000026
CV5 7,52.414123,-1.568747,279,England,E12000005,E08000026
CV5 8,52.411107,-1.537327,258,England,E12000005,E08000026
CV5 9,52.42435,-1.562766,303,England,E12000005,E08000026
CV6 1,52.418663,-1.530287,265,England,E12000005,E08000026
CV6 2,52.433296,-1.527853,247,England,E12000005,E08000026
CV6 3,52.42559,-1.516485,182,England,E12000005,E08000026
CV6 4,52.441415,-1.512214,275,England,E12000005,E08000026
CV6 5,52.42529,-1.499406,356,England,E12000005,E08000026
CV6 6,52.445694,-1.489509,294,England,E12000005,E08000026
CV6 7,52.433141,-1.485027,251,England,E12000005,E08000026
CV6 9,53.113099,-1.477893,277,England,E12000005,E08000026
CV7 7,52.40857,-1.623288,377,England,E12000005,E08000029
CV7 8,52.469405,-1.554893,348,England,E12000005,E07000218
CV7 9,52.456678,-1.471645,276,England,E12000005,E07000219
CV8 1,52.345263,-1.586976,367,England,E12000005,E07000222
CV8 2,52.346385,-1.561878,393,England,E12000005,E07000222
CV8 3,52.373082,-1.447205,240,England,E12000005,E07000220
CV8 5,52.350942,-1.515758,1,England,E12000005,E07000222
CV8 9,53.047862,-1.55537,135,England,E12000005,E07000222
CV9 1,52.574778,-1.540519,250,England,E12000005,E07000218
CV9 2,52.575506,-1.596825,286,England,E12000005,E07000218
CV9 3,52.609677,-1.538418,238,England,E12000005,E07000218
CV9 9,53.092016,-1.529583,92,England,E12000005,E07000218
CW1 1,53.095947,-2.411377,394,England,E12000002,E06000049
CW1 2,53.098367,-2.44122,190,England,E12000002,E06000049
CW1 3,53.106388,-2.455629,393,England,E12000002,E06000049
CW1 4,53.112296,-2.444092,335,England,E12000002,E06000049
CW1 5,53.099534,-2.40649,313,England,E12000002,E06000049
CW1 6,53.089908,-2.423389,239,England,E12000002,E06000049
CW1 9,53.089729,-2.432176,250,England,E12000002,E06000049
CW10 0,53.181098,-2.445659,300,England,E12000002,E06000049
CW10 9,53.197655,-2.4521,267,England,E12000002,E06000049
CW11 0,53.139039,-2.34599,362,England,E12000002,E06000049
CW11 1,53.149036,-2.364949,304,England,E12000002,E06000049
CW11 2,53.145098,-2.319166,117,England,E12000002,E06000049
CW11 3,53.144277,-2.391578,329,England,E12000002,E06000049
CW11 4,53.133731,-2.360966,245,England,E12000002,E06000049
CW11 5,53.144178,-2.363555,103,England,E12000002,E06000049
CW11 9,53.147629,-2.379918,344,England,E12000002,E06000049
CW12 1,53.16841,-2.214644,373,England,E12000002,E06000049
CW12 2,53.179045,-2.208769,270,England,E12000002,E06000049
CW12 3,53.157905,-2.19695,337,England,E12000002,E06000049
CW12 4,53.164811,-2.237448,396,England,E12000002,E06000049
CW12 9,59.857545,-1.910571,91,England,E12000002,E06000049
CW2 5,53.063561,-2.421571,366,England,E12000002,E06000049
CW2 6,53.082957,-2.446397,342,England,E12000002,E06000049
CW2 7,53.092929,-2.447761,261,England,E12000002,E06000049
CW2 8,53.08882,-2.469458,332,England,E12000002,E06000049
CW3 0,52.994565,-2.498933,147,England,E12000002,E06000049
CW3 9,53.008349,-2.361649,269,England,E12000005,E07000195
CW4 7,53.195695,-2.344622,246,England,E12000002,E06000049
CW4 8,53.213204,-2.336782,220,England,E12000002,E06000049
CW5 5,53.067888,-2.523943,365,England,E12000002,E06000049
CW5 6,53.079519,-2.517072,346,England,E12000002,E06000049
CW5 7,53.053134,-2.492248,319,England,E12000002,E06000049
CW5 8,53.043931,-2.575017,224,England,E12000002,E06000049
CW5 9,60.508634,-2.121756,82,England,E12000002,E06000049
CW6 0,53.180575,-2.688072,356,England,E12000002,E06000050
CW6 6,66.67067,-1.898541,52,England,E12000002,E06000050
CW6 9,53.14384,-2.647493,387,England,E12000002,E06000050
CW7 1,53.184011,-2.534885,287,England,E12000002,E06000050
CW7 2,53.194858,-2.541663,369,England,E12000002,E06000050
CW7 3,53.195754,-2.50446,327,England,E12000002,E06000050
CW7 4,53.175175,-2.533549,103,England,E12000002,E06000050
CW7 9,53.193766,-2.521901,182,England,E12000002,E06000050
CW8 1,53.250321,-2.530762,320,England,E12000002,E06000050
CW8 2,53.239528,-2.596313,395,England,E12000002,E06000050
CW8 3,53.261576,-2.568282,223,England,E12000002,E06000050
CW8 4,53.266744,-2.540355,392,England,E12000002,E06000050
CW9 5,53.259504,-2.510771,301,England,E12000002,E06000050
CW9 6,53.288493,-2.508319,271,England,E12000002,E06000050
CW9 7,53.258123,-2.481976,380,England,E12000002,E06000050
CW9 8,53.240777,-2.513563,395,England,E12000002,E06000050
CW9 9,58.544834,-2.225105,345,England,E12000002,E06000050
CW98 1,53.088199,-2.431112,2,England,E12000002,E06000049
DA1 1,51.441202,0.222778,371,England,E12000008,E07000107
DA1 2,51.442322,0.209187,334,England,E12000008,E07000107
DA1 3,51.446133,0.192597,217,England,E12000008,E07000107
DA1 4,51.453928,0.186302,317,England,E12000007,E09000004
DA1 5,51.454759,0.225115,368,England,E12000008,E07000107
DA1 9,51.44478,0.210402,385,England,E12000008,E07000107
DA10 0,51.444941,0.305195,178,England,E12000008,E07000107
DA10 1,51.436645,0.302932,134,England,E12000008,E07000107
DA10 9,52.380205,0.265698,52,England,E12000008,E07000107
DA11 0,51.440113,0.363935,250,England,E12000008,E07000109
DA11 7,51.426701,0.360522,246,England,E12000008,E07000109
DA11 8,51.430344,0.343834,284,England,E12000008,E07000109
DA11 9,51.443994,0.340508,284,England,E12000008,E07000109
DA12 1,51.437162,0.37412,221,England,E12000008,E07000109
DA12 2,51.439436,0.384157,292,England,E12000008,E07000109
DA12 3,51.408119,0.416513,120,England,E12000008,E07000109
DA12 4,51.425048,0.393881,266,England,E12000008,E07000109
DA12 5,51.422865,0.378424,292,England,E12000008,E07000109
DA12 9,51.441056,0.373005,297,England,E12000008,E07000109
DA13 0,51.370401,0.361761,307,England,E12000008,E07000109
DA13 9,51.410759,0.341933,196,England,E12000008,E07000109
DA14 4,51.430565,0.111923,271,England,E12000007,E09000004
DA14 5,51.41969,0.123459,188,England,E12000007,E09000004
DA14 6,51.425362,0.100597,281,England,E12000007,E09000004
DA15 0,51.43589,0.101236,151,England,E12000007,E09000004
DA15 7,51.432451,0.096916,209,England,E12000007,E09000004
DA15 8,51.444105,0.094016,309,England,E12000007,E09000004
DA15 9,51.443809,0.107556,192,England,E12000007,E09000004
DA16 1,51.467064,0.119185,257,England,E12000007,E09000004
DA16 2,51.459698,0.103291,250,England,E12000007,E09000004
DA16 3,51.466689,0.104109,240,England,E12000007,E09000004
DA17 5,51.486178,0.143801,263,England,E12000007,E09000004
DA17 6,51.489751,0.155484,205,England,E12000007,E09000004
DA17 9,52.60052,0.168959,43,England,E12000007,E09000004
DA18 4,51.491462,0.14578,101,England,E12000007,E09000004
DA2 6,51.442971,0.243478,300,England,E12000008,E07000107
DA2 7,51.426065,0.209447,286,England,E12000008,E07000107
DA2 8,51.424123,0.277287,72,England,E12000008,E07000107
DA3 7,51.394621,0.312707,228,England,E12000008,E07000107
DA3 8,51.376379,0.301354,245,England,E12000008,E07000111
DA3 9,52.139273,0.298346,65,England,E12000008,E07000107
DA4 0,51.379789,0.215583,136,England,E12000008,E07000111
DA4 4,51.402236,0.238455,1,England,E12000008,E07000107
DA4 9,51.403259,0.243279,169,England,E12000008,E07000111
DA5 1,51.445009,0.143552,243,England,E12000007,E09000004
DA5 2,51.433278,0.16536,140,England,E12000008,E07000107
DA5 3,51.440974,0.13243,201,England,E12000007,E09000004
DA5 9,53.792661,0.166569,62,England,E12000007,E09000004
DA6 7,51.455873,0.145339,226,England,E12000007,E09000004
DA6 8,51.456311,0.132048,193,England,E12000007,E09000004
DA7 4,51.463501,0.135978,300,England,E12000007,E09000004
DA7 5,51.472022,0.138478,246,England,E12000007,E09000004
DA7 6,51.462465,0.16135,268,England,E12000007,E09000004
DA7 9,51.462401,0.136356,251,England,E12000007,E09000004
DA8 1,51.479943,0.170134,345,England,E12000007,E09000004
DA8 2,51.473136,0.190391,255,England,E12000007,E09000004
DA8 3,51.473802,0.173737,249,England,E12000007,E09000004
DA8 9,52.21166,0.192763,132,England,E12000007,E09000004
DA9 9,51.447811,0.279625,394,England,E12000008,E07000107
DD1 1,56.46144,-2.974792,253,Scotland,S99999999,S12000042
DD1 2,56.464755,-2.967808,152,Scotland,S99999999,S12000042
DD1 3,56.461937,-2.962682,185,Scotland,S99999999,S12000042
DD1 4,56.45717,-2.97986,179,Scotland,S99999999,S12000042
DD1 5,56.460964,-2.987111,207,Scotland,S99999999,S12000042
DD1 9,56.463742,-2.984575,329,Scotland,S99999999,S12000042
DD10 0,56.81164,-2.335103,245,Scotland,S99999999,S12000034
DD10 1,59.595352,-2.305893,15,Scotland,S99999999,S12000041
DD10 8,56.712476,-2.465367,275,Scotland,S99999999,S12000041
DD10 9,56.721874,-2.479885,264,Scotland,S99999999,S12000041
DD11 1,56.560667,-2.583319,274,Scotland,S99999999,S12000041
DD11 2,56.559286,-2.625666,188,Scotland,S99999999,S12000041
DD11 3,56.567369,-2.610322,166,Scotland,S99999999,S12000041
DD11 4,56.596089,-2.611698,245,Scotland,S99999999,S12000041
DD11 5,56.576937,-2.564915,200,Scotland,S99999999,S12000041
DD11 9,60.631244,-2.338499,32,Scotland,S99999999,S12000041
DD2 1,56.459205,-3.010732,351,Scotland,S99999999,S12000042
DD2 2,56.468486,-3.010135,270,Scotland,S99999999,S12000042
DD2 3,56.47969,-3.011243,377,Scotland,S99999999,S12000042
DD2 4,56.471146,-3.037216,310,Scotland,S99999999,S12000042
DD2 5,56.475006,-3.078637,302,Scotland,S99999999,S12000048
DD2 9,61.24296,-2.6826,64,Scotland,S99999999,S12000042
DD3 0,56.495956,-2.995254,265,Scotland,S99999999,S12000042
DD3 6,56.469833,-2.987069,283,Scotland,S99999999,S12000042
DD3 7,56.472129,-2.9705,264,Scotland,S99999999,S12000042
DD3 8,56.480437,-2.987354,244,Scotland,S99999999,S12000042
DD3 9,56.49266,-3.007422,262,Scotland,S99999999,S12000042
DD4 0,56.495092,-2.921544,319,Scotland,S99999999,S12000042
DD4 6,56.469269,-2.955398,247,Scotland,S99999999,S12000042
DD4 7,56.473969,-2.935416,301,Scotland,S99999999,S12000042
DD4 8,56.480046,-2.924205,323,Scotland,S99999999,S12000042
DD4 9,56.489067,-2.946985,280,Scotland,S99999999,S12000042
DD5 1,56.471131,-2.894499,206,Scotland,S99999999,S12000042
DD5 2,56.471437,-2.864627,261,Scotland,S99999999,S12000042
DD5 3,56.487878,-2.867279,359,Scotland,S99999999,S12000042
DD5 4,56.482925,-2.832992,295,Scotland,S99999999,S12000041
DD5 9,64.975311,-2.323957,41,Scotland,S99999999,S12000042
DD6 8,56.429376,-2.962969,219,Scotland,S99999999,S12000047
DD6 9,56.446135,-2.881429,162,Scotland,S99999999,S12000047
DD7 6,56.506783,-2.705812,166,Scotland,S99999999,S12000041
DD7 7,56.5,-2.730205,261,Scotland,S99999999,S12000041
DD7 9,82.600513,-1.08478,5,Scotland,S99999999,
DD8 0,56.643682,-2.890436,58,Scotland,S99999999,S12000041
DD8 1,56.630344,-2.928267,307,Scotland,S99999999,S12000041
DD8 2,56.635074,-2.83051,323,Scotland,S99999999,S12000041
DD8 3,56.669865,-2.878525,313,Scotland,S99999999,S12000041
DD8 4,56.692066,-3.01065,223,Scotland,S99999999,S12000041
DD8 5,56.667883,-3.038558,197,Scotland,S99999999,S12000041
DD8 9,56.673866,-3.004347,9,Scotland,S99999999,S12000041
DD9 6,56.728043,-2.670132,238,Scotland,S99999999,S12000041
DD9 7,56.767317,-2.663559,252,Scotland,S99999999,S12000041
DD9 9,56.733602,-2.659061,12,Scotland,S99999999,S12000041
DE1 0,52.91505,-1.466098,397,England,E12000004,E06000015
DE1 1,52.920134,-1.480771,379,England,E12000004,E06000015
DE1 2,52.917969,-1.470717,319,England,E12000004,E06000015
DE1 3,52.926701,-1.478997,326,England,E12000004,E06000015
DE1 5,53.14612,-1.337629,1,England,E12000004,E07000033
DE1 9,52.915111,-1.467425,377,England,E12000004,E06000015
DE11 0,52.781247,-1.568119,387,England,E12000004,E07000039
DE11 1,52.774549,-1.55807,179,England,E12000004,E07000039
DE11 7,52.775342,-1.533385,258,England,E12000004,E07000039
DE11 8,52.766522,-1.540393,190,England,E12000004,E07000039
DE11 9,52.764392,-1.57,338,England,E12000004,E07000039
DE12 6,52.743422,-1.55716,228,England,E12000004,E07000039
DE12 7,52.712323,-1.521484,289,England,E12000004,E07000134
DE12 8,52.73115,-1.615971,135,England,E12000004,E07000039
DE13 0,52.826642,-1.637724,388,England,E12000005,E07000193
DE13 7,52.746085,-1.754615,136,England,E12000005,E07000194
DE13 8,52.782136,-1.737371,281,England,E12000005,E07000193
DE13 9,52.830568,-1.678963,349,England,E12000005,E07000193
DE14 1,52.809252,-1.629971,307,England,E12000005,E07000193
DE14 2,52.811144,-1.645024,318,England,E12000005,E07000193
DE14 3,52.796885,-1.646827,390,England,E12000005,E07000193
DE14 9,52.813897,-1.633008,310,England,E12000005,E07000193
DE15 0,52.808645,-1.597502,263,England,E12000005,E07000193
DE15 9,52.79049,-1.621963,354,England,E12000005,E07000193
DE2 0,52.890443,-1.425583,300,England,E12000004,E06000015
DE2 2,52.944137,-1.432081,185,England,E12000004,E06000015
DE2 3,52.873813,-1.49664,109,England,E12000004,E07000039
DE2 4,52.938616,-1.446348,263,England,E12000004,E06000015
DE2 5,52.975779,-1.45668,62,England,E12000004,E07000036
DE2 6,52.926269,-1.440934,363,England,E12000004,E06000015
DE2 7,52.919055,-1.403371,278,England,E12000004,E06000015
DE2 8,52.89866,-1.449984,338,England,E12000004,E06000015
DE2 9,52.883652,-1.463281,225,England,E12000004,E06000015
DE21 2,52.941823,-1.434282,297,England,E12000004,E06000015
DE21 4,52.937511,-1.448586,332,England,E12000004,E06000015
DE21 5,52.963977,-1.456777,99,England,E12000004,E07000036
DE21 6,52.925593,-1.441851,384,England,E12000004,E06000015
DE21 7,52.917919,-1.40883,340,England,E12000004,E06000015
DE22 1,52.936118,-1.483156,195,England,E12000004,E06000015
DE22 2,52.94795,-1.491574,360,England,E12000004,E06000015
DE22 3,52.919157,-1.496115,389,England,E12000004,E06000015
DE22 4,52.92655,-1.522446,229,England,E12000004,E06000015
DE22 5,52.964883,-1.51263,32,England,E12000004,E07000032
DE23 1,52.893357,-1.497886,175,England,E12000004,E06000015
DE23 2,52.888546,-1.50723,62,England,E12000004,E06000015
DE23 3,52.894101,-1.521891,173,England,E12000004,E06000015
DE23 4,52.898375,-1.528876,79,England,E12000004,E06000015
DE23 6,52.90789,-1.492413,378,England,E12000004,E06000015
DE23 7,52.894031,-1.510758,386,England,E12000004,E06000015
DE23 8,52.904141,-1.47663,321,England,E12000004,E06000015
DE24 0,52.891275,-1.426808,335,England,E12000004,E06000015
DE24 1,52.907414,-1.445344,15,England,E12000004,E06000015
DE24 3,52.875191,-1.49809,183,England,E12000004,E07000039
DE24 5,52.883238,-1.415079,66,England,E12000004,E07000039
DE24 8,52.900694,-1.450634,387,England,E12000004,E06000015
DE24 9,52.884448,-1.467032,294,England,E12000004,E06000015
DE3 0,52.909212,-1.551089,258,England,E12000004,E06000015
DE3 1,52.938463,-1.485045,139,England,E12000004,E06000015
DE3 2,52.950008,-1.491821,295,England,E12000004,E06000015
DE3 3,52.919572,-1.496073,318,England,E12000004,E06000015
DE3 4,52.927288,-1.522836,173,England,E12000004,E06000015
DE3 5,52.909465,-1.539382,354,England,E12000004,E06000015
DE3 6,52.907421,-1.493823,326,England,E12000004,E06000015
DE3 7,52.894214,-1.507768,288,England,E12000004,E06000015
DE3 8,52.903882,-1.476777,308,England,E12000004,E06000015
DE3 9,52.911187,-1.533804,212,England,E12000004,E06000015
DE4 1,53.214467,-1.677614,285,England,E12000004,E07000035
DE4 2,53.157757,-1.602389,305,England,E12000004,E07000035
DE4 3,53.137299,-1.556677,374,England,E12000004,E07000035
DE4 4,53.086835,-1.588177,251,England,E12000004,E07000035
DE4 5,53.11375,-1.513263,270,England,E12000004,E07000032
DE4 9,53.139034,-1.554304,120,England,E12000004,E07000035
DE45 1,53.214127,-1.677914,369,England,E12000004,E07000035
DE45 9,55.965843,-1.576087,34,England,E12000004,E07000035
DE5 0,53.011123,-1.451606,180,England,E12000004,E07000032
DE5 1,53.025015,-1.476092,283,England,E12000004,E07000032
DE5 2,53.047315,-1.482959,195,England,E12000004,E07000032
DE5 3,53.050111,-1.405388,379,England,E12000004,E07000032
DE5 4,53.05036,-1.407936,88,England,E12000004,E07000032
DE5 5,53.141997,-1.343182,64,England,E12000004,E07000033
DE5 6,53.129802,-1.411763,161,England,E12000004,E07000038
DE5 7,53.096178,-1.389673,225,England,E12000004,E07000032
DE5 8,53.02754,-1.413017,103,England,E12000004,E07000032
DE5 9,53.042835,-1.382045,102,England,E12000004,E07000032
DE55 1,53.077867,-1.388097,174,England,E12000004,E07000032
DE55 2,53.103817,-1.338961,174,England,E12000004,E07000033
DE55 3,53.095476,-1.344066,97,England,E12000004,E07000033
DE55 4,53.077407,-1.3662,274,England,E12000004,E07000032
DE55 5,53.127715,-1.346867,216,England,E12000004,E07000033
DE55 6,53.129205,-1.410516,217,England,E12000004,E07000038
DE55 7,53.095121,-1.388986,300,England,E12000004,E07000032
DE55 9,53.508032,-1.359882,111,England,E12000004,E07000032
DE56 0,53.014221,-1.456473,285,England,E12000004,E07000032
DE56 1,53.024008,-1.476566,393,England,E12000004,E07000032
DE56 2,53.044089,-1.487969,285,England,E12000004,E07000032
DE56 4,52.991527,-1.491969,159,England,E12000004,E07000032
DE56 9,53.405653,-1.473133,121,England,E12000004,E07000032
DE6 1,53.021596,-1.71926,367,England,E12000004,E07000035
DE6 2,53.008765,-1.777987,185,England,E12000004,E07000035
DE6 3,52.996135,-1.63911,163,England,E12000004,E07000035
DE6 4,52.978266,-1.522342,195,England,E12000004,E07000032
DE6 5,52.897124,-1.722287,273,England,E12000004,E07000039
DE6 6,52.860619,-1.568101,222,England,E12000004,E07000039
DE6 9,54.388518,-1.661646,68,England,E12000004,E07000035
DE65 5,52.873507,-1.65847,307,England,E12000004,E07000039
DE65 6,52.860595,-1.573746,310,England,E12000004,E07000039
DE65 9,53.446931,-1.662697,81,England,E12000004,E07000039
DE7 0,52.974578,-1.316327,150,England,E12000004,E07000036
DE7 1,52.841694,-1.435811,288,England,E12000004,E07000039
DE7 2,52.843711,-1.332624,327,England,E12000004,E07000134
DE7 3,52.903207,-1.351121,304,England,E12000004,E07000036
DE7 4,52.957083,-1.314258,299,England,E12000004,E07000036
DE7 5,52.969411,-1.304849,320,England,E12000004,E07000036
DE7 6,52.980149,-1.376015,251,England,E12000004,E07000036
DE7 7,53.013365,-1.355907,308,England,E12000004,E07000032
DE7 8,52.983862,-1.311212,396,England,E12000004,E07000036
DE7 9,52.982435,-1.323591,65,England,E12000004,E07000036
DE72 2,52.86516,-1.382083,132,England,E12000004,E07000039
DE72 3,52.903839,-1.361623,384,England,E12000004,E07000036
DE73 1,52.849438,-1.43792,393,England,E12000004,E06000015
DE73 5,52.870487,-1.445864,112,England,E12000004,E06000015
DE73 6,52.872308,-1.433184,170,England,E12000004,E06000015
DE73 7,52.838372,-1.473796,85,England,E12000004,E07000039
DE73 8,52.825609,-1.423443,199,England,E12000004,E07000039
DE74 0,52.843574,-1.357158,9,England,E12000004,E07000134
DE74 2,52.846576,-1.33847,393,England,E12000004,E07000134
DE75 7,53.01281,-1.354116,389,England,E12000004,E07000032
DE75 9,52.99694,-1.33565,25,England,E12000004,E07000032
DE99 1,99.999999,0.0,3,England,,
DE99 3,52.915158,-1.464136,6,England,E12000004,E06000015
DG1 1,55.089612,-3.600932,296,Scotland,S99999999,S12000006
DG1 2,55.067557,-3.607016,213,Scotland,S99999999,S12000006
DG1 3,55.089007,-3.577033,332,Scotland,S99999999,S12000006
DG1 4,55.05097,-3.562242,371,Scotland,S99999999,S12000006
DG1 9,55.069748,-3.608108,111,Scotland,S99999999,S12000006
DG10 0,93.619096,-0.492016,7,Scotland,S99999999,
DG10 9,55.321334,-3.439413,249,Scotland,S99999999,S12000006
DG11 1,55.126121,-3.419666,284,Scotland,S99999999,S12000006
DG11 2,55.137739,-3.339537,261,Scotland,S99999999,S12000006
DG11 3,55.062295,-3.214335,174,Scotland,S99999999,S12000006
DG11 9,61.53161,-2.876215,7,Scotland,S99999999,S12000006
DG12 5,54.994339,-3.277434,217,Scotland,S99999999,S12000006
DG12 6,54.986383,-3.231339,308,Scotland,S99999999,S12000006
DG12 9,54.983865,-3.26274,4,Scotland,S99999999,S12000006
DG13 0,55.174572,-3.032309,161,Scotland,S99999999,S12000006
DG14 0,55.080155,-2.987626,84,Scotland,S99999999,S12000006
DG16 5,54.996894,-3.068617,160,Scotland,S99999999,S12000006
DG2 0,55.104315,-3.667891,292,Scotland,S99999999,S12000006
DG2 7,55.062814,-3.616604,209,Scotland,S99999999,S12000006
DG2 8,55.005468,-3.686566,226,Scotland,S99999999,S12000006
DG2 9,55.075914,-3.651128,252,Scotland,S99999999,S12000006
DG3 4,55.227535,-3.855556,131,Scotland,S99999999,S12000006
DG3 5,55.244215,-3.754072,165,Scotland,S99999999,S12000006
DG3 9,55.241891,-3.765856,7,Scotland,S99999999,S12000006
DG4 6,55.375216,-3.954904,204,Scotland,S99999999,S12000006
DG5 4,54.921552,-3.812974,236,Scotland,S99999999,S12000006
DG6 4,54.837164,-4.055481,294,Scotland,S99999999,S12000006
DG6 9,99.999999,0.0,3,Scotland,S99999999,
DG7 1,54.921805,-3.919143,268,Scotland,S99999999,S12000006
DG7 2,54.909186,-4.127916,181,Scotland,S99999999,S12000006
DG7 3,55.045993,-4.01928,286,Scotland,S99999999,S12000006
DG7 9,57.757258,-3.684007,16,Scotland,S99999999,S12000006
DG8 0,54.905548,-4.728532,171,Scotland,S99999999,S12000006
DG8 1,59.048834,-4.082976,11,Scotland,S99999999,S12000006
DG8 6,54.965947,-4.495795,257,Scotland,S99999999,S12000006
DG8 7,54.915466,-4.387873,102,Scotland,S99999999,S12000006
DG8 8,54.748985,-4.412066,179,Scotland,S99999999,S12000006
DG8 9,54.825367,-4.511566,220,Scotland,S99999999,S12000006
DG9 0,54.925235,-5.07456,198,Scotland,S99999999,S12000006
DG9 1,54.903601,-5.023632,5,Scotland,S99999999,S12000006
DG9 7,54.900494,-5.026932,282,Scotland,S99999999,S12000006
DG9 8,54.889558,-5.020036,242,Scotland,S99999999,S12000006
DG9 9,54.780847,-4.966316,187,Scotland,S99999999,S12000006
DH1 1,54.783301,-1.551734,341,England,E12000001,E06000047
DH1 2,54.774868,-1.53787,348,England,E12000001,E06000047
DH1 3,54.770057,-1.575799,310,England,E12000001,E06000047
DH1 4,54.777147,-1.586419,319,England,E12000001,E06000047
DH1 5,54.796599,-1.579578,392,England,E12000001,E06000047
DH1 9,54.925304,-1.535401,337,England,E12000001,E06000047
DH2 1,54.876819,-1.60417,306,England,E12000001,E06000047
DH2 2,54.858527,-1.595394,296,England,E12000001,E06000047
DH2 3,54.842571,-1.595605,271,England,E12000001,E06000047
DH3 1,54.8995,-1.576796,237,England,E12000001,E08000037
DH3 2,54.885303,-1.56999,231,England,E12000001,E08000037
DH3 3,54.85544,-1.573798,303,England,E12000001,E06000047
DH3 4,54.85013,-1.549626,222,England,E12000001,E06000047
DH3 9,54.85499,-1.573913,129,England,E12000001,E06000047
DH4 4,54.85883,-1.480688,348,England,E12000001,E08000024
DH4 5,54.844756,-1.483155,208,England,E12000001,E08000024
DH4 6,54.839104,-1.506074,327,England,E12000001,E06000047
DH4 7,54.869981,-1.493119,268,England,E12000001,E08000024
DH4 9,55.461826,-1.451111,73,England,E12000001,E08000024
DH5 0,54.812047,-1.444654,233,England,E12000001,E08000024
DH5 8,54.839307,-1.464129,187,England,E12000001,E08000024
DH5 9,54.824958,-1.459861,257,England,E12000001,E08000024
DH6 1,54.777722,-1.489206,220,England,E12000001,E06000047
DH6 2,54.776577,-1.402855,302,England,E12000001,E06000047
DH6 3,54.747443,-1.425603,222,England,E12000001,E06000047
DH6 4,54.72166,-1.496024,244,England,E12000001,E06000047
DH6 5,54.735602,-1.540842,201,England,E12000001,E06000047
DH7 0,54.820962,-1.72808,250,England,E12000001,E06000047
DH7 6,54.818528,-1.629695,302,England,E12000001,E06000047
DH7 7,54.77738,-1.637478,251,England,E12000001,E06000047
DH7 8,54.752578,-1.622928,324,England,E12000001,E06000047
DH7 9,54.785226,-1.694907,339,England,E12000001,E06000047
DH8 0,54.869702,-1.841375,269,England,E12000001,E06000047
DH8 1,54.831095,-1.707256,156,England,E12000001,E06000047
DH8 5,54.854586,-1.835072,300,England,E12000001,E06000047
DH8 6,54.863119,-1.811404,262,England,E12000001,E06000047
DH8 7,54.84683,-1.808104,275,England,E12000001,E06000047
DH8 8,54.850023,-1.848246,222,England,E12000001,E06000047
DH8 9,54.84768,-1.924661,269,England,E12000001,E06000047
DH9 0,54.873613,-1.683999,257,England,E12000001,E06000047
DH9 6,54.862834,-1.681218,296,England,E12000001,E06000047
DH9 7,54.85928,-1.717755,294,England,E12000001,E06000047
DH9 8,54.864461,-1.737081,292,England,E12000001,E06000047
DH9 9,54.880476,-1.731828,289,England,E12000001,E06000047
DH97 1,54.78633,-1.555284,4,England,E12000001,E06000047
DH98 1,54.887341,-1.58842,3,England,E12000001,E08000037
DH99 1,54.78795,-1.55031,31,England,E12000001,E06000047
DL1 1,54.526843,-1.542501,375,England,E12000001,E06000005
DL1 2,54.537865,-1.536136,349,England,E12000001,E06000005
DL1 3,54.550375,-1.533808,277,England,E12000001,E06000005
DL1 4,54.518267,-1.531014,372,England,E12000001,E06000005
DL1 5,54.519372,-1.553795,285,England,E12000001,E06000005
DL1 9,54.522205,-1.550899,389,England,E12000001,E06000005
DL10 4,54.407261,-1.741427,336,England,E12000003,E06000065
DL10 5,54.434497,-1.714083,188,England,E12000003,E06000065
DL10 6,54.434017,-1.633355,226,England,E12000003,E06000065
DL10 7,54.390353,-1.676953,275,England,E12000003,E06000065
DL10 9,54.40896,-1.743431,110,England,E12000003,E06000065
DL11 6,54.391981,-1.979365,226,England,E12000003,E06000065
DL11 7,54.47919,-1.778887,265,England,E12000003,E06000065
DL12 0,54.626819,-2.092694,244,England,E12000001,E06000047
DL12 2,54.550354,-1.922214,42,England,E12000001,E06000047
DL12 8,54.550698,-1.911828,322,England,E12000001,E06000047
DL12 9,54.544439,-1.970243,263,England,E12000001,E06000047
DL13 1,54.74275,-2.179066,210,England,E12000001,E06000047
DL13 2,54.744914,-2.00821,297,England,E12000001,E06000047
DL13 3,54.712367,-1.863673,191,England,E12000001,E06000047
DL13 4,54.749035,-1.812986,173,England,E12000001,E06000047
DL13 5,54.623769,-1.831632,199,England,E12000001,E06000047
DL14 0,54.654368,-1.738438,255,England,E12000001,E06000047
DL14 4,54.664766,-1.689176,149,England,E12000001,E06000047
DL14 6,54.651165,-1.678542,324,England,E12000001,E06000047
DL14 7,54.663054,-1.680937,276,England,E12000001,E06000047
DL14 8,54.660487,-1.641884,318,England,E12000001,E06000047
DL14 9,54.631711,-1.721875,284,England,E12000001,E06000047
DL15 0,54.707586,-1.695694,301,England,E12000001,E06000047
DL15 8,54.701345,-1.749589,213,England,E12000001,E06000047
DL15 9,54.717817,-1.748461,298,England,E12000001,E06000047
DL16 6,54.704144,-1.594578,355,England,E12000001,E06000047
DL16 7,54.693671,-1.614937,353,England,E12000001,E06000047
DL16 9,54.699853,-1.597468,90,England,E12000001,E06000047
DL17 0,54.665438,-1.553917,236,England,E12000001,E06000047
DL17 8,54.68777,-1.553251,238,England,E12000001,E06000047
DL17 9,54.693789,-1.511838,155,England,E12000001,E06000047
DL2 1,54.516538,-1.475083,333,England,E12000001,E06000005
DL2 2,54.51468,-1.579297,394,England,E12000001,E06000005
DL2 3,54.562598,-1.750846,266,England,E12000001,E06000047
DL2 4,54.522428,-1.610963,3,England,E12000001,E06000005
DL3 0,54.542619,-1.564866,383,England,E12000001,E06000005
DL3 6,54.531056,-1.559482,278,England,E12000001,E06000005
DL3 7,54.524766,-1.560398,293,England,E12000001,E06000005
DL3 8,54.52049,-1.579041,265,England,E12000001,E06000005
DL3 9,54.532074,-1.58192,325,England,E12000001,E06000005
DL4 1,54.632042,-1.652252,190,England,E12000001,E06000047
DL4 2,54.629526,-1.638454,175,England,E12000001,E06000047
DL5 4,54.625948,-1.570268,312,England,E12000001,E06000047
DL5 5,54.617025,-1.566928,202,England,E12000001,E06000047
DL5 6,54.604069,-1.581637,362,England,E12000001,E06000047
DL5 7,54.622835,-1.590276,209,England,E12000001,E06000047
DL5 9,64.166163,-1.23957,38,England,E12000001,E06000047
DL6 1,54.338875,-1.427811,254,England,E12000003,E06000065
DL6 2,54.386049,-1.419172,325,England,E12000003,E06000065
DL6 3,54.372969,-1.327178,231,England,E12000003,E06000065
DL7 0,54.376613,-1.526984,235,England,E12000003,E06000065
DL7 7,54.340069,-1.43401,127,England,E12000003,E06000065
DL7 8,54.334891,-1.43999,348,England,E12000003,E06000065
DL7 9,54.304274,-1.506828,279,England,E12000003,E06000065
DL8 1,54.304437,-1.626054,320,England,E12000003,E06000065
DL8 2,54.259736,-1.565605,274,England,E12000003,E06000065
DL8 3,54.301892,-2.122883,232,England,E12000003,E06000065
DL8 4,54.289257,-1.884325,235,England,E12000003,E06000065
DL8 5,54.313065,-1.809825,249,England,E12000003,E06000065
DL8 9,54.381935,-1.737549,15,England,E12000003,E06000065
DL9 3,54.373539,-1.729175,190,England,E12000003,E06000065
DL9 4,54.377694,-1.699249,330,England,E12000003,E06000065
DL98 1,54.527522,-1.559709,12,England,E12000001,E06000005
DN1 1,53.521994,-1.134085,260,England,E12000003,E08000017
DN1 2,53.524162,-1.126647,301,England,E12000003,E08000017
DN1 3,53.51858,-1.133251,260,England,E12000003,E08000017
DN1 9,53.517371,-1.094667,392,England,E12000003,E08000017
DN10 4,53.426031,-0.857223,291,England,E12000004,E07000171
DN10 5,53.405095,-0.96318,111,England,E12000004,E07000171
DN10 6,53.434925,-1.015268,288,England,E12000003,E08000017
DN11 0,53.475813,-1.07247,390,England,E12000003,E08000017
DN11 8,53.418966,-1.06345,315,England,E12000004,E07000171
DN11 9,53.446057,-1.118118,300,England,E12000003,E08000017
DN12 1,53.482101,-1.187883,215,England,E12000003,E08000017
DN12 2,53.478421,-1.230973,163,England,E12000003,E08000017
DN12 3,53.483597,-1.231492,201,England,E12000003,E08000017
DN12 4,53.488919,-1.251756,169,England,E12000003,E08000017
DN14 0,53.695503,-1.115854,366,England,E12000003,E06000065
DN14 4,61.418098,-0.746019,60,England,E12000003,E06000011
DN14 5,53.704961,-0.866248,338,England,E12000003,E06000011
DN14 6,53.708768,-0.87919,347,England,E12000003,E06000011
DN14 7,53.744755,-0.853638,394,England,E12000003,E06000011
DN14 8,53.692428,-0.893334,266,England,E12000003,E06000011
DN14 9,53.691061,-1.020909,285,England,E12000003,E06000011
DN15 0,53.619606,-0.58693,43,England,E12000003,E06000013
DN15 2,53.550302,-0.656653,1,England,E12000003,E06000013
DN15 5,53.585363,-0.654602,138,England,E12000003,E06000013
DN15 6,53.591557,-0.648368,253,England,E12000003,E06000013
DN15 7,53.589824,-0.664361,248,England,E12000003,E06000013
DN15 8,53.598788,-0.676017,339,England,E12000003,E06000013
DN15 9,53.657147,-0.629735,333,England,E12000003,E06000013
DN16 1,53.579189,-0.637163,268,England,E12000003,E06000013
DN16 2,53.569377,-0.642521,257,England,E12000003,E06000013
DN16 3,53.559414,-0.640316,352,England,E12000003,E06000013
DN17 1,53.574395,-0.672166,311,England,E12000003,E06000013
DN17 2,53.560343,-0.667184,308,England,E12000003,E06000013
DN17 3,53.549934,-0.69791,265,England,E12000003,E06000013
DN17 4,53.612971,-0.793397,249,England,E12000003,E06000013
DN18 5,53.685334,-0.441847,313,England,E12000003,E06000013
DN18 6,53.673157,-0.457774,124,England,E12000003,E06000013
DN18 9,53.688488,-0.42661,16,England,E12000003,E06000013
DN19 7,53.684438,-0.364122,267,England,E12000003,E06000013
DN19 9,53.688489,-0.426602,8,England,E12000003,E06000013
DN2 4,53.537498,-1.108307,274,England,E12000003,E08000017
DN2 5,53.532729,-1.102824,264,England,E12000003,E08000017
DN2 6,53.526702,-1.100216,188,England,E12000003,E08000017
DN20 0,53.583676,-0.514024,268,England,E12000003,E06000013
DN20 2,57.774192,-0.443856,33,England,E12000003,E06000013
DN20 8,53.555732,-0.484563,318,England,E12000003,E06000013
DN20 9,53.531424,-0.518635,239,England,E12000003,E06000013
DN21 1,53.396769,-0.763174,392,England,E12000004,E07000142
DN21 2,53.403391,-0.77777,302,England,E12000004,E07000142
DN21 3,53.458982,-0.719255,294,England,E12000004,E07000142
DN21 4,53.46577,-0.574763,280,England,E12000003,E06000013
DN21 5,53.378788,-0.672101,319,England,E12000004,E07000142
DN21 9,53.400515,-0.774936,98,England,E12000004,E07000142
DN22 0,53.304683,-0.855477,273,England,E12000004,E07000171
DN22 1,53.336241,-0.955038,110,England,E12000004,E07000171
DN22 4,53.326885,-0.944683,1,England,E12000004,E07000171
DN22 5,53.309994,-0.926942,7,England,E12000004,E07000171
DN22 6,53.32403,-0.939183,308,England,E12000004,E07000171
DN22 7,53.31819,-0.948838,396,England,E12000004,E07000171
DN22 8,53.332795,-0.988474,283,England,E12000004,E07000171
DN22 9,53.357176,-0.877806,168,England,E12000004,E07000171
DN3 1,53.562881,-1.074922,276,England,E12000003,E08000017
DN3 2,53.545044,-1.067786,292,England,E12000003,E08000017
DN3 3,53.526676,-1.052306,326,England,E12000003,E08000017
DN31 1,53.567624,-0.085541,276,England,E12000003,E06000012
DN31 2,53.57006,-0.098486,298,England,E12000003,E06000012
DN31 3,53.575819,-0.07075,234,England,E12000003,E06000012
DN31 9,53.571565,-0.07775,196,England,E12000003,E06000012
DN32 0,53.559437,-0.08309,211,England,E12000003,E06000012
DN32 2,99.999999,0.0,1,England,,
DN32 7,53.570885,-0.067879,242,England,E12000003,E06000012
DN32 8,53.560048,-0.05913,192,England,E12000003,E06000012
DN32 9,53.561668,-0.073047,273,England,E12000003,E06000012
DN33 1,53.547747,-0.105792,191,England,E12000003,E06000012
DN33 2,53.539073,-0.088635,190,England,E12000003,E06000012
DN33 3,53.536116,-0.101187,255,England,E12000003,E06000012
DN34 4,53.562563,-0.106628,257,England,E12000003,E06000012
DN34 5,53.554333,-0.116719,305,England,E12000003,E06000012
DN35 0,53.545539,-0.028079,276,England,E12000003,E06000012
DN35 7,53.566951,-0.048659,259,England,E12000003,E06000012
DN35 8,53.557996,-0.033184,269,England,E12000003,E06000012
DN35 9,53.55092,-0.04474,179,England,E12000003,E06000012
DN36 4,53.529632,-0.046392,395,England,E12000003,E06000012
DN36 5,53.492897,-0.033601,333,England,E12000004,E07000137
DN37 0,53.514865,-0.110894,331,England,E12000003,E06000012
DN37 7,53.554468,-0.164267,233,England,E12000003,E06000012
DN37 8,53.577381,-0.227049,187,England,E12000004,E07000142
DN37 9,53.570114,-0.126901,270,England,E12000003,E06000012
DN38 6,53.560393,-0.396954,123,England,E12000003,E06000013
DN39 6,53.616704,-0.329879,142,England,E12000003,E06000013
DN4 0,53.510941,-1.152384,326,England,E12000003,E08000017
DN4 5,53.513148,-1.114402,264,England,E12000003,E08000017
DN4 6,53.506564,-1.075107,345,England,E12000003,E08000017
DN4 7,53.503043,-1.090862,260,England,E12000003,E08000017
DN4 8,53.501438,-1.143486,278,England,E12000003,E08000017
DN4 9,53.498559,-1.167014,238,England,E12000003,E08000017
DN40 1,53.613676,-0.208099,218,England,E12000003,E06000012
DN40 2,53.619882,-0.212252,210,England,E12000003,E06000012
DN40 3,53.633286,-0.259619,178,England,E12000003,E06000013
DN40 9,53.621081,-0.196966,21,England,E12000003,E06000012
DN41 7,53.580608,-0.16782,113,England,E12000003,E06000012
DN41 8,53.587506,-0.213466,167,England,E12000003,E06000012
DN5 0,53.552965,-1.14194,285,England,E12000003,E08000017
DN5 7,53.525798,-1.213113,343,England,E12000003,E08000017
DN5 8,53.532037,-1.16463,295,England,E12000003,E08000017
DN5 9,53.538949,-1.155237,256,England,E12000003,E08000017
DN55 1,53.512942,-1.125722,60,England,E12000003,E08000017
DN6 0,53.612709,-1.141859,235,England,E12000003,E08000017
DN6 7,53.56529,-1.192009,312,England,E12000003,E08000017
DN6 8,53.587138,-1.192643,236,England,E12000003,E08000017
DN6 9,53.624378,-1.176756,229,England,E12000003,E08000017
DN7 4,53.573202,-1.021971,217,England,E12000003,E08000017
DN7 5,53.59941,-1.027958,269,England,E12000003,E08000017
DN7 6,53.567447,-1.004091,303,England,E12000003,E08000017
DN8 4,53.62409,-0.958531,264,England,E12000003,E08000017
DN8 5,53.606254,-0.954579,310,England,E12000003,E08000017
DN9 1,53.526061,-0.84846,349,England,E12000003,E06000013
DN9 2,53.490523,-0.863786,221,England,E12000003,E06000013
DN9 3,53.492064,-1.00478,299,England,E12000003,E08000017
DT1 1,50.7139,-2.435807,386,England,E12000009,E06000059
DT1 2,50.708356,-2.442584,301,England,E12000009,E06000059
DT1 3,50.714301,-2.46365,239,England,E12000009,E06000059
DT1 9,57.606748,-2.101534,236,England,E12000009,E06000059
DT10 1,50.946015,-2.304759,256,England,E12000009,E06000059
DT10 2,50.930913,-2.359253,287,England,E12000009,E06000059
DT10 9,52.187675,-2.242229,39,England,E12000009,E06000059
DT11 0,50.849078,-2.252499,300,England,E12000009,E06000059
DT11 1,60.90239,-1.720458,137,England,E12000009,E06000059
DT11 7,50.861514,-2.160438,363,England,E12000009,E06000059
DT11 8,50.897842,-2.161963,344,England,E12000009,E06000059
DT11 9,50.827049,-2.152696,248,England,E12000009,E06000059
DT2 0,50.804027,-2.599203,224,England,E12000009,E06000059
DT2 7,50.791738,-2.390981,329,England,E12000009,E06000059
DT2 8,50.698457,-2.345613,392,England,E12000009,E06000059
DT2 9,50.727676,-2.523822,354,England,E12000009,E06000059
DT3 4,50.635132,-2.518331,226,England,E12000009,E06000059
DT3 5,50.643023,-2.465592,278,England,E12000009,E06000059
DT3 6,50.641769,-2.431256,308,England,E12000009,E06000059
DT4 0,50.611289,-2.471237,309,England,E12000009,E06000059
DT4 4,54.613571,-2.257039,185,England,E12000009,E06000059
DT4 7,50.619044,-2.453922,314,England,E12000009,E06000059
DT4 8,50.607667,-2.455362,335,England,E12000009,E06000059
DT4 9,50.603188,-2.474657,365,England,E12000009,E06000059
DT5 1,50.557616,-2.440647,212,England,E12000009,E06000059
DT5 2,50.539725,-2.445111,183,England,E12000009,E06000059
DT5 9,50.550494,-2.444611,20,England,E12000009,E06000059
DT6 3,50.740996,-2.745686,347,England,E12000009,E06000059
DT6 4,50.721081,-2.738623,268,England,E12000009,E06000059
DT6 5,50.752457,-2.774049,259,England,E12000009,E06000059
DT6 6,50.741051,-2.857277,258,England,E12000009,E06000059
DT6 9,51.226858,-2.731826,100,England,E12000009,E06000059
DT7 3,50.72926,-2.945775,338,England,E12000009,E06000059
DT8 3,50.81496,-2.758187,274,England,E12000009,E06000059
DT9 3,50.94788,-2.515844,262,England,E12000009,E06000059
DT9 4,50.964533,-2.524993,284,England,E12000009,E06000059
DT9 5,50.940753,-2.465148,248,England,E12000009,E06000059
DT9 6,50.913767,-2.556242,264,England,E12000009,E06000059
DT9 9,50.948695,-2.515993,80,England,E12000009,E06000059
DY1 1,52.510189,-2.087002,211,England,E12000005,E08000027
DY1 2,52.510554,-2.106166,304,England,E12000005,E08000027
DY1 3,52.521293,-2.098994,257,England,E12000005,E08000027
DY1 4,52.522677,-2.084608,208,England,E12000005,E08000027
DY1 9,52.511669,-2.088547,240,England,E12000005,E08000027
DY10 1,52.383589,-2.244955,307,England,E12000005,E07000239
DY10 2,52.39408,-2.242483,362,England,E12000005,E07000239
DY10 3,52.39812,-2.22093,368,England,E12000005,E07000239
DY10 4,52.368466,-2.207113,313,England,E12000005,E07000239
DY11 5,52.403604,-2.263312,315,England,E12000005,E07000239
DY11 6,52.386097,-2.264102,350,England,E12000005,E07000239
DY11 7,52.363505,-2.254531,286,England,E12000005,E07000239
DY11 9,57.912452,-1.994109,181,England,E12000005,E07000239
DY12 1,52.393407,-2.304919,268,England,E12000005,E07000239
DY12 2,52.370898,-2.322917,299,England,E12000005,E07000239
DY12 3,52.408766,-2.378185,118,England,E12000005,E06000051
DY12 9,63.933726,-1.707474,33,England,E12000005,E07000239
DY13 0,52.326556,-2.294308,241,England,E12000005,E07000239
DY13 3,52.339598,-2.281164,73,England,E12000005,E07000239
DY13 8,52.346104,-2.284669,326,England,E12000005,E07000239
DY13 9,52.335269,-2.265931,292,England,E12000005,E07000239
DY14 0,52.38932,-2.517246,181,England,E12000005,E06000051
DY14 8,52.398854,-2.473304,243,England,E12000005,E06000051
DY14 9,52.358586,-2.397943,264,England,E12000005,E07000239
DY2 0,52.490945,-2.094129,297,England,E12000005,E08000027
DY2 7,52.508651,-2.071696,220,England,E12000005,E08000027
DY2 8,52.503535,-2.08156,239,England,E12000005,E08000027
DY2 9,52.489309,-2.07924,230,England,E12000005,E08000027
DY3 1,52.537203,-2.113993,271,England,E12000005,E08000027
DY3 2,52.519209,-2.124721,293,England,E12000005,E08000027
DY3 3,52.536063,-2.129508,273,England,E12000005,E08000027
DY3 4,52.523289,-2.180641,97,England,E12000005,E07000196
DY4 0,52.540605,-2.046864,322,England,E12000005,E08000028
DY4 4,55.096443,-1.937548,37,England,E12000005,E08000028
DY4 7,52.525271,-2.044846,321,England,E12000005,E08000028
DY4 8,52.526455,-2.063868,337,England,E12000005,E08000028
DY4 9,52.536789,-2.065214,250,England,E12000005,E08000028
DY5 1,52.484073,-2.113056,271,England,E12000005,E08000027
DY5 2,52.470999,-2.116876,356,England,E12000005,E08000027
DY5 3,52.478653,-2.130502,370,England,E12000005,E08000027
DY5 4,52.498466,-2.132301,207,England,E12000005,E08000027
DY5 9,62.203875,-1.684886,44,England,E12000005,E08000027
DY6 0,52.504268,-2.182778,117,England,E12000005,E08000027
DY6 6,59.696165,-1.841397,33,England,E12000005,E08000027
DY6 7,52.505182,-2.157478,312,England,E12000005,E08000027
DY6 8,52.493088,-2.155638,298,England,E12000005,E08000027
DY6 9,52.49606,-2.172827,270,England,E12000005,E08000027
DY7 5,52.482063,-2.237196,179,England,E12000005,E07000196
DY7 6,52.452865,-2.205717,267,England,E12000005,E07000196
DY8 1,52.45555,-2.145695,339,England,E12000005,E08000027
DY8 2,52.443354,-2.148251,211,England,E12000005,E08000027
DY8 3,52.45279,-2.161184,320,England,E12000005,E08000027
DY8 4,52.465796,-2.153703,368,England,E12000005,E08000027
DY8 5,52.477229,-2.161952,317,England,E12000005,E08000027
DY8 9,59.643651,-1.820998,172,England,E12000005,E08000027
DY9 0,52.424348,-2.137055,382,England,E12000005,E07000234
DY9 7,52.454376,-2.128846,189,England,E12000005,E08000027
DY9 8,52.457023,-2.113521,272,England,E12000005,E08000027
DY9 9,52.424252,-2.112964,261,England,E12000005,E07000234
E1 0,51.513999,-0.050016,255,England,E12000007,E09000030
E1 1,51.516213,-0.063319,305,England,E12000007,E09000030
E1 2,51.515742,-0.058245,281,England,E12000007,E09000030
E1 3,51.518349,-0.051103,219,England,E12000007,E09000030
E1 4,51.521607,-0.047981,370,England,E12000007,E09000030
E1 5,51.520571,-0.062539,270,England,E12000007,E09000030
E1 6,51.520352,-0.071403,334,England,E12000007,E09000030
E1 7,51.516888,-0.072304,222,England,E12000007,E09000030
E1 8,51.514123,-0.066162,383,England,E12000007,E09000030
E1 9,51.506965,-0.05962,377,England,E12000007,E09000030
E10 5,51.565212,-0.012355,383,England,E12000007,E09000031
E10 6,51.570764,-0.006933,334,England,E12000007,E09000031
E10 7,51.569783,-0.020963,314,England,E12000007,E09000031
E10 9,60.117258,-0.00718,136,England,E12000007,E09000031
E11 1,51.571968,0.008918,354,England,E12000007,E09000031
E11 2,51.574736,0.023515,322,England,E12000007,E09000026
E11 3,51.56265,0.01237,321,England,E12000007,E09000031
E11 4,51.561529,0.004331,387,England,E12000007,E09000031
E11 9,60.789932,0.007153,168,England,E12000007,E09000031
E12 5,51.554435,0.050507,306,England,E12000007,E09000025
E12 6,51.547909,0.051772,347,England,E12000007,E09000025
E12 9,59.977646,0.038193,92,England,E12000007,E09000025
E13 0,51.531157,0.022673,302,England,E12000007,E09000025
E13 3,55.935703,0.021178,88,England,E12000007,E09000025
E13 8,51.52386,0.024028,302,England,E12000007,E09000025
E13 9,51.529646,0.031837,284,England,E12000007,E09000025
E14 0,51.512142,-0.006988,377,England,E12000007,E09000030
E14 1,51.51299,-0.026986,375,England,E12000007,E09000030
E14 2,51.509834,-0.007081,46,England,E12000007,E09000030
E14 3,51.496299,-0.016423,396,England,E12000007,E09000030
E14 4,51.506325,-0.023996,112,England,E12000007,E09000030
E14 5,51.507598,-0.020702,226,England,E12000007,E09000030
E14 6,51.514808,-0.018172,331,England,E12000007,E09000030
E14 7,51.514449,-0.03215,364,England,E12000007,E09000030
E14 8,51.504815,-0.027251,356,England,E12000007,E09000030
E14 9,51.500358,-0.015924,398,England,E12000007,E09000030
E15 1,51.543873,0.001644,363,England,E12000007,E09000025
E15 2,51.538071,-0.00747,392,England,E12000007,E09000025
E15 3,51.532738,0.006411,265,England,E12000007,E09000025
E15 4,51.538996,0.004873,335,England,E12000007,E09000025
E15 9,58.802269,-0.004351,160,England,E12000007,E09000025
E16 1,51.511395,0.013588,385,England,E12000007,E09000025
E16 2,51.503527,0.04351,394,England,E12000007,E09000025
E16 3,51.513396,0.021726,306,England,E12000007,E09000025
E16 4,51.51941,0.006322,248,England,E12000007,E09000025
E16 9,57.782312,0.009135,147,England,E12000007,E09000025
E17 0,51.58555,-0.017952,381,England,E12000007,E09000031
E17 3,51.587392,-0.007963,318,England,E12000007,E09000031
E17 4,51.591638,-0.011952,374,England,E12000007,E09000031
E17 5,51.594369,-0.026696,330,England,E12000007,E09000031
E17 6,51.587839,-0.030991,395,England,E12000007,E09000031
E17 7,51.58273,-0.027788,312,England,E12000007,E09000031
E17 8,51.577648,-0.024661,307,England,E12000007,E09000031
E17 9,51.582556,-0.012867,349,England,E12000007,E09000031
E18 1,51.592287,0.02985,284,England,E12000007,E09000026
E18 2,51.592917,0.021762,323,England,E12000007,E09000026
E18 9,61.707089,0.021043,67,England,E12000007,E09000026
E1W 1,51.509241,-0.066872,173,England,E12000007,E09000030
E1W 2,51.508329,-0.060852,220,England,E12000007,E09000030
E1W 3,51.510406,-0.053192,221,England,E12000007,E09000030
E1W 9,58.229665,-0.050052,354,England,E12000007,E09000030
E2 0,51.528667,-0.053104,318,England,E12000007,E09000030
E2 2,56.35111,-0.054388,171,England,E12000007,E09000030
E2 6,51.527496,-0.063345,262,England,E12000007,E09000030
E2 7,51.528741,-0.069632,276,England,E12000007,E09000030
E2 8,51.532753,-0.069552,321,England,E12000007,E09000012
E2 9,51.531912,-0.056888,300,England,E12000007,E09000030
E20 1,51.546485,-0.009331,207,England,E12000007,E09000025
E20 2,51.540325,-0.013444,14,England,E12000007,E09000025
E20 3,51.547384,-0.019608,32,England,E12000007,E09000012
E22 2,51.500954,-0.022652,6,England,E12000007,E09000030
E22 3,51.502014,-0.011146,13,England,E12000007,E09000030
E3 2,51.533196,-0.024811,396,England,E12000007,E09000030
E3 3,51.524541,-0.016389,390,England,E12000007,E09000030
E3 4,51.523182,-0.027648,382,England,E12000007,E09000030
E3 5,51.531694,-0.033569,342,England,E12000007,E09000030
E3 9,59.411494,-0.024184,123,England,E12000007,E09000030
E4 0,58.819204,0.006692,175,England,E12000007,E09000031
E4 5,99.999999,0.0,1,England,,
E4 6,51.626075,0.00319,367,England,E12000007,E09000031
E4 7,51.634076,-0.001705,344,England,E12000007,E09000031
E4 8,51.617773,-0.016203,328,England,E12000007,E09000031
E4 9,51.614903,-0.002338,366,England,E12000007,E09000031
E5 0,51.555916,-0.048206,358,England,E12000007,E09000012
E5 5,58.24137,-0.049595,116,England,E12000007,E09000012
E5 8,51.557786,-0.059069,365,England,E12000007,E09000012
E5 9,51.56426,-0.055581,355,England,E12000007,E09000012
E6 1,51.53436,0.046036,268,England,E12000007,E09000025
E6 2,51.533628,0.058493,282,England,E12000007,E09000025
E6 3,51.526023,0.050812,325,England,E12000007,E09000025
E6 4,51.518331,0.057517,369,England,E12000007,E09000025
E6 5,51.516849,0.054051,263,England,E12000007,E09000025
E6 6,51.522741,0.062494,211,England,E12000007,E09000025
E6 7,51.512066,0.076653,10,England,E12000007,E09000025
E6 9,51.526153,0.057664,279,England,E12000007,E09000025
E7 0,51.550755,0.026391,292,England,E12000007,E09000025
E7 7,57.432158,0.020812,140,England,E12000007,E09000025
E7 8,51.545086,0.03146,310,England,E12000007,E09000025
E7 9,51.546772,0.021753,350,England,E12000007,E09000025
E77 1,51.513949,-0.069103,39,England,E12000007,E09000030
E8 1,51.54453,-0.060147,255,England,E12000007,E09000012
E8 2,51.547046,-0.067934,270,England,E12000007,E09000012
E8 3,51.541238,-0.065467,347,England,E12000007,E09000012
E8 4,51.537153,-0.067657,311,England,E12000007,E09000012
E8 9,51.533028,-0.060294,163,England,E12000007,E09000030
E9 5,51.543973,-0.036088,382,England,E12000007,E09000012
E9 6,51.544826,-0.049634,295,England,E12000007,E09000012
E9 7,51.537975,-0.051392,338,England,E12000007,E09000012
E9 9,59.027665,-0.051053,97,England,E12000007,E09000030
E98 1,51.508606,-0.064075,76,England,E12000007,E09000030
EC1A 1,51.524327,-0.111685,191,England,E12000007,E09000019
EC1A 2,51.517242,-0.104879,56,England,E12000007,E09000001
EC1A 4,51.518986,-0.099207,87,England,E12000007,E09000001
EC1A 7,51.517943,-0.099455,128,England,E12000007,E09000001
EC1A 9,51.51896,-0.102355,159,England,E12000007,E09000001
EC1M 3,51.521131,-0.107418,70,England,E12000007,E09000007
EC1M 4,51.521782,-0.103539,150,England,E12000007,E09000019
EC1M 5,51.521828,-0.104065,143,England,E12000007,E09000019
EC1M 6,51.520456,-0.10173,142,England,E12000007,E09000019
EC1M 7,51.52285,-0.100266,22,England,E12000007,E09000019
EC1N 2,51.518168,-0.109406,102,England,E12000007,E09000001
EC1N 6,51.518862,-0.107596,36,England,E12000007,E09000007
EC1N 7,51.52074,-0.110722,87,England,E12000007,E09000007
EC1N 8,51.520614,-0.108725,289,England,E12000007,E09000007
EC1P 1,51.524567,-0.112017,400,England,E12000007,E09000019
EC1R 0,51.524321,-0.106802,177,England,E12000007,E09000019
EC1R 1,51.528249,-0.10902,61,England,E12000007,E09000019
EC1R 3,51.523606,-0.109341,100,England,E12000007,E09000019
EC1R 4,51.525227,-0.110144,140,England,E12000007,E09000019
EC1R 5,51.522547,-0.110584,103,England,E12000007,E09000007
EC1V 0,51.524932,-0.102338,136,England,E12000007,E09000019
EC1V 1,51.529395,-0.098844,103,England,E12000007,E09000019
EC1V 2,51.528196,-0.096712,108,England,E12000007,E09000019
EC1V 3,51.525715,-0.097865,125,England,E12000007,E09000019
EC1V 4,51.525478,-0.104237,127,England,E12000007,E09000019
EC1V 7,51.527372,-0.103552,168,England,E12000007,E09000019
EC1V 8,51.527648,-0.097956,74,England,E12000007,E09000019
EC1V 9,51.525322,-0.093735,211,England,E12000007,E09000019
EC1Y 0,51.523131,-0.097742,90,England,E12000007,E09000019
EC1Y 1,51.523688,-0.089607,42,England,E12000007,E09000019
EC1Y 2,51.523373,-0.088463,56,England,E12000007,E09000019
EC1Y 4,51.520873,-0.091085,64,England,E12000007,E09000019
EC1Y 7,51.531504,-0.105573,1,England,E12000007,E09000019
EC1Y 8,51.523479,-0.094255,194,England,E12000007,E09000019
EC2A 1,51.521455,-0.093414,210,England,E12000007,E09000019
EC2A 2,51.52158,-0.086553,162,England,E12000007,E09000012
EC2A 3,51.524815,-0.08624,247,England,E12000007,E09000012
EC2A 4,51.523767,-0.086262,296,England,E12000007,E09000012
EC2M 1,51.517548,-0.086689,95,England,E12000007,E09000001
EC2M 2,51.519994,-0.088629,130,England,E12000007,E09000001
EC2M 3,51.518887,-0.084813,88,England,E12000007,E09000001
EC2M 4,51.518008,-0.083111,179,England,E12000007,E09000001
EC2M 5,51.517935,-0.090404,128,England,E12000007,E09000001
EC2M 6,51.519225,-0.092134,52,England,E12000007,E09000001
EC2M 7,51.517935,-0.085705,152,England,E12000007,E09000001
EC2N 1,51.515573,-0.086319,89,England,E12000007,E09000001
EC2N 2,51.515979,-0.088366,99,England,E12000007,E09000001
EC2N 3,51.516397,-0.088055,31,England,E12000007,E09000001
EC2N 4,51.516501,-0.087191,45,England,E12000007,E09000001
EC2P 2,51.524128,-0.110624,380,England,E12000007,E09000019
EC2R 5,51.517137,-0.092517,35,England,E12000007,E09000001
EC2R 6,51.516861,-0.092391,100,England,E12000007,E09000001
EC2R 7,51.516472,-0.090438,105,England,E12000007,E09000001
EC2R 8,51.515422,-0.092454,113,England,E12000007,E09000001
EC2V 5,51.517239,-0.094224,77,England,E12000007,E09000001
EC2V 6,51.514605,-0.095405,107,England,E12000007,E09000001
EC2V 7,51.516432,-0.095123,176,England,E12000007,E09000001
EC2V 8,51.515005,-0.094494,96,England,E12000007,E09000001
EC2Y 5,51.518286,-0.09499,89,England,E12000007,E09000001
EC2Y 8,51.521293,-0.099845,121,England,E12000007,E09000001
EC2Y 9,51.519909,-0.092571,85,England,E12000007,E09000001
EC3A 1,51.513194,-0.081599,18,England,E12000007,E09000001
EC3A 2,51.513729,-0.081517,34,England,E12000007,E09000001
EC3A 3,51.515962,-0.087216,21,England,E12000007,E09000001
EC3A 4,51.513912,-0.082237,27,England,E12000007,E09000001
EC3A 5,51.51391,-0.079244,85,England,E12000007,E09000001
EC3A 6,51.515728,-0.085078,64,England,E12000007,E09000001
EC3A 7,51.515667,-0.080787,140,England,E12000007,E09000001
EC3A 8,51.515101,-0.082891,119,England,E12000007,E09000001
EC3B 0,51.514032,-0.081797,1,England,E12000007,E09000001
EC3M 1,51.510813,-0.085054,86,England,E12000007,E09000001
EC3M 2,51.513358,-0.083058,14,England,E12000007,E09000001
EC3M 3,51.511553,-0.083595,78,England,E12000007,E09000001
EC3M 4,51.512816,-0.0801,48,England,E12000007,E09000001
EC3M 5,51.512917,-0.082853,117,England,E12000007,E09000001
EC3M 6,51.51203,-0.084714,25,England,E12000007,E09000001
EC3M 7,51.513371,-0.085372,85,England,E12000007,E09000001
EC3M 8,51.510932,-0.083995,27,England,E12000007,E09000001
EC3N 1,51.513287,-0.078091,149,England,E12000007,E09000001
EC3N 2,51.512814,-0.080249,113,England,E12000007,E09000001
EC3N 3,51.511969,-0.079488,36,England,E12000007,E09000001
EC3N 4,51.511754,-0.081829,95,England,E12000007,E09000001
EC3P 3,51.52301,-0.108312,129,England,E12000007,E09000019
EC3R 5,51.510279,-0.08255,44,England,E12000007,E09000001
EC3R 6,51.511172,-0.087979,76,England,E12000007,E09000001
EC3R 7,51.510821,-0.081107,177,England,E12000007,E09000001
EC3R 8,51.512396,-0.089263,99,England,E12000007,E09000001
EC3V 0,51.512424,-0.0856,77,England,E12000007,E09000001
EC3V 1,51.512763,-0.084059,45,England,E12000007,E09000001
EC3V 3,51.513541,-0.086707,73,England,E12000007,E09000001
EC3V 4,51.513881,-0.084373,44,England,E12000007,E09000001
EC3V 9,51.513871,-0.090058,109,England,E12000007,E09000001
EC4A 1,51.516518,-0.110164,159,England,E12000007,E09000001
EC4A 2,51.514484,-0.108849,127,England,E12000007,E09000001
EC4A 3,51.515838,-0.108148,139,England,E12000007,E09000001
EC4A 4,51.516913,-0.106282,90,England,E12000007,E09000001
EC4M 4,51.515282,-0.103364,3,England,E12000007,E09000001
EC4M 5,51.513617,-0.096698,16,England,E12000007,E09000001
EC4M 6,51.5143,-0.09839,26,England,E12000007,E09000001
EC4M 7,51.515583,-0.103159,187,England,E12000007,E09000001
EC4M 8,51.514348,-0.100648,35,England,E12000007,E09000001
EC4M 9,51.513878,-0.095619,77,England,E12000007,E09000001
EC4N 1,51.514919,-0.096345,45,England,E12000007,E09000001
EC4N 4,51.513412,-0.094022,50,England,E12000007,E09000001
EC4N 5,51.513689,-0.09371,41,England,E12000007,E09000001
EC4N 6,51.512254,-0.092367,78,England,E12000007,E09000001
EC4N 7,51.512907,-0.090634,73,England,E12000007,E09000001
EC4N 8,51.513732,-0.093245,85,England,E12000007,E09000001
EC4P 4,51.523339,-0.110755,219,England,E12000007,E09000019
EC4R 0,51.511697,-0.090801,53,England,E12000007,E09000001
EC4R 1,51.511718,-0.094242,61,England,E12000007,E09000001
EC4R 2,51.511701,-0.092831,42,England,E12000007,E09000001
EC4R 3,51.511813,-0.093236,37,England,E12000007,E09000001
EC4R 9,51.510714,-0.089067,80,England,E12000007,E09000001
EC4V 2,51.512502,-0.095827,38,England,E12000007,E09000001
EC4V 3,51.511479,-0.097514,119,England,E12000007,E09000001
EC4V 4,51.512108,-0.099754,97,England,E12000007,E09000001
EC4V 5,51.513305,-0.101617,98,England,E12000007,E09000001
EC4V 6,51.514107,-0.104887,85,England,E12000007,E09000001
EC4Y 0,51.512663,-0.107986,100,England,E12000007,E09000001
EC4Y 1,51.514552,-0.108893,125,England,E12000007,E09000001
EC4Y 7,51.513393,-0.109978,65,England,E12000007,E09000001
EC4Y 8,51.514339,-0.107793,88,England,E12000007,E09000001
EC4Y 9,51.512151,-0.111706,33,England,E12000007,E09000001
EC50 0,51.524505,-0.112063,37,England,E12000007,E09000019
EC50 1,51.524505,-0.112063,12,England,E12000007,E09000019
EC50 3,51.524505,-0.112063,16,England,E12000007,E09000019
EC50 4,51.524505,-0.112063,28,England,E12000007,E09000019
EC50 5,51.524505,-0.112063,7,England,E12000007,E09000019
EC50 6,51.524505,-0.112063,2,England,E12000007,E09000019
EC50 9,51.524505,-0.112063,27,England,E12000007,E09000019
EC88 1,51.526581,-0.080967,63,England,E12000007,E09000012
EC88 2,51.508026,-0.064367,1,England,E12000007,E09000030
EC88 3,51.508026,-0.064367,1,England,E12000007,E09000030
EC88 4,51.508026,-0.064367,1,England,E12000007,E09000030
EC88 5,51.508026,-0.064367,1,England,E12000007,E09000030
EC88 6,51.508026,-0.064367,1,England,E12000007,E09000030
EC88 7,51.508026,-0.064367,1,England,E12000007,E09000030
EC88 8,51.508026,-0.064367,1,England,E12000007,E09000030
EC88 9,51.508026,-0.064367,1,England,E12000007,E09000030
EH1 1,55.951078,-3.189037,278,Scotland,S99999999,S12000036
EH1 2,55.949193,-3.198394,223,Scotland,S99999999,S12000036
EH1 3,55.956873,-3.187507,250,Scotland,S99999999,S12000036
EH1 9,63.286017,-2.694113,18,Scotland,S99999999,S12000036
EH10 1,55.942252,-3.214016,1,Scotland,S99999999,S12000036
EH10 4,55.932954,-3.208254,302,Scotland,S99999999,S12000036
EH10 5,55.924957,-3.217168,344,Scotland,S99999999,S12000036
EH10 6,55.914025,-3.208142,328,Scotland,S99999999,S12000036
EH10 7,55.903209,-3.207452,135,Scotland,S99999999,S12000036
EH10 9,57.591969,-3.087719,53,Scotland,S99999999,S12000036
EH11 1,55.937004,-3.226911,351,Scotland,S99999999,S12000036
EH11 2,55.940373,-3.230679,299,Scotland,S99999999,S12000036
EH11 3,55.930917,-3.265617,331,Scotland,S99999999,S12000036
EH11 4,55.92528,-3.282934,317,Scotland,S99999999,S12000036
EH12 0,55.946722,-3.328627,70,Scotland,S99999999,S12000036
EH12 1,56.265803,-3.256421,265,Scotland,S99999999,S12000036
EH12 5,55.944118,-3.236307,336,Scotland,S99999999,S12000036
EH12 6,55.946602,-3.255663,227,Scotland,S99999999,S12000036
EH12 7,55.93841,-3.279791,320,Scotland,S99999999,S12000036
EH12 8,55.94656,-3.294642,368,Scotland,S99999999,S12000036
EH12 9,55.934151,-3.300525,231,Scotland,S99999999,S12000036
EH13 0,55.907797,-3.255147,236,Scotland,S99999999,S12000036
EH13 9,55.909507,-3.22847,212,Scotland,S99999999,S12000036
EH14 1,55.926126,-3.242235,314,Scotland,S99999999,S12000036
EH14 2,55.920531,-3.268967,261,Scotland,S99999999,S12000036
EH14 3,55.91238,-3.280583,122,Scotland,S99999999,S12000036
EH14 4,55.916631,-3.303277,31,Scotland,S99999999,S12000036
EH14 5,55.900991,-3.303389,285,Scotland,S99999999,S12000036
EH14 6,55.89686,-3.295909,23,Scotland,S99999999,S12000036
EH14 7,55.884693,-3.336088,186,Scotland,S99999999,S12000036
EH14 9,56.610978,-3.187563,65,Scotland,S99999999,S12000036
EH15 1,55.95106,-3.120447,300,Scotland,S99999999,S12000036
EH15 2,55.948565,-3.101075,243,Scotland,S99999999,S12000036
EH15 3,55.940414,-3.11596,246,Scotland,S99999999,S12000036
EH15 9,55.951632,-3.112149,32,Scotland,S99999999,S12000036
EH16 4,55.929839,-3.129332,390,Scotland,S99999999,S12000036
EH16 5,55.929526,-3.162005,346,Scotland,S99999999,S12000036
EH16 6,55.911624,-3.161704,380,Scotland,S99999999,S12000036
EH16 9,57.224152,-3.062846,68,Scotland,S99999999,S12000036
EH17 7,55.913279,-3.13789,252,Scotland,S99999999,S12000036
EH17 8,55.900764,-3.146698,394,Scotland,S99999999,S12000036
EH18 1,55.876595,-3.121621,124,Scotland,S99999999,S12000019
EH19 2,55.875649,-3.110379,160,Scotland,S99999999,S12000019
EH19 3,55.870791,-3.101429,306,Scotland,S99999999,S12000019
EH19 9,62.177473,-2.660815,14,Scotland,S99999999,S12000019
EH2 1,55.955,-3.194918,173,Scotland,S99999999,S12000036
EH2 2,55.953366,-3.196251,213,Scotland,S99999999,S12000036
EH2 3,55.953325,-3.200726,156,Scotland,S99999999,S12000036
EH2 4,55.952142,-3.206805,244,Scotland,S99999999,S12000036
EH2 9,55.944534,-3.228628,13,Scotland,S99999999,S12000036
EH20 0,55.873719,-3.104284,6,Scotland,S99999999,S12000019
EH20 9,55.878751,-3.154804,279,Scotland,S99999999,S12000019
EH21 6,55.940378,-3.062435,299,Scotland,S99999999,S12000010
EH21 7,55.941481,-3.04279,277,Scotland,S99999999,S12000010
EH21 8,55.933894,-3.032911,308,Scotland,S99999999,S12000010
EH21 9,55.943707,-3.04791,29,Scotland,S99999999,S12000010
EH22 1,55.903946,-3.085371,283,Scotland,S99999999,S12000019
EH22 2,55.894071,-3.04475,255,Scotland,S99999999,S12000019
EH22 3,55.886644,-3.080895,185,Scotland,S99999999,S12000019
EH22 4,55.871765,-3.059843,286,Scotland,S99999999,S12000019
EH22 5,55.872398,-3.040116,244,Scotland,S99999999,S12000019
EH22 9,55.892775,-3.072098,68,Scotland,S99999999,S12000019
EH23 4,55.841001,-3.051726,343,Scotland,S99999999,S12000019
EH24 9,55.850968,-3.135134,85,Scotland,S99999999,S12000019
EH25 4,99.999999,0.0,1,Scotland,S99999999,
EH25 9,55.858973,-3.177456,166,Scotland,S99999999,S12000019
EH26 0,55.842488,-3.217626,283,Scotland,S99999999,S12000019
EH26 6,55.828119,-3.22294,8,Scotland,S99999999,S12000019
EH26 8,55.827989,-3.215842,208,Scotland,S99999999,S12000019
EH26 9,55.825295,-3.245529,147,Scotland,S99999999,S12000019
EH27 8,55.890227,-3.42342,87,Scotland,S99999999,S12000040
EH28 8,55.929097,-3.401004,183,Scotland,S99999999,S12000036
EH28 9,66.913545,-2.721016,4,Scotland,S99999999,S12000040
EH29 9,55.956818,-3.395757,139,Scotland,S99999999,S12000036
EH3 0,55.961292,-3.202037,1,Scotland,S99999999,S12000036
EH3 1,61.873952,-2.797698,156,Scotland,S99999999,S12000036
EH3 5,55.962598,-3.200135,262,Scotland,S99999999,S12000036
EH3 6,55.957263,-3.196938,332,Scotland,S99999999,S12000036
EH3 7,55.950752,-3.211351,275,Scotland,S99999999,S12000036
EH3 8,55.947657,-3.207301,187,Scotland,S99999999,S12000036
EH3 9,55.945864,-3.200409,333,Scotland,S99999999,S12000036
EH30 9,55.98307,-3.385383,359,Scotland,S99999999,S12000036
EH31 2,56.037459,-2.82053,114,Scotland,S99999999,S12000010
EH32 0,55.975446,-2.923572,319,Scotland,S99999999,S12000010
EH32 2,59.62932,-2.734724,12,Scotland,S99999999,S12000010
EH32 9,55.956773,-2.978154,298,Scotland,S99999999,S12000010
EH33 1,55.945673,-2.935408,213,Scotland,S99999999,S12000010
EH33 2,55.937385,-2.952872,233,Scotland,S99999999,S12000010
EH33 9,55.944123,-2.953553,10,Scotland,S99999999,S12000010
EH34 5,55.910406,-2.885693,98,Scotland,S99999999,S12000010
EH35 5,55.911077,-2.944576,78,Scotland,S99999999,S12000010
EH36 5,55.855444,-2.854298,11,Scotland,S99999999,S12000010
EH37 5,55.863449,-2.966274,105,Scotland,S99999999,S12000019
EH38 5,55.785174,-2.961873,15,Scotland,S99999999,S12000026
EH39 4,56.056616,-2.723751,253,Scotland,S99999999,S12000010
EH39 5,56.037241,-2.743986,218,Scotland,S99999999,S12000010
EH39 9,58.055594,-2.598985,22,Scotland,S99999999,S12000010
EH4 1,55.959298,-3.219502,282,Scotland,S99999999,S12000036
EH4 2,55.961347,-3.240103,329,Scotland,S99999999,S12000036
EH4 3,55.955496,-3.240598,305,Scotland,S99999999,S12000036
EH4 4,55.970962,-3.250594,356,Scotland,S99999999,S12000036
EH4 5,55.969308,-3.264141,228,Scotland,S99999999,S12000036
EH4 6,55.967599,-3.294349,251,Scotland,S99999999,S12000036
EH4 7,55.957306,-3.282542,259,Scotland,S99999999,S12000036
EH4 8,55.957863,-3.302632,149,Scotland,S99999999,S12000036
EH4 9,59.963162,-2.932352,121,Scotland,S99999999,S12000036
EH40 3,55.990232,-2.651377,75,Scotland,S99999999,S12000010
EH41 3,55.956675,-2.788074,284,Scotland,S99999999,S12000010
EH41 4,55.939336,-2.767093,224,Scotland,S99999999,S12000010
EH41 9,55.955324,-2.781513,47,Scotland,S99999999,S12000010
EH42 1,55.993804,-2.524896,393,Scotland,S99999999,S12000010
EH42 9,98.482786,-0.086737,29,Scotland,S99999999,
EH43 6,55.623865,-3.011645,29,Scotland,S99999999,S12000026
EH44 6,55.620983,-3.070462,124,Scotland,S99999999,S12000026
EH45 6,58.115705,-3.010717,18,Scotland,S99999999,S12000026
EH45 8,55.661046,-3.196545,259,Scotland,S99999999,S12000026
EH45 9,55.643514,-3.180806,168,Scotland,S99999999,S12000026
EH46 7,55.734606,-3.343019,128,Scotland,S99999999,S12000026
EH47 0,55.866082,-3.687847,249,Scotland,S99999999,S12000040
EH47 7,55.876042,-3.61732,222,Scotland,S99999999,S12000040
EH47 8,55.858625,-3.660977,213,Scotland,S99999999,S12000040
EH47 9,55.830456,-3.702213,149,Scotland,S99999999,S12000040
EH48 1,55.899455,-3.623756,259,Scotland,S99999999,S12000040
EH48 2,55.894081,-3.6597,382,Scotland,S99999999,S12000040
EH48 3,55.896792,-3.716691,273,Scotland,S99999999,S12000040
EH48 4,55.910743,-3.643644,183,Scotland,S99999999,S12000040
EH48 9,62.186909,-3.109732,63,Scotland,S99999999,S12000040
EH49 6,55.972068,-3.60209,257,Scotland,S99999999,S12000040
EH49 7,55.980742,-3.601618,274,Scotland,S99999999,S12000040
EH49 9,61.625477,-3.163343,39,Scotland,S99999999,S12000040
EH5 1,55.977651,-3.228609,286,Scotland,S99999999,S12000036
EH5 2,55.972558,-3.226512,230,Scotland,S99999999,S12000036
EH5 3,55.973768,-3.204375,262,Scotland,S99999999,S12000036
EH5 9,55.960078,-3.192992,6,Scotland,S99999999,S12000036
EH51 0,56.009942,-3.617892,199,Scotland,S99999999,S12000014
EH51 1,71.726087,-2.318667,14,Scotland,S99999999,S12000014
EH51 9,56.012258,-3.595943,287,Scotland,S99999999,S12000014
EH52 1,55.918878,-3.553713,5,Scotland,S99999999,S12000040
EH52 5,55.93056,-3.480834,288,Scotland,S99999999,S12000040
EH52 6,55.94417,-3.489175,387,Scotland,S99999999,S12000040
EH52 9,55.884727,-3.628021,14,Scotland,S99999999,S12000040
EH53 0,55.895329,-3.470606,358,Scotland,S99999999,S12000040
EH54 0,55.890491,-3.526803,190,Scotland,S99999999,S12000040
EH54 5,55.901933,-3.500426,224,Scotland,S99999999,S12000040
EH54 6,55.890074,-3.52124,391,Scotland,S99999999,S12000040
EH54 7,55.885916,-3.538162,165,Scotland,S99999999,S12000040
EH54 8,55.902559,-3.546587,291,Scotland,S99999999,S12000040
EH54 9,55.871496,-3.515099,181,Scotland,S99999999,S12000040
EH55 8,55.848723,-3.573351,314,Scotland,S99999999,S12000040
EH6 4,55.975317,-3.187408,311,Scotland,S99999999,S12000036
EH6 5,55.96922,-3.179541,288,Scotland,S99999999,S12000036
EH6 6,55.974552,-3.17429,312,Scotland,S99999999,S12000036
EH6 7,55.971376,-3.160199,257,Scotland,S99999999,S12000036
EH6 8,55.966252,-3.169045,281,Scotland,S99999999,S12000036
EH6 9,64.481234,-2.519749,31,Scotland,S99999999,S12000036
EH7 4,55.962959,-3.185373,304,Scotland,S99999999,S12000036
EH7 5,55.95918,-3.170539,380,Scotland,S99999999,S12000036
EH7 6,55.96005,-3.145999,317,Scotland,S99999999,S12000036
EH7 9,56.197617,-3.124178,182,Scotland,S99999999,S12000036
EH77 7,99.999999,0.0,1,Scotland,S99999999,
EH8 7,55.952214,-3.144932,280,Scotland,S99999999,S12000036
EH8 8,55.953565,-3.173838,181,Scotland,S99999999,S12000036
EH8 9,55.945924,-3.181253,316,Scotland,S99999999,S12000036
EH9 1,55.936736,-3.189653,340,Scotland,S99999999,S12000036
EH9 2,55.932119,-3.1866,219,Scotland,S99999999,S12000036
EH9 3,55.927139,-3.180586,156,Scotland,S99999999,S12000036
EH9 8,63.080101,-2.677283,37,Scotland,S99999999,S12000036
EH91 5,55.927169,-3.2907,25,Scotland,S99999999,S12000036
EH95 1,55.978614,-3.253521,6,Scotland,S99999999,S12000036
EH99 1,55.951883,-3.194749,3,Scotland,S99999999,S12000036
EN1 1,51.647794,-0.068105,385,England,E12000007,E09000010
EN1 2,51.643098,-0.075709,260,England,E12000007,E09000010
EN1 3,51.656524,-0.072361,360,England,E12000007,E09000010
EN1 4,51.666539,-0.059107,307,England,E12000007,E09000010
EN1 8,51.667579,-0.068087,1,England,E12000007,E09000010
EN1 9,51.651953,-0.077103,390,England,E12000007,E09000010
EN10 6,51.734437,-0.019608,311,England,E12000006,E07000095
EN10 7,51.748014,-0.022884,279,England,E12000006,E07000095
EN11 0,51.765768,-0.001056,284,England,E12000006,E07000095
EN11 1,51.759784,-0.010263,298,England,E12000006,E07000095
EN11 8,51.760044,-0.014191,342,England,E12000006,E07000095
EN11 9,51.771421,-0.011998,238,England,E12000006,E07000095
EN2 0,51.662894,-0.084825,260,England,E12000007,E09000010
EN2 6,51.651736,-0.083062,266,England,E12000007,E09000010
EN2 7,51.652115,-0.102157,270,England,E12000007,E09000010
EN2 8,51.660771,-0.098525,288,England,E12000007,E09000010
EN2 9,51.674612,-0.086754,112,England,E12000007,E09000010
EN3 4,51.644962,-0.046777,362,England,E12000007,E09000010
EN3 5,51.661678,-0.046626,329,England,E12000007,E09000010
EN3 6,51.669414,-0.03522,393,England,E12000007,E09000010
EN3 7,51.655125,-0.03829,366,England,E12000007,E09000010
EN4 0,51.657126,-0.160183,240,England,E12000007,E09000010
EN4 8,51.641346,-0.162488,358,England,E12000007,E09000003
EN4 9,51.649508,-0.163168,307,England,E12000007,E09000003
EN5 1,51.645107,-0.177147,311,England,E12000007,E09000003
EN5 2,51.645934,-0.200796,350,England,E12000007,E09000003
EN5 3,51.646954,-0.219626,170,England,E12000007,E09000003
EN5 4,51.656427,-0.200243,273,England,E12000007,E09000003
EN5 5,51.652049,-0.187014,376,England,E12000007,E09000003
EN5 9,51.781295,-0.17058,350,England,E12000007,E09000003
EN6 1,51.700708,-0.184777,320,England,E12000006,E07000098
EN6 2,51.693059,-0.190773,257,England,E12000006,E07000098
EN6 3,51.698037,-0.212719,226,England,E12000006,E07000098
EN6 4,51.707905,-0.132545,265,England,E12000006,E07000241
EN6 5,51.694631,-0.17495,229,England,E12000006,E07000098
EN6 9,51.698615,-0.190185,150,England,E12000006,E07000098
EN7 3,51.66058,-0.079951,1,England,E12000007,E09000010
EN7 5,51.703349,-0.06849,264,England,E12000006,E07000095
EN7 6,51.712425,-0.062847,374,England,E12000006,E07000095
EN77 1,99.999999,0.0,67,England,,
EN8 0,51.71143,-0.035017,291,England,E12000006,E07000095
EN8 1,51.685227,-0.031532,267,England,E12000006,E07000095
EN8 7,51.686421,-0.028086,339,England,E12000006,E07000095
EN8 8,51.692698,-0.035792,325,England,E12000006,E07000095
EN8 9,51.703561,-0.035025,321,England,E12000006,E07000095
EN9 1,51.685968,-0.001133,330,England,E12000006,E07000072
EN9 2,51.723019,0.015117,221,England,E12000006,E07000072
EN9 3,51.684646,0.019418,330,England,E12000006,E07000072
EX1 1,50.722816,-3.527154,347,England,E12000009,E07000041
EX1 2,50.725677,-3.514203,329,England,E12000009,E07000041
EX1 3,50.732289,-3.476932,393,England,E12000009,E07000041
EX1 4,50.738632,-3.457242,57,England,E12000009,E07000040
EX1 9,50.726196,-3.52235,392,England,E12000009,E07000041
EX10 0,50.702915,-3.266821,247,England,E12000009,E07000040
EX10 1,50.683857,-3.241676,85,England,E12000009,E07000040
EX10 8,50.681542,-3.240553,315,England,E12000009,E07000040
EX10 9,50.695408,-3.236169,339,England,E12000009,E07000040
EX11 1,50.747242,-3.288484,394,England,E12000009,E07000040
EX12 2,50.709711,-3.072922,361,England,E12000009,E07000040
EX12 3,50.698365,-3.106929,172,England,E12000009,E07000040
EX12 4,50.715112,-3.049147,42,England,E12000009,E07000040
EX12 9,55.987336,-2.742694,28,England,E12000009,E07000040
EX13 5,50.782372,-2.985771,351,England,E12000009,E07000040
EX13 6,50.74099,-3.076298,263,England,E12000009,E07000040
EX13 7,50.798499,-3.029915,274,England,E12000009,E07000040
EX13 8,50.75116,-3.017969,54,England,E12000009,E07000040
EX13 9,50.781839,-2.997458,22,England,E12000009,E07000040
EX14 0,51.258414,-3.210625,336,England,E12000009,E07000040
EX14 1,50.79837,-3.19281,273,England,E12000009,E07000040
EX14 2,50.793211,-3.19279,156,England,E12000009,E07000040
EX14 3,50.800002,-3.257846,235,England,E12000009,E07000040
EX14 4,50.846742,-3.208716,161,England,E12000009,E07000040
EX14 8,50.796226,-3.191735,369,England,E12000009,E07000040
EX14 9,50.830484,-3.121493,275,England,E12000009,E07000040
EX15 1,50.856376,-3.396834,390,England,E12000009,E07000042
EX15 2,50.866383,-3.349351,293,England,E12000009,E07000042
EX15 3,50.90872,-3.279301,326,England,E12000009,E07000042
EX15 9,50.855997,-3.393066,40,England,E12000009,E07000042
EX16 0,50.904299,-3.485752,118,England,E12000009,E07000042
EX16 4,50.902285,-3.466021,237,England,E12000009,E07000042
EX16 5,50.902649,-3.496823,206,England,E12000009,E07000042
EX16 6,50.908367,-3.481191,357,England,E12000009,E07000042
EX16 7,50.933741,-3.399288,251,England,E12000009,E07000042
EX16 8,50.906371,-3.610718,232,England,E12000009,E07000042
EX16 9,50.980717,-3.509688,234,England,E12000009,E07000042
EX17 1,50.794392,-3.632397,116,England,E12000009,E07000042
EX17 2,50.792746,-3.661754,92,England,E12000009,E07000042
EX17 3,50.787114,-3.657702,233,England,E12000009,E07000042
EX17 4,50.843073,-3.66044,253,England,E12000009,E07000042
EX17 5,50.788163,-3.757324,186,England,E12000009,E07000042
EX17 6,50.831201,-3.792059,261,England,E12000009,E07000042
EX17 9,51.990414,-3.557952,41,England,E12000009,E07000042
EX18 7,50.901614,-3.886493,222,England,E12000009,E07000043
EX19 8,50.875366,-3.997896,261,England,E12000009,E07000046
EX2 0,50.690406,-3.525985,43,England,E12000009,E07000045
EX2 4,50.718265,-3.522021,311,England,E12000009,E07000041
EX2 5,50.717487,-3.496748,312,England,E12000009,E07000041
EX2 6,50.709197,-3.505757,173,England,E12000009,E07000041
EX2 7,50.709388,-3.483597,362,England,E12000009,E07000041
EX2 8,50.706361,-3.530504,395,England,E12000009,E07000041
EX2 9,50.706747,-3.548862,304,England,E12000009,E07000041
EX20 1,50.740628,-3.993973,394,England,E12000009,E07000047
EX20 2,50.764647,-3.911719,309,England,E12000009,E07000047
EX20 3,50.808375,-4.06945,280,England,E12000009,E07000047
EX20 4,50.680256,-4.135264,221,England,E12000009,E07000047
EX20 9,50.736656,-3.960769,34,England,E12000009,E07000047
EX21 5,50.802993,-4.208616,318,England,E12000009,E07000046
EX22 6,50.790463,-4.379167,341,England,E12000009,E07000046
EX22 7,50.866051,-4.354969,322,England,E12000009,E07000046
EX22 9,50.810233,-4.355691,28,England,E12000009,E07000046
EX23 0,50.773358,-4.559093,211,England,E12000009,E06000052
EX23 3,52.65224,-4.377316,27,England,E12000009,E06000052
EX23 8,50.829256,-4.539072,333,England,E12000009,E06000052
EX23 9,50.858274,-4.507322,278,England,E12000009,E06000052
EX24 6,50.737563,-3.087335,243,England,E12000009,E07000040
EX3 0,50.690036,-3.459896,277,England,E12000009,E07000041
EX3 9,52.396223,-3.346647,59,England,E12000009,E07000041
EX31 1,51.083373,-4.063749,304,England,E12000009,E07000043
EX31 2,51.073316,-4.087409,220,England,E12000009,E07000043
EX31 3,51.057274,-4.101097,386,England,E12000009,E07000043
EX31 4,51.129404,-4.019006,314,England,E12000009,E07000043
EX32 0,51.055841,-3.993153,291,England,E12000009,E07000043
EX32 2,51.080104,-4.056985,197,England,E12000009,E07000043
EX32 7,51.085753,-4.012252,240,England,E12000009,E07000043
EX32 8,51.077731,-4.046625,257,England,E12000009,E07000043
EX32 9,51.071919,-4.0466,176,England,E12000009,E07000043
EX33 1,51.118067,-4.182863,223,England,E12000009,E07000043
EX33 2,51.106645,-4.14829,202,England,E12000009,E07000043
EX34 0,51.199229,-4.026756,180,England,E12000009,E07000043
EX34 4,62.050798,-3.20764,27,England,E12000009,E07000043
EX34 7,51.179047,-4.188156,117,England,E12000009,E07000043
EX34 8,51.198247,-4.127099,237,England,E12000009,E07000043
EX34 9,51.207077,-4.111088,299,England,E12000009,E07000043
EX35 6,51.224739,-3.829505,153,England,E12000009,E07000043
EX36 3,51.033452,-3.80087,232,England,E12000009,E07000043
EX36 4,51.001609,-3.800413,243,England,E12000009,E07000043
EX36 9,51.017651,-3.835178,18,England,E12000009,E07000043
EX37 9,50.979337,-3.955716,221,England,E12000009,E07000043
EX38 7,50.956625,-4.124612,154,England,E12000009,E07000046
EX38 8,50.93685,-4.170376,218,England,E12000009,E07000046
EX38 9,68.118955,-2.692865,20,England,E12000009,E07000046
EX39 1,51.042519,-4.214503,388,England,E12000009,E07000046
EX39 2,51.021027,-4.208908,222,England,E12000009,E07000046
EX39 3,51.019174,-4.220314,296,England,E12000009,E07000046
EX39 4,51.023264,-4.18352,258,England,E12000009,E07000046
EX39 5,50.981343,-4.290519,314,England,E12000009,E07000046
EX39 6,50.983931,-4.4875,113,England,E12000009,E07000046
EX39 9,51.021686,-4.204005,98,England,E12000009,E07000046
EX4 0,50.762444,-3.470774,26,England,E12000009,E07000040
EX4 1,50.718107,-3.547784,261,England,E12000009,E07000041
EX4 2,50.729161,-3.559216,232,England,E12000009,E07000041
EX4 3,50.723931,-3.532206,313,England,E12000009,E07000041
EX4 4,50.730944,-3.535598,345,England,E12000009,E07000041
EX4 5,50.741573,-3.52708,115,England,E12000009,E07000041
EX4 6,50.730187,-3.522289,309,England,E12000009,E07000041
EX4 7,50.733609,-3.510018,141,England,E12000009,E07000041
EX4 8,50.736153,-3.488172,258,England,E12000009,E07000041
EX4 9,50.740658,-3.493533,119,England,E12000009,E07000041
EX5 1,50.691745,-3.418662,251,England,E12000009,E07000040
EX5 2,50.746472,-3.377199,329,England,E12000009,E07000040
EX5 3,50.768156,-3.434496,157,England,E12000009,E07000040
EX5 4,50.804871,-3.469304,231,England,E12000009,E07000042
EX5 5,50.784014,-3.546666,192,England,E12000009,E07000042
EX5 7,50.75072,-3.400902,168,England,E12000009,E07000040
EX6 6,50.726421,-3.729165,211,England,E12000009,E07000045
EX6 7,50.673638,-3.620543,320,England,E12000009,E07000045
EX6 8,50.64655,-3.479522,332,England,E12000009,E07000045
EX6 9,75.36311,-1.761108,4,England,,
EX7 0,50.589748,-3.469336,326,England,E12000009,E07000045
EX7 7,60.875975,-2.74767,24,England,E12000009,E07000045
EX7 9,50.582701,-3.473343,286,England,E12000009,E07000045
EX8 1,50.620439,-3.413494,306,England,E12000009,E07000040
EX8 2,50.620532,-3.395976,314,England,E12000009,E07000040
EX8 3,50.630358,-3.40643,185,England,E12000009,E07000040
EX8 4,50.632923,-3.392927,281,England,E12000009,E07000040
EX8 5,50.641569,-3.405326,285,England,E12000009,E07000040
EX8 9,59.597611,-2.79149,77,England,E12000009,E07000040
EX9 6,50.632183,-3.327309,265,England,E12000009,E07000040
EX9 7,50.653123,-3.31616,131,England,E12000009,E07000040
EX9 9,75.314889,-1.66386,10,England,,
FK1 1,55.999073,-3.781628,296,Scotland,S99999999,S12000014
FK1 2,55.96836,-3.763822,225,Scotland,S99999999,S12000014
FK1 3,55.937302,-3.832195,101,Scotland,S99999999,S12000014
FK1 4,56.002002,-3.818369,205,Scotland,S99999999,S12000014
FK1 5,55.995368,-3.798029,279,Scotland,S99999999,S12000014
FK1 9,56.001955,-3.786525,185,Scotland,S99999999,S12000014
FK10 1,56.113202,-3.792057,240,Scotland,S99999999,S12000005
FK10 2,56.126831,-3.817947,302,Scotland,S99999999,S12000005
FK10 3,56.127555,-3.777308,252,Scotland,S99999999,S12000005
FK10 4,56.086646,-3.728711,221,Scotland,S99999999,S12000047
FK10 9,56.114652,-3.794778,95,Scotland,S99999999,S12000005
FK11 7,56.149924,-3.85115,82,Scotland,S99999999,S12000005
FK12 5,56.152093,-3.801526,167,Scotland,S99999999,S12000005
FK13 6,56.150165,-3.742437,208,Scotland,S99999999,S12000005
FK14 7,56.163953,-3.665833,198,Scotland,S99999999,S12000005
FK15 0,56.19634,-3.951483,205,Scotland,S99999999,S12000030
FK15 5,56.18042,-3.965522,31,Scotland,S99999999,S12000030
FK15 9,56.205329,-3.951471,238,Scotland,S99999999,S12000030
FK16 6,56.191045,-4.059001,100,Scotland,S99999999,S12000030
FK17 8,56.240481,-4.21943,164,Scotland,S99999999,S12000030
FK18 8,56.316141,-4.316488,9,Scotland,S99999999,S12000030
FK19 8,56.373328,-4.311355,35,Scotland,S99999999,S12000030
FK2 0,55.981141,-3.714096,396,Scotland,S99999999,S12000014
FK2 7,56.011853,-3.786791,390,Scotland,S99999999,S12000014
FK2 8,56.039249,-3.785283,287,Scotland,S99999999,S12000014
FK2 9,55.996585,-3.751422,325,Scotland,S99999999,S12000014
FK20 8,56.407393,-4.610554,28,Scotland,S99999999,S12000030
FK21 8,56.466165,-4.320861,56,Scotland,S99999999,S12000030
FK3 0,56.005424,-3.716589,116,Scotland,S99999999,S12000014
FK3 3,56.019478,-3.724817,18,Scotland,S99999999,S12000014
FK3 8,56.013165,-3.728148,303,Scotland,S99999999,S12000014
FK3 9,56.013512,-3.709704,188,Scotland,S99999999,S12000014
FK4 1,55.999159,-3.913142,280,Scotland,S99999999,S12000014
FK4 2,55.993521,-3.894176,113,Scotland,S99999999,S12000014
FK5 3,56.019495,-3.821198,142,Scotland,S99999999,S12000014
FK5 4,56.027788,-3.820471,393,Scotland,S99999999,S12000014
FK6 5,56.016414,-3.9184,202,Scotland,S99999999,S12000014
FK6 6,56.026926,-3.911155,208,Scotland,S99999999,S12000014
FK6 9,56.02284,-3.90887,27,Scotland,S99999999,S12000014
FK7 0,56.097366,-3.929566,192,Scotland,S99999999,S12000030
FK7 1,56.115145,-3.92206,138,Scotland,S99999999,S12000030
FK7 7,56.104197,-3.898123,341,Scotland,S99999999,S12000030
FK7 8,56.079673,-3.900111,217,Scotland,S99999999,S12000030
FK7 9,56.103001,-3.953192,224,Scotland,S99999999,S12000030
FK8 1,56.124736,-3.940527,341,Scotland,S99999999,S12000030
FK8 2,56.113337,-3.938641,237,Scotland,S99999999,S12000030
FK8 3,56.146776,-4.220532,291,Scotland,S99999999,S12000030
FK9 4,56.145867,-3.949424,323,Scotland,S99999999,S12000030
FK9 5,56.135005,-3.928715,212,Scotland,S99999999,S12000030
FY0 1,53.754638,-3.008141,7,England,E12000002,E07000119
FY1 1,53.819137,-3.053111,237,England,E12000002,E06000009
FY1 2,53.826516,-3.050348,255,England,E12000002,E06000009
FY1 3,53.820735,-3.045162,269,England,E12000002,E06000009
FY1 4,53.815236,-3.04739,264,England,E12000002,E06000009
FY1 5,53.809274,-3.046442,235,England,E12000002,E06000009
FY1 6,53.802732,-3.04427,253,England,E12000002,E06000009
FY1 9,53.818749,-3.051976,296,England,E12000002,E06000009
FY2 0,53.84498,-3.033236,390,England,E12000002,E06000009
FY2 9,53.843799,-3.049057,303,England,E12000002,E06000009
FY3 0,53.822013,-2.996978,80,England,E12000002,E07000119
FY3 7,53.831162,-3.022264,340,England,E12000002,E06000009
FY3 8,53.822754,-3.027917,269,England,E12000002,E06000009
FY3 9,53.809818,-3.024719,345,England,E12000002,E06000009
FY4 1,53.789433,-3.052511,287,England,E12000002,E06000009
FY4 2,53.787143,-3.041944,250,England,E12000002,E06000009
FY4 3,53.79142,-3.034692,234,England,E12000002,E06000009
FY4 4,53.799739,-3.015389,384,England,E12000002,E06000009
FY4 5,53.787592,-3.010904,274,England,E12000002,E06000009
FY4 9,65.964907,-2.249197,38,England,E12000002,E06000009
FY5 1,53.874194,-3.043338,263,England,E12000002,E07000128
FY5 2,53.880131,-3.027822,362,England,E12000002,E07000128
FY5 3,53.86561,-3.030221,362,England,E12000002,E06000009
FY5 4,53.87846,-3.007675,255,England,E12000002,E07000128
FY5 5,53.869037,-3.000174,223,England,E12000002,E07000128
FY5 9,68.346351,-2.088282,51,England,E12000002,E07000128
FY6 0,53.915855,-2.969719,251,England,E12000002,E07000128
FY6 6,53.84606,-2.978253,102,England,E12000002,E07000128
FY6 7,53.84887,-2.994086,393,England,E12000002,E07000128
FY6 8,53.839459,-2.979709,212,England,E12000002,E07000128
FY6 9,53.874011,-2.956176,109,England,E12000002,E07000128
FY7 6,53.921369,-3.014171,331,England,E12000002,E07000128
FY7 7,53.916647,-3.028451,215,England,E12000002,E07000128
FY7 8,53.911055,-3.036196,304,England,E12000002,E07000128
FY7 9,56.893142,-2.821477,31,England,E12000002,E07000128
FY8 1,53.747927,-3.02025,377,England,E12000002,E07000119
FY8 2,53.759692,-3.035016,318,England,E12000002,E07000119
FY8 3,53.758426,-3.012805,357,England,E12000002,E07000119
FY8 4,53.746946,-2.980175,328,England,E12000002,E07000119
FY8 5,53.739638,-2.965669,293,England,E12000002,E07000119
FY8 8,99.999999,0.0,1,England,,
FY8 9,53.748838,-3.030851,215,England,E12000002,E07000119
G1 1,55.860418,-4.245554,279,Scotland,S99999999,S12000049
G1 2,55.862934,-4.251696,212,Scotland,S99999999,S12000049
G1 3,55.861324,-4.252476,263,Scotland,S99999999,S12000049
G1 4,55.857694,-4.253962,201,Scotland,S99999999,S12000049
G1 5,55.856632,-4.244503,202,Scotland,S99999999,S12000049
G1 9,56.907055,-4.142697,85,Scotland,S99999999,S12000049
G11 5,55.873195,-4.304551,183,Scotland,S99999999,S12000049
G11 6,55.87011,-4.310492,221,Scotland,S99999999,S12000049
G11 7,55.875403,-4.319281,284,Scotland,S99999999,S12000049
G11 9,56.519875,-4.254647,137,Scotland,S99999999,S12000049
G12 0,55.885612,-4.308176,327,Scotland,S99999999,S12000049
G12 4,55.875764,-4.292195,1,Scotland,S99999999,S12000049
G12 8,55.875238,-4.291649,290,Scotland,S99999999,S12000049
G12 9,55.877746,-4.304985,341,Scotland,S99999999,S12000049
G13 1,55.890089,-4.331301,326,Scotland,S99999999,S12000049
G13 2,55.897733,-4.339957,252,Scotland,S99999999,S12000049
G13 3,55.891813,-4.354371,269,Scotland,S99999999,S12000049
G13 4,55.894287,-4.372876,190,Scotland,S99999999,S12000049
G13 9,55.886367,-4.350391,81,Scotland,S99999999,S12000049
G14 0,55.881009,-4.357869,306,Scotland,S99999999,S12000049
G14 9,55.879381,-4.343516,288,Scotland,S99999999,S12000049
G15 6,55.904076,-4.361859,184,Scotland,S99999999,S12000049
G15 7,55.9137,-4.362003,212,Scotland,S99999999,S12000049
G15 8,55.91286,-4.377856,179,Scotland,S99999999,S12000049
G15 9,55.910488,-4.373195,9,Scotland,S99999999,S12000049
G2 1,55.863301,-4.252351,253,Scotland,S99999999,S12000049
G2 2,55.863618,-4.25688,283,Scotland,S99999999,S12000049
G2 3,55.865835,-4.258685,174,Scotland,S99999999,S12000049
G2 4,55.864669,-4.262097,290,Scotland,S99999999,S12000049
G2 5,55.863587,-4.255312,284,Scotland,S99999999,S12000049
G2 6,55.861751,-4.257278,247,Scotland,S99999999,S12000049
G2 7,55.861672,-4.262012,174,Scotland,S99999999,S12000049
G2 8,55.859693,-4.257936,171,Scotland,S99999999,S12000049
G2 9,60.755035,-3.774545,334,Scotland,S99999999,S12000049
G20 0,55.896195,-4.29499,229,Scotland,S99999999,S12000049
G20 2,56.614222,-4.218635,61,Scotland,S99999999,S12000049
G20 6,55.878349,-4.276696,277,Scotland,S99999999,S12000049
G20 7,55.878483,-4.270338,221,Scotland,S99999999,S12000049
G20 8,55.886325,-4.288856,249,Scotland,S99999999,S12000049
G20 9,55.888444,-4.277407,220,Scotland,S99999999,S12000049
G21 1,55.880733,-4.236288,249,Scotland,S99999999,S12000049
G21 2,55.870965,-4.220054,266,Scotland,S99999999,S12000049
G21 3,55.889021,-4.213186,258,Scotland,S99999999,S12000049
G21 4,55.88125,-4.222071,260,Scotland,S99999999,S12000049
G22 5,55.882132,-4.254566,227,Scotland,S99999999,S12000049
G22 6,55.889286,-4.253106,222,Scotland,S99999999,S12000049
G22 7,55.898136,-4.251068,207,Scotland,S99999999,S12000049
G22 9,55.88614,-4.246625,35,Scotland,S99999999,S12000049
G23 5,55.902582,-4.285103,167,Scotland,S99999999,S12000049
G3 2,55.869052,-4.276135,1,Scotland,S99999999,S12000049
G3 6,55.868717,-4.267629,283,Scotland,S99999999,S12000049
G3 7,55.866125,-4.274099,309,Scotland,S99999999,S12000049
G3 8,55.864233,-4.274802,386,Scotland,S99999999,S12000049
G3 9,56.359013,-4.195287,90,Scotland,S99999999,S12000049
G31 1,55.857204,-4.219409,212,Scotland,S99999999,S12000049
G31 2,55.860282,-4.220692,267,Scotland,S99999999,S12000049
G31 3,55.862427,-4.209872,219,Scotland,S99999999,S12000049
G31 4,55.848866,-4.198457,246,Scotland,S99999999,S12000049
G31 5,55.852171,-4.191754,141,Scotland,S99999999,S12000049
G31 9,56.975114,-4.090843,39,Scotland,S99999999,S12000049
G32 0,55.854324,-4.151912,206,Scotland,S99999999,S12000049
G32 2,55.84207,-4.171956,47,Scotland,S99999999,S12000049
G32 6,55.858355,-4.181122,248,Scotland,S99999999,S12000049
G32 7,55.85019,-4.171852,239,Scotland,S99999999,S12000049
G32 8,55.838127,-4.16802,294,Scotland,S99999999,S12000049
G32 9,55.845624,-4.152355,197,Scotland,S99999999,S12000049
G33 1,55.885175,-4.187285,276,Scotland,S99999999,S12000049
G33 2,55.866679,-4.189221,210,Scotland,S99999999,S12000049
G33 3,55.867535,-4.168272,255,Scotland,S99999999,S12000049
G33 4,55.861111,-4.139579,273,Scotland,S99999999,S12000049
G33 5,55.874218,-4.149207,146,Scotland,S99999999,S12000049
G33 6,55.88817,-4.148313,239,Scotland,S99999999,S12000050
G33 9,56.534568,-4.120818,66,Scotland,S99999999,S12000049
G34 0,55.868695,-4.102996,149,Scotland,S99999999,S12000049
G34 9,55.867293,-4.120377,189,Scotland,S99999999,S12000049
G4 0,55.864666,-4.24314,323,Scotland,S99999999,S12000049
G4 7,55.868682,-4.242683,76,Scotland,S99999999,S12000049
G4 9,55.872225,-4.263605,262,Scotland,S99999999,S12000049
G40 1,55.847894,-4.229999,161,Scotland,S99999999,S12000049
G40 2,55.853076,-4.226864,224,Scotland,S99999999,S12000049
G40 3,55.846993,-4.213687,213,Scotland,S99999999,S12000049
G40 4,55.842036,-4.217618,229,Scotland,S99999999,S12000049
G40 9,55.841558,-4.195051,26,Scotland,S99999999,S12000049
G41 1,55.846757,-4.273752,241,Scotland,S99999999,S12000049
G41 2,55.838299,-4.272884,245,Scotland,S99999999,S12000049
G41 3,55.829566,-4.281375,326,Scotland,S99999999,S12000049
G41 4,55.837628,-4.289432,221,Scotland,S99999999,S12000049
G41 5,55.844326,-4.291432,231,Scotland,S99999999,S12000049
G42 0,55.83097,-4.240923,153,Scotland,S99999999,S12000049
G42 2,56.911303,-4.160463,165,Scotland,S99999999,S12000049
G42 7,55.838916,-4.25831,198,Scotland,S99999999,S12000049
G42 8,55.835552,-4.261355,316,Scotland,S99999999,S12000049
G42 9,55.827036,-4.26311,271,Scotland,S99999999,S12000049
G43 1,55.820747,-4.302184,263,Scotland,S99999999,S12000049
G43 2,55.816922,-4.284256,305,Scotland,S99999999,S12000049
G44 3,55.80848,-4.26918,293,Scotland,S99999999,S12000049
G44 4,55.820757,-4.254375,266,Scotland,S99999999,S12000049
G44 5,55.814051,-4.244535,223,Scotland,S99999999,S12000049
G44 9,56.678612,-4.18577,51,Scotland,S99999999,S12000049
G45 0,55.805479,-4.22312,159,Scotland,S99999999,S12000049
G45 5,99.999999,0.0,4,Scotland,S99999999,
G45 9,55.804072,-4.238864,275,Scotland,S99999999,S12000049
G46 6,55.801394,-4.293911,292,Scotland,S99999999,S12000011
G46 7,55.803771,-4.307854,275,Scotland,S99999999,S12000011
G46 8,55.807682,-4.322978,262,Scotland,S99999999,S12000049
G46 9,62.87757,-3.612248,125,Scotland,S99999999,S12000011
G5 0,55.843895,-4.243083,317,Scotland,S99999999,S12000049
G5 7,99.999999,0.0,4,Scotland,S99999999,
G5 8,55.85107,-4.266826,218,Scotland,S99999999,S12000049
G5 9,55.849915,-4.256479,223,Scotland,S99999999,S12000049
G51 1,55.853382,-4.292803,236,Scotland,S99999999,S12000049
G51 2,55.856156,-4.30593,297,Scotland,S99999999,S12000049
G51 3,55.860087,-4.317612,274,Scotland,S99999999,S12000049
G51 4,55.859594,-4.333719,321,Scotland,S99999999,S12000049
G51 9,55.856255,-4.300984,80,Scotland,S99999999,S12000049
G52 1,55.843542,-4.329389,237,Scotland,S99999999,S12000049
G52 2,55.849859,-4.35374,237,Scotland,S99999999,S12000049
G52 3,55.843514,-4.351341,222,Scotland,S99999999,S12000049
G52 4,55.856949,-4.368598,331,Scotland,S99999999,S12000038
G52 9,55.856752,-4.37388,55,Scotland,S99999999,S12000038
G53 5,55.832325,-4.348749,256,Scotland,S99999999,S12000049
G53 6,55.817905,-4.349559,230,Scotland,S99999999,S12000049
G53 7,55.814798,-4.356269,394,Scotland,S99999999,S12000049
G53 9,55.824192,-4.347263,20,Scotland,S99999999,S12000049
G58 1,55.865111,-4.245623,21,Scotland,S99999999,S12000049
G58 2,55.821992,-4.332296,4,Scotland,S99999999,S12000049
G59 1,99.999999,0.0,4,Scotland,S99999999,
G60 5,55.921917,-4.454281,162,Scotland,S99999999,S12000039
G60 9,57.567599,-4.235281,53,Scotland,S99999999,S12000039
G61 1,55.908408,-4.332585,211,Scotland,S99999999,S12000045
G61 2,55.915457,-4.317747,258,Scotland,S99999999,S12000045
G61 3,55.926492,-4.327858,243,Scotland,S99999999,S12000045
G61 4,55.925112,-4.346718,243,Scotland,S99999999,S12000045
G61 6,55.939446,-4.318214,1,Scotland,S99999999,S12000045
G61 9,55.919555,-4.320563,85,Scotland,S99999999,S12000045
G62 6,55.93788,-4.312785,180,Scotland,S99999999,S12000045
G62 7,55.944466,-4.331911,220,Scotland,S99999999,S12000045
G62 8,55.946531,-4.313024,133,Scotland,S99999999,S12000045
G62 9,55.940459,-4.319555,53,Scotland,S99999999,S12000045
G63 0,56.067683,-4.388437,265,Scotland,S99999999,S12000030
G63 9,56.015068,-4.353249,237,Scotland,S99999999,S12000030
G64 1,55.903489,-4.209731,361,Scotland,S99999999,S12000045
G64 2,55.908073,-4.223039,244,Scotland,S99999999,S12000045
G64 3,55.915183,-4.225841,171,Scotland,S99999999,S12000045
G64 4,55.938336,-4.218304,109,Scotland,S99999999,S12000045
G64 9,55.90415,-4.225749,51,Scotland,S99999999,S12000045
G65 0,55.977597,-4.045726,231,Scotland,S99999999,S12000050
G65 5,59.806044,-3.704261,23,Scotland,S99999999,S12000050
G65 7,55.975192,-4.203037,134,Scotland,S99999999,S12000045
G65 8,55.962324,-4.159195,108,Scotland,S99999999,S12000045
G65 9,55.968879,-4.070595,243,Scotland,S99999999,S12000050
G66 1,55.939534,-4.158608,275,Scotland,S99999999,S12000045
G66 2,55.942035,-4.135627,213,Scotland,S99999999,S12000045
G66 3,55.934218,-4.133137,312,Scotland,S99999999,S12000045
G66 4,55.926642,-4.16099,204,Scotland,S99999999,S12000045
G66 5,55.918479,-4.146725,162,Scotland,S99999999,S12000045
G66 7,55.974336,-4.203492,164,Scotland,S99999999,S12000045
G66 8,55.96162,-4.159444,120,Scotland,S99999999,S12000045
G66 9,65.639699,-3.244527,109,Scotland,S99999999,S12000045
G67 1,55.94794,-3.991791,188,Scotland,S99999999,S12000050
G67 2,55.948588,-3.979193,318,Scotland,S99999999,S12000050
G67 3,55.959648,-3.957333,180,Scotland,S99999999,S12000050
G67 4,55.934012,-4.016056,203,Scotland,S99999999,S12000050
G67 9,56.315939,-3.950727,121,Scotland,S99999999,S12000050
G68 0,55.964732,-3.991364,196,Scotland,S99999999,S12000050
G68 9,55.943883,-4.026677,241,Scotland,S99999999,S12000050
G69 0,55.911565,-4.088979,203,Scotland,S99999999,S12000050
G69 1,56.919859,-4.037176,41,Scotland,S99999999,S12000049
G69 6,55.854436,-4.114518,288,Scotland,S99999999,S12000049
G69 7,55.849977,-4.101747,301,Scotland,S99999999,S12000049
G69 8,55.890163,-4.084492,147,Scotland,S99999999,S12000050
G69 9,55.901868,-4.10736,174,Scotland,S99999999,S12000050
G70 5,55.948087,-3.991754,4,Scotland,S99999999,S12000050
G70 6,55.951178,-3.985194,7,Scotland,S99999999,S12000050
G71 5,55.831617,-4.062806,216,Scotland,S99999999,S12000050
G71 6,55.827513,-4.074101,250,Scotland,S99999999,S12000050
G71 7,55.825968,-4.089182,331,Scotland,S99999999,S12000029
G71 8,55.806432,-4.070929,295,Scotland,S99999999,S12000029
G71 9,56.479006,-4.022401,67,Scotland,S99999999,S12000029
G72 0,55.78515,-4.093589,339,Scotland,S99999999,S12000029
G72 6,55.825067,-4.128632,63,Scotland,S99999999,S12000029
G72 7,55.818071,-4.15279,380,Scotland,S99999999,S12000029
G72 8,55.811665,-4.164355,362,Scotland,S99999999,S12000029
G72 9,55.797786,-4.104897,301,Scotland,S99999999,S12000029
G73 1,55.832367,-4.215013,285,Scotland,S99999999,S12000029
G73 2,55.824555,-4.219067,255,Scotland,S99999999,S12000029
G73 3,55.823464,-4.2017,244,Scotland,S99999999,S12000029
G73 4,55.812407,-4.208409,227,Scotland,S99999999,S12000029
G73 5,55.809509,-4.191539,181,Scotland,S99999999,S12000029
G73 9,55.825924,-4.18219,106,Scotland,S99999999,S12000049
G74 1,55.763415,-4.1863,204,Scotland,S99999999,S12000029
G74 2,55.760706,-4.155745,149,Scotland,S99999999,S12000029
G74 3,55.772455,-4.154434,305,Scotland,S99999999,S12000029
G74 4,55.771633,-4.181151,376,Scotland,S99999999,S12000029
G74 5,55.76744,-4.220755,187,Scotland,S99999999,S12000029
G74 7,99.999999,0.0,1,Scotland,S99999999,
G74 9,56.04674,-4.149615,155,Scotland,S99999999,S12000029
G75 0,55.751448,-4.174623,346,Scotland,S99999999,S12000029
G75 1,99.999999,0.0,1,Scotland,S99999999,
G75 7,55.746596,-4.234278,42,Scotland,S99999999,S12000029
G75 8,55.75442,-4.212289,397,Scotland,S99999999,S12000029
G75 9,55.74457,-4.198904,236,Scotland,S99999999,S12000029
G76 0,55.746672,-4.277485,161,Scotland,S99999999,S12000011
G76 6,55.789026,-4.276951,36,Scotland,S99999999,S12000011
G76 7,55.787767,-4.284153,272,Scotland,S99999999,S12000011
G76 8,55.784664,-4.269845,230,Scotland,S99999999,S12000011
G76 9,55.78766,-4.236524,78,Scotland,S99999999,S12000049
G77 5,55.77151,-4.319871,366,Scotland,S99999999,S12000011
G77 6,55.77555,-4.342845,396,Scotland,S99999999,S12000011
G77 9,56.270145,-4.284076,89,Scotland,S99999999,S12000011
G78 1,55.804165,-4.395303,308,Scotland,S99999999,S12000011
G78 2,55.795044,-4.38609,252,Scotland,S99999999,S12000011
G78 3,55.781521,-4.434103,210,Scotland,S99999999,S12000011
G78 4,55.766048,-4.499572,50,Scotland,S99999999,S12000011
G78 9,55.8011,-4.398069,27,Scotland,S99999999,S12000011
G79 1,55.771,-4.223062,2,Scotland,S99999999,S12000029
G80 1,55.868629,-4.241889,14,Scotland,S99999999,S12000049
G81 1,55.89788,-4.396425,283,Scotland,S99999999,S12000039
G81 2,55.907098,-4.396994,247,Scotland,S99999999,S12000039
G81 3,55.913563,-4.413829,197,Scotland,S99999999,S12000039
G81 4,55.912409,-4.428447,207,Scotland,S99999999,S12000039
G81 5,55.927367,-4.395874,143,Scotland,S99999999,S12000039
G81 6,55.925087,-4.414167,190,Scotland,S99999999,S12000039
G82 1,55.94252,-4.561773,218,Scotland,S99999999,S12000039
G82 2,55.946756,-4.551998,239,Scotland,S99999999,S12000039
G82 3,55.954131,-4.551295,158,Scotland,S99999999,S12000039
G82 4,55.95669,-4.583543,189,Scotland,S99999999,S12000039
G82 5,55.958286,-4.626534,185,Scotland,S99999999,S12000035
G82 9,71.069386,-2.993079,67,Scotland,S99999999,S12000039
G83 0,55.990103,-4.583062,255,Scotland,S99999999,S12000039
G83 3,55.991262,-4.577688,41,Scotland,S99999999,S12000039
G83 7,56.220652,-4.728659,55,Scotland,S99999999,S12000035
G83 8,56.012241,-4.577191,268,Scotland,S99999999,S12000039
G83 9,55.982282,-4.566883,187,Scotland,S99999999,S12000039
G84 0,56.032651,-4.826286,222,Scotland,S99999999,S12000035
G84 4,56.004211,-4.736116,81,Scotland,S99999999,S12000035
G84 7,56.002259,-4.718416,261,Scotland,S99999999,S12000035
G84 8,56.013933,-4.757706,325,Scotland,S99999999,S12000035
G84 9,56.011463,-4.727299,230,Scotland,S99999999,S12000035
G9 2,55.868662,-4.242378,13,Scotland,S99999999,S12000049
G9 4,99.999999,0.0,7,Scotland,S99999999,
G9 6,55.868629,-4.241889,5,Scotland,S99999999,S12000049
G90 8,55.869121,-4.240697,39,Scotland,S99999999,S12000049
GIR 0,99.999999,0.0,1,England,,
GL1 1,51.860011,-2.24389,330,England,E12000009,E07000081
GL1 2,51.865835,-2.247888,310,England,E12000009,E07000081
GL1 3,51.865806,-2.237353,234,England,E12000009,E07000081
GL1 4,51.856375,-2.234056,314,England,E12000009,E07000081
GL1 5,51.849825,-2.250789,297,England,E12000009,E07000081
GL1 9,54.708862,-2.1353,201,England,E12000009,E07000081
GL10 2,51.747038,-2.279756,204,England,E12000009,E07000082
GL10 3,51.744367,-2.286553,382,England,E12000009,E07000082
GL11 4,51.682553,-2.353164,228,England,E12000009,E07000082
GL11 5,51.697989,-2.351179,341,England,E12000009,E07000082
GL11 6,51.692097,-2.375196,161,England,E12000009,E07000082
GL11 9,53.433811,-2.280486,56,England,E12000009,E07000082
GL12 7,51.637936,-2.348433,248,England,E12000009,E07000082
GL12 8,51.617779,-2.415092,319,England,E12000009,E06000025
GL12 9,77.711906,-1.091514,13,England,,
GL13 9,51.692885,-2.453664,285,England,E12000009,E07000082
GL14 1,51.81293,-2.434209,191,England,E12000009,E07000080
GL14 2,51.822296,-2.500003,323,England,E12000009,E07000080
GL14 3,51.814999,-2.497965,176,England,E12000009,E07000080
GL14 9,52.108139,-2.483336,169,England,E12000009,E07000080
GL15 4,51.754754,-2.522537,275,England,E12000009,E07000080
GL15 5,51.725457,-2.527325,329,England,E12000009,E07000080
GL15 6,51.728835,-2.594191,325,England,E12000009,E07000080
GL15 9,52.98438,-2.470734,38,England,E12000009,E07000080
GL16 7,51.801749,-2.605764,261,England,E12000009,E07000080
GL16 8,51.789588,-2.619901,267,England,E12000009,E07000080
GL16 9,51.792387,-2.617887,56,England,E12000009,E07000080
GL17 0,51.865591,-2.479368,394,England,E12000009,E07000080
GL17 1,51.823068,-2.498079,66,England,E12000009,E07000080
GL17 9,51.848126,-2.546811,308,England,E12000009,E07000080
GL18 1,51.930425,-2.40776,309,England,E12000009,E07000080
GL18 2,51.978852,-2.437375,74,England,E12000009,E07000080
GL19 3,51.929704,-2.331594,250,England,E12000009,E07000080
GL19 4,51.94843,-2.223766,201,England,E12000009,E07000083
GL2 0,51.871906,-2.214714,301,England,E12000009,E07000081
GL2 2,51.818981,-2.267579,183,England,E12000009,E07000081
GL2 3,51.82666,-2.315235,27,England,E12000009,E07000082
GL2 4,51.822514,-2.281236,366,England,E12000009,E07000081
GL2 5,51.846398,-2.263106,233,England,E12000009,E07000081
GL2 6,51.831392,-2.278504,394,England,E12000009,E07000081
GL2 7,51.770005,-2.350562,194,England,E12000009,E07000082
GL2 8,51.873106,-2.298057,198,England,E12000009,E07000083
GL2 9,51.886145,-2.226642,300,England,E12000009,E07000083
GL20 5,51.991654,-2.153842,339,England,E12000009,E07000083
GL20 6,52.024237,-2.168716,140,England,E12000009,E07000083
GL20 7,52.005596,-2.113309,346,England,E12000009,E07000083
GL20 8,52.000927,-2.10631,343,England,E12000009,E07000083
GL20 9,52.000293,-2.1323,126,England,E12000009,E07000083
GL3 1,51.886145,-2.201493,261,England,E12000009,E07000083
GL3 2,51.877444,-2.180405,256,England,E12000009,E07000083
GL3 3,51.853562,-2.194669,283,England,E12000009,E07000081
GL3 4,51.845219,-2.162051,396,England,E12000009,E07000083
GL3 5,51.849249,-2.143673,8,England,E12000009,E07000083
GL3 9,59.922143,-1.804067,143,England,E12000009,E07000083
GL4 0,51.829806,-2.25203,342,England,E12000009,E07000081
GL4 3,51.856315,-2.208859,203,England,E12000009,E07000081
GL4 4,51.846084,-2.219007,258,England,E12000009,E07000081
GL4 5,51.842819,-2.206148,192,England,E12000009,E07000081
GL4 6,51.841266,-2.225368,300,England,E12000009,E07000081
GL4 7,51.852932,-2.206707,370,England,E12000009,E07000081
GL4 8,51.830037,-2.185179,146,England,E12000009,E07000082
GL4 9,51.840824,-2.220115,343,England,E12000009,E07000081
GL5 1,51.74754,-2.209161,315,England,E12000009,E07000082
GL5 2,51.730485,-2.201743,279,England,E12000009,E07000082
GL5 3,51.7404,-2.227125,254,England,E12000009,E07000082
GL5 4,51.747207,-2.242192,304,England,E12000009,E07000082
GL5 5,51.725281,-2.228317,201,England,E12000009,E07000082
GL5 8,51.732797,-2.167916,1,England,E12000009,E07000082
GL50 1,51.898492,-2.077593,292,England,E12000009,E07000078
GL50 2,51.893004,-2.086065,353,England,E12000009,E07000078
GL50 3,51.901684,-2.082105,311,England,E12000009,E07000078
GL50 4,51.909529,-2.07871,289,England,E12000009,E07000078
GL50 9,51.905186,-2.081756,398,England,E12000009,E07000078
GL51 0,51.90809,-2.118074,378,England,E12000009,E07000078
GL51 3,51.88616,-2.104595,291,England,E12000009,E07000078
GL51 4,51.871091,-2.113524,88,England,E12000009,E07000083
GL51 5,51.878911,-2.109113,351,England,E12000009,E07000078
GL51 6,51.892575,-2.117675,306,England,E12000009,E07000078
GL51 7,51.902319,-2.108767,278,England,E12000009,E07000078
GL51 8,51.903599,-2.096681,212,England,E12000009,E07000078
GL51 9,51.915248,-2.095927,308,England,E12000009,E07000078
GL52 2,51.903336,-2.069878,294,England,E12000009,E07000078
GL52 3,51.916022,-2.055839,229,England,E12000009,E07000078
GL52 4,51.947497,-2.060005,377,England,E12000009,E07000083
GL52 5,51.906497,-2.050304,251,England,E12000009,E07000078
GL52 6,51.894695,-2.058055,355,England,E12000009,E07000078
GL52 7,51.948675,-2.085722,104,England,E12000009,E07000083
GL52 8,51.940941,-2.064088,341,England,E12000009,E07000083
GL52 9,51.94684,-2.052488,130,England,E12000009,E07000083
GL53 0,51.882469,-2.083501,243,England,E12000009,E07000078
GL53 7,51.892102,-2.073726,278,England,E12000009,E07000078
GL53 8,51.883236,-2.053156,210,England,E12000009,E07000078
GL53 9,51.86674,-2.064465,212,England,E12000009,E07000078
GL54 1,51.92737,-1.740818,205,England,E12000009,E07000079
GL54 2,51.886175,-1.780259,332,England,E12000009,E07000079
GL54 3,51.844217,-1.856548,249,England,E12000009,E07000079
GL54 4,51.854835,-1.961396,175,England,E12000009,E07000079
GL54 5,51.948382,-1.964376,385,England,E12000009,E07000083
GL55 6,52.06235,-1.770846,351,England,E12000009,E07000079
GL55 9,52.053139,-1.781161,22,England,E12000009,E07000079
GL56 0,51.977277,-1.689643,396,England,E12000009,E07000079
GL56 9,52.009753,-1.72585,269,England,E12000009,E07000079
GL6 0,51.698779,-2.225961,271,England,E12000009,E07000082
GL6 1,51.751193,-2.224841,253,England,E12000009,E07000082
GL6 6,51.774124,-2.217604,316,England,E12000009,E07000082
GL6 7,51.757112,-2.158573,208,England,E12000009,E07000082
GL6 8,51.729679,-2.164256,269,England,E12000009,E07000082
GL6 9,51.70764,-2.191703,157,England,E12000009,E07000082
GL7 0,51.702757,-1.964838,4,England,E12000009,E07000079
GL7 1,51.710824,-1.962277,395,England,E12000009,E07000079
GL7 2,51.722625,-1.971387,240,England,E12000009,E07000079
GL7 3,51.713084,-1.723775,285,England,E12000009,E07000079
GL7 4,51.700375,-1.794907,229,England,E12000009,E07000079
GL7 5,51.709073,-1.883252,373,England,E12000009,E07000079
GL7 6,51.687415,-1.995787,260,England,E12000009,E07000079
GL7 7,51.760285,-1.996483,143,England,E12000009,E07000079
GL7 9,51.70439,-1.96162,223,England,E12000009,E07000079
GL8 0,52.98014,-2.098844,36,England,E12000009,E07000079
GL8 8,51.642,-2.169954,394,England,E12000009,E07000079
GL9 1,51.561089,-2.293581,126,England,E12000009,E06000025
GU1 1,51.251224,-0.571223,388,England,E12000008,E07000209
GU1 2,51.243095,-0.551453,382,England,E12000008,E07000209
GU1 3,51.236437,-0.569971,363,England,E12000008,E07000209
GU1 4,51.240458,-0.576314,385,England,E12000008,E07000209
GU1 9,51.244059,-0.581761,375,England,E12000008,E07000209
GU10 1,51.223605,-0.743244,272,England,E12000008,E07000209
GU10 2,51.162807,-0.770323,202,England,E12000008,E07000216
GU10 3,51.189497,-0.792396,219,England,E12000008,E07000216
GU10 4,51.188871,-0.817942,305,England,E12000008,E07000216
GU10 5,51.22071,-0.849543,265,England,E12000008,E07000089
GU11 1,51.249319,-0.765333,361,England,E12000008,E07000092
GU11 2,51.261706,-0.752795,203,England,E12000008,E07000092
GU11 3,51.243049,-0.765556,354,England,E12000008,E07000092
GU11 4,51.256248,-0.763213,115,England,E12000008,E07000092
GU11 9,51.50528,-0.757126,190,England,E12000008,E07000092
GU12 4,51.245777,-0.747438,380,England,E12000008,E07000092
GU12 5,51.265019,-0.72639,283,England,E12000008,E07000209
GU12 6,51.24682,-0.720619,324,England,E12000008,E07000209
GU13 0,51.262143,-0.841335,362,England,E12000008,E07000089
GU13 8,51.285444,-0.841704,369,England,E12000008,E07000089
GU13 9,51.277571,-0.832707,352,England,E12000008,E07000089
GU14 0,51.288909,-0.774439,284,England,E12000008,E07000092
GU14 4,51.280274,-0.751289,176,England,E12000008,E07000092
GU14 6,51.279196,-0.748558,387,England,E12000008,E07000092
GU14 7,51.289046,-0.752749,361,England,E12000008,E07000092
GU14 8,51.300711,-0.759558,351,England,E12000008,E07000092
GU14 9,51.302183,-0.779573,372,England,E12000008,E07000092
GU15 1,51.333339,-0.723207,343,England,E12000008,E07000214
GU15 2,51.329439,-0.747757,373,England,E12000008,E07000214
GU15 3,51.334807,-0.754144,393,England,E12000008,E07000214
GU15 4,51.347725,-0.761084,385,England,E12000008,E06000036
GU15 9,51.46326,-0.763213,369,England,E12000008,E07000214
GU16 5,51.316489,-0.729804,382,England,E12000008,E07000214
GU16 6,51.303589,-0.722111,371,England,E12000008,E07000214
GU16 7,51.317568,-0.749765,150,England,E12000008,E07000214
GU16 8,51.319422,-0.734325,187,England,E12000008,E07000214
GU16 9,51.318186,-0.725155,110,England,E12000008,E07000214
GU17 0,51.333691,-0.787591,227,England,E12000008,E07000089
GU17 3,51.338175,-0.784014,1,England,E12000008,E06000036
GU17 7,51.337798,-0.831551,372,England,E12000008,E07000089
GU17 8,51.349984,-0.801811,208,England,E12000008,E06000036
GU17 9,51.322902,-0.78527,210,England,E12000008,E07000089
GU18 5,51.347504,-0.663207,238,England,E12000008,E07000214
GU19 5,51.35913,-0.689639,263,England,E12000008,E07000214
GU2 4,51.233744,-0.580814,149,England,E12000008,E07000209
GU2 5,51.2354,-0.590631,385,England,E12000008,E07000209
GU2 6,51.253058,-0.596825,391,England,E12000008,E07000209
GU2 7,51.2396,-0.595547,289,England,E12000008,E07000209
GU2 8,51.246982,-0.59955,208,England,E12000008,E07000209
GU2 9,51.255016,-0.589822,292,England,E12000008,E07000209
GU20 5,54.360324,-0.521092,48,England,E12000008,E07000217
GU20 6,51.367652,-0.656907,243,England,E12000008,E07000214
GU21 1,51.315681,-0.576504,395,England,E12000008,E07000217
GU21 2,51.317646,-0.614701,346,England,E12000008,E07000217
GU21 3,51.318972,-0.58307,251,England,E12000008,E07000217
GU21 4,51.325318,-0.566198,365,England,E12000008,E07000217
GU21 5,51.326517,-0.543114,353,England,E12000008,E07000217
GU21 6,51.318549,-0.561437,176,England,E12000008,E07000217
GU21 7,51.312878,-0.585158,85,England,E12000008,E07000217
GU21 8,51.313239,-0.596372,98,England,E12000008,E07000217
GU21 9,51.318969,-0.607353,51,England,E12000008,E07000217
GU22 0,51.305074,-0.574264,286,England,E12000008,E07000217
GU22 2,51.31795,-0.556031,369,England,E12000008,E07000217
GU22 7,51.315271,-0.556211,394,England,E12000008,E07000217
GU22 8,51.3211,-0.528115,319,England,E12000008,E07000217
GU22 9,51.304354,-0.553284,265,England,E12000008,E07000217
GU23 6,51.30009,-0.499547,252,England,E12000008,E07000209
GU23 7,51.291897,-0.530618,153,England,E12000008,E07000209
GU24 0,51.299948,-0.644555,203,England,E12000008,E07000209
GU24 8,51.351385,-0.602058,286,England,E12000008,E07000214
GU24 9,51.330267,-0.63432,315,England,E12000008,E07000214
GU25 4,51.40131,-0.570534,316,England,E12000008,E07000212
GU25 9,51.401369,-0.5628,52,England,E12000008,E07000212
GU26 6,51.110283,-0.746088,373,England,E12000008,E07000216
GU27 1,51.090587,-0.72976,269,England,E12000008,E07000216
GU27 2,51.091966,-0.708957,249,England,E12000008,E07000216
GU27 3,51.069909,-0.722938,315,England,E12000008,E07000225
GU27 9,51.085906,-0.730961,144,England,E12000008,E07000216
GU28 0,50.973518,-0.626422,251,England,E12000008,E07000225
GU28 8,50.986683,-0.60881,40,England,E12000008,E07000225
GU28 9,51.015855,-0.634733,182,England,E12000008,E07000225
GU29 0,50.984354,-0.754477,231,England,E12000008,E07000225
GU29 1,50.9849,-0.739314,48,England,E12000008,E07000225
GU29 9,50.984843,-0.741873,336,England,E12000008,E07000225
GU3 1,51.221242,-0.613973,153,England,E12000008,E07000209
GU3 2,51.250803,-0.658586,124,England,E12000008,E07000209
GU3 3,51.259608,-0.608762,280,England,E12000008,E07000209
GU30 7,51.075837,-0.803911,393,England,E12000008,E07000085
GU30 9,51.075052,-0.803607,47,England,E12000008,E07000085
GU31 4,51.003641,-0.929176,295,England,E12000008,E07000085
GU31 5,50.991008,-0.884491,254,England,E12000008,E07000225
GU32 1,51.010789,-1.01325,248,England,E12000008,E07000085
GU32 2,51.013124,-0.935198,141,England,E12000008,E07000085
GU32 3,51.004207,-0.944453,257,England,E12000008,E07000085
GU32 9,51.004221,-0.93135,176,England,E12000008,E07000085
GU33 6,51.063089,-0.904629,158,England,E12000008,E07000085
GU33 7,51.039657,-0.887031,276,England,E12000008,E07000085
GU33 9,53.756204,-0.850618,18,England,E12000008,E07000085
GU34 1,51.146185,-0.980155,372,England,E12000008,E07000085
GU34 2,51.153394,-0.971497,364,England,E12000008,E07000085
GU34 3,51.099828,-0.97295,236,England,E12000008,E07000085
GU34 4,51.164794,-0.949629,231,England,E12000008,E07000085
GU34 5,51.129438,-1.040323,334,England,E12000008,E07000085
GU34 9,51.147164,-0.976947,180,England,E12000008,E07000085
GU35 0,51.11678,-0.856404,393,England,E12000008,E07000085
GU35 2,51.126485,-0.818445,1,England,E12000008,E07000085
GU35 5,51.118686,-0.860542,82,England,E12000008,E07000085
GU35 8,51.119408,-0.819067,249,England,E12000008,E07000085
GU35 9,51.113625,-0.873274,289,England,E12000008,E07000085
GU4 7,51.257338,-0.541613,393,England,E12000008,E07000209
GU4 8,51.221356,-0.554,262,England,E12000008,E07000209
GU46 6,51.336388,-0.824217,301,England,E12000008,E07000089
GU46 7,51.342988,-0.823825,142,England,E12000008,E07000089
GU47 0,51.347818,-0.781654,255,England,E12000008,E06000036
GU47 7,51.344128,-0.802359,123,England,E12000008,E06000036
GU47 8,51.350485,-0.805286,143,England,E12000008,E06000036
GU47 9,51.346376,-0.795498,105,England,E12000008,E06000036
GU5 0,51.197303,-0.551263,324,England,E12000008,E07000216
GU5 9,51.217065,-0.485221,258,England,E12000008,E07000209
GU51 1,51.292613,-0.853039,155,England,E12000008,E07000089
GU51 2,51.293754,-0.82792,126,England,E12000008,E07000089
GU51 3,51.281616,-0.830693,348,England,E12000008,E07000089
GU51 4,51.283981,-0.844712,217,England,E12000008,E07000089
GU51 5,51.275576,-0.856889,158,England,E12000008,E07000089
GU51 9,51.288572,-0.831805,187,England,E12000008,E07000089
GU52 0,51.259673,-0.84936,87,England,E12000008,E07000089
GU52 6,51.266952,-0.838034,214,England,E12000008,E07000089
GU52 7,51.273828,-0.83828,107,England,E12000008,E07000089
GU52 8,51.260465,-0.833532,137,England,E12000008,E07000089
GU52 9,51.267288,-0.817376,1,England,E12000008,E07000089
GU6 7,51.14589,-0.467784,331,England,E12000008,E07000216
GU6 8,51.13511,-0.499463,394,England,E12000008,E07000216
GU6 9,51.141223,-0.488363,71,England,E12000008,E07000216
GU7 1,51.183298,-0.609566,390,England,E12000008,E07000216
GU7 2,51.190551,-0.620998,301,England,E12000008,E07000216
GU7 3,51.196256,-0.60494,301,England,E12000008,E07000216
GU7 9,51.18612,-0.606378,222,England,E12000008,E07000216
GU8 4,51.13101,-0.607416,340,England,E12000008,E07000216
GU8 5,51.158414,-0.646094,335,England,E12000008,E07000216
GU8 6,51.176591,-0.68427,198,England,E12000008,E07000216
GU9 0,51.231301,-0.799585,254,England,E12000008,E07000216
GU9 1,51.214481,-0.801671,252,England,E12000008,E07000216
GU9 7,51.214683,-0.801166,387,England,E12000008,E07000216
GU9 8,51.206369,-0.797255,360,England,E12000008,E07000216
GU9 9,51.227233,-0.780175,292,England,E12000008,E07000216
GU95 1,51.326293,-0.763057,13,England,E12000008,E07000214
GY1 1,99.999999,0.0,356,,L99999999,L99999999
GY1 2,99.999999,0.0,258,,L99999999,L99999999
GY1 3,99.999999,0.0,391,,L99999999,L99999999
GY1 4,99.999999,0.0,153,,L99999999,L99999999
GY1 6,99.999999,0.0,145,,L99999999,L99999999
GY1 7,99.999999,0.0,9,,L99999999,L99999999
GY10 1,99.999999,0.0,9,,L99999999,L99999999
GY2 4,99.999999,0.0,330,,L99999999,L99999999
GY3 5,99.999999,0.0,255,,L99999999,L99999999
GY4 6,99.999999,0.0,255,,L99999999,L99999999
GY5 7,99.999999,0.0,304,,L99999999,L99999999
GY6 8,99.999999,0.0,235,,L99999999,L99999999
GY7 9,99.999999,0.0,293,,L99999999,L99999999
GY8 0,99.999999,0.0,160,,L99999999,L99999999
GY9 0,99.999999,0.0,6,,L99999999,L99999999
GY9 3,99.999999,0.0,228,,L99999999,L99999999
HA0 1,51.540267,-0.295461,392,England,E12000007,E09000005
HA0 2,51.555066,-0.313018,372,England,E12000007,E09000005
HA0 3,51.560338,-0.311572,302,England,E12000007,E09000005
HA0 4,51.546591,-0.299106,369,England,E12000007,E09000005
HA0 9,51.551285,-0.306876,205,England,E12000007,E09000005
HA1 1,51.583794,-0.336888,373,England,E12000007,E09000015
HA1 2,51.583749,-0.329959,383,England,E12000007,E09000015
HA1 3,51.571455,-0.335141,387,England,E12000007,E09000015
HA1 4,51.585287,-0.346309,395,England,E12000007,E09000015
HA1 9,51.772946,-0.328458,258,England,E12000007,E09000015
HA2 0,51.571687,-0.351358,381,England,E12000007,E09000015
HA2 2,52.071814,-0.326351,199,England,E12000007,E09000015
HA2 5,51.586616,-0.361674,1,England,E12000007,E09000015
HA2 6,51.592582,-0.352443,215,England,E12000007,E09000015
HA2 7,51.581992,-0.360366,234,England,E12000007,E09000015
HA2 8,51.56516,-0.357248,333,England,E12000007,E09000015
HA2 9,51.571231,-0.366627,320,England,E12000007,E09000015
HA3 0,51.58146,-0.307659,338,England,E12000007,E09000005
HA3 3,52.173267,-0.32566,247,England,E12000007,E09000015
HA3 5,51.596151,-0.339519,313,England,E12000007,E09000015
HA3 6,51.605644,-0.342357,284,England,E12000007,E09000015
HA3 7,51.596712,-0.330901,309,England,E12000007,E09000015
HA3 8,51.589034,-0.318397,354,England,E12000007,E09000015
HA3 9,51.586619,-0.298521,315,England,E12000007,E09000015
HA4 0,51.562433,-0.396109,354,England,E12000007,E09000017
HA4 4,51.574511,-0.412191,194,England,E12000007,E09000017
HA4 6,51.562048,-0.410602,297,England,E12000007,E09000017
HA4 7,51.578444,-0.430229,352,England,E12000007,E09000017
HA4 8,51.576709,-0.413342,327,England,E12000007,E09000017
HA4 9,51.571655,-0.399466,303,England,E12000007,E09000017
HA5 1,51.585198,-0.388735,308,England,E12000007,E09000015
HA5 2,51.590871,-0.401319,300,England,E12000007,E09000017
HA5 3,51.599157,-0.389217,387,England,E12000007,E09000015
HA5 4,51.607232,-0.374424,337,England,E12000007,E09000015
HA5 5,51.587603,-0.376402,290,England,E12000007,E09000015
HA5 9,51.595053,-0.385149,287,England,E12000007,E09000015
HA6 1,51.604231,-0.413804,287,England,E12000007,E09000017
HA6 2,51.61259,-0.430517,396,England,E12000007,E09000017
HA6 3,51.614695,-0.415648,293,England,E12000006,E07000102
HA6 9,55.250043,-0.38415,146,England,E12000007,E09000017
HA7 1,51.601106,-0.296553,273,England,E12000007,E09000015
HA7 2,51.604111,-0.309583,275,England,E12000007,E09000015
HA7 3,51.615186,-0.320041,364,England,E12000007,E09000015
HA7 4,51.616324,-0.304687,394,England,E12000007,E09000015
HA7 9,51.604496,-0.295497,177,England,E12000007,E09000015
HA8 0,51.605537,-0.263225,299,England,E12000007,E09000003
HA8 4,52.013189,-0.275495,363,England,E12000007,E09000003
HA8 5,51.602482,-0.275622,326,England,E12000007,E09000015
HA8 6,51.607325,-0.286262,300,England,E12000007,E09000015
HA8 7,51.613077,-0.280074,356,England,E12000007,E09000003
HA8 8,51.622326,-0.276999,393,England,E12000007,E09000003
HA8 9,51.613656,-0.266751,368,England,E12000007,E09000003
HA9 0,51.558051,-0.281389,374,England,E12000007,E09000005
HA9 1,51.551714,-0.305846,184,England,E12000007,E09000005
HA9 6,51.550887,-0.284898,302,England,E12000007,E09000005
HA9 7,51.557825,-0.299138,340,England,E12000007,E09000005
HA9 8,51.56267,-0.295715,364,England,E12000007,E09000005
HA9 9,51.565077,-0.281086,383,England,E12000007,E09000005
HD1 1,53.647282,-1.783416,273,England,E12000003,E08000034
HD1 2,53.645199,-1.783277,251,England,E12000003,E08000034
HD1 3,53.638837,-1.789501,304,England,E12000003,E08000034
HD1 4,53.646829,-1.799868,272,England,E12000003,E08000034
HD1 5,53.652024,-1.789007,176,England,E12000003,E08000034
HD1 6,53.653183,-1.778527,219,England,E12000003,E08000034
HD1 9,53.648068,-1.781698,397,England,E12000003,E08000034
HD2 1,53.669973,-1.762132,396,England,E12000003,E08000034
HD2 2,53.664126,-1.792268,377,England,E12000003,E08000034
HD3 2,53.665338,-1.837311,5,England,E12000003,E08000034
HD3 3,53.659504,-1.834595,397,England,E12000003,E08000034
HD3 4,53.646129,-1.826637,394,England,E12000003,E08000034
HD4 5,53.634999,-1.81533,297,England,E12000003,E08000034
HD4 6,53.625893,-1.77402,309,England,E12000003,E08000034
HD4 7,53.619723,-1.804469,271,England,E12000003,E08000034
HD5 0,53.657979,-1.73145,220,England,E12000003,E08000034
HD5 8,53.639669,-1.753135,342,England,E12000003,E08000034
HD5 9,53.648884,-1.756359,306,England,E12000003,E08000034
HD6 1,53.701226,-1.777751,298,England,E12000003,E08000033
HD6 2,53.709626,-1.790061,245,England,E12000003,E08000033
HD6 3,53.691811,-1.78895,353,England,E12000003,E08000033
HD6 4,53.710292,-1.771569,178,England,E12000003,E08000033
HD6 9,59.95535,-1.535242,37,England,E12000003,E08000033
HD7 1,53.565283,-1.785686,368,England,E12000003,E08000034
HD7 2,53.59361,-1.791009,356,England,E12000003,E08000034
HD7 3,53.592605,-1.850474,221,England,E12000003,E08000034
HD7 4,53.638696,-1.856693,239,England,E12000003,E08000034
HD7 5,53.623494,-1.870809,346,England,E12000003,E08000034
HD7 6,53.603463,-1.922042,155,England,E12000003,E08000034
HD7 7,53.578381,-1.758915,148,England,E12000003,E08000034
HD7 9,60.250726,-1.604901,28,England,E12000003,E08000034
HD8 0,53.625031,-1.716667,380,England,E12000003,E08000034
HD8 1,53.586786,-1.628909,94,England,E12000003,E08000034
HD8 8,53.581951,-1.681107,392,England,E12000003,E08000034
HD8 9,53.597737,-1.637758,386,England,E12000003,E08000034
HD9 1,53.567486,-1.770097,238,England,E12000003,E08000034
HD9 2,53.559157,-1.798884,219,England,E12000003,E08000034
HD9 3,53.576563,-1.794785,166,England,E12000003,E08000034
HD9 4,53.58948,-1.841581,135,England,E12000003,E08000034
HD9 5,53.593638,-1.852398,146,England,E12000003,E08000034
HD9 6,53.60058,-1.791977,254,England,E12000003,E08000034
HD9 7,53.578397,-1.76335,209,England,E12000003,E08000034
HD9 9,53.570774,-1.786241,126,England,E12000003,E08000034
HG1 1,53.993562,-1.537702,279,England,E12000003,E06000065
HG1 2,53.998259,-1.545497,327,England,E12000003,E06000065
HG1 3,54.009481,-1.537513,169,England,E12000003,E06000065
HG1 4,54.002424,-1.520531,344,England,E12000003,E06000065
HG1 5,53.99696,-1.53223,310,England,E12000003,E06000065
HG1 9,54.001353,-1.525748,373,England,E12000003,E06000065
HG2 0,53.987833,-1.548143,262,England,E12000003,E06000065
HG2 7,53.995797,-1.503829,299,England,E12000003,E06000065
HG2 8,53.985704,-1.524849,267,England,E12000003,E06000065
HG2 9,53.978,-1.542526,212,England,E12000003,E06000065
HG3 1,53.968912,-1.533369,362,England,E12000003,E06000065
HG3 2,54.01264,-1.599837,396,England,E12000003,E06000065
HG3 3,54.059664,-1.554492,305,England,E12000003,E06000065
HG3 4,54.054853,-1.709597,143,England,E12000003,E06000065
HG3 5,54.095973,-1.770003,251,England,E12000003,E06000065
HG4 1,54.135412,-1.521265,342,England,E12000003,E06000065
HG4 2,54.134279,-1.534102,274,England,E12000003,E06000065
HG4 3,54.147274,-1.605682,272,England,E12000003,E06000065
HG4 4,54.223969,-1.666989,175,England,E12000003,E06000065
HG4 5,54.164303,-1.505987,188,England,E12000003,E06000065
HG4 9,54.137462,-1.522667,46,England,E12000003,E06000065
HG5 0,54.014291,-1.45155,380,England,E12000003,E06000065
HG5 5,59.422827,-1.295297,51,England,E12000003,E06000065
HG5 8,54.004602,-1.456168,279,England,E12000003,E06000065
HG5 9,54.023438,-1.474907,193,England,E12000003,E06000065
HP1 1,51.750711,-0.477912,365,England,E12000006,E07000096
HP1 2,51.752353,-0.499291,297,England,E12000006,E07000096
HP1 3,51.763361,-0.488213,269,England,E12000006,E07000096
HP1 9,51.756641,-0.454015,364,England,E12000006,E07000096
HP10 0,51.594712,-0.697068,256,England,E12000008,E06000060
HP10 8,51.633746,-0.715206,238,England,E12000008,E06000060
HP10 9,51.607063,-0.717284,361,England,E12000008,E06000060
HP11 1,51.61958,-0.734888,376,England,E12000008,E06000060
HP11 2,51.629607,-0.757716,365,England,E12000008,E06000060
HP11 9,51.627712,-0.748125,273,England,E12000008,E06000060
HP12 3,51.626553,-0.773747,386,England,E12000008,E06000060
HP12 4,51.623512,-0.784367,359,England,E12000008,E06000060
HP12 9,57.759648,-0.672652,134,England,E12000008,E06000060
HP13 5,51.639301,-0.75828,389,England,E12000008,E06000060
HP13 6,51.631971,-0.741794,388,England,E12000008,E06000060
HP13 7,51.627873,-0.724464,393,England,E12000008,E06000060
HP14 3,51.637652,-0.851467,393,England,E12000008,E06000060
HP14 4,51.662062,-0.795025,334,England,E12000008,E06000060
HP15 6,51.65964,-0.718012,313,England,E12000008,E06000060
HP15 7,51.648015,-0.71622,328,England,E12000008,E06000060
HP15 9,69.456403,-0.461102,19,England,E12000008,E06000060
HP16 0,51.696444,-0.718732,315,England,E12000008,E06000060
HP16 6,51.703932,-0.707743,51,England,E12000008,E06000060
HP16 9,51.709946,-0.718506,247,England,E12000008,E06000060
HP17 0,51.722209,-0.810923,275,England,E12000008,E06000060
HP17 8,51.781665,-0.88964,389,England,E12000008,E06000060
HP17 9,51.729727,-0.843233,239,England,E12000008,E06000060
HP18 0,51.837625,-0.918583,393,England,E12000008,E06000060
HP18 1,51.836726,-0.857193,23,England,E12000008,E06000060
HP18 9,51.792259,-1.013842,357,England,E12000008,E06000060
HP19 0,51.829814,-0.805792,83,England,E12000008,E06000060
HP19 3,51.825823,-0.826214,388,England,E12000008,E06000060
HP19 7,51.815983,-0.836556,156,England,E12000008,E06000060
HP19 8,51.820514,-0.829149,292,England,E12000008,E06000060
HP19 9,51.82723,-0.823974,272,England,E12000008,E06000060
HP2 1,51.752656,-0.471574,1,England,E12000006,E07000096
HP2 4,51.752634,-0.449792,385,England,E12000006,E07000096
HP2 5,51.759757,-0.462205,392,England,E12000006,E07000096
HP2 6,51.774738,-0.463972,228,England,E12000006,E07000096
HP2 7,51.767215,-0.443983,376,England,E12000006,E07000096
HP20 1,51.818013,-0.800838,346,England,E12000008,E06000060
HP20 2,51.821406,-0.809894,356,England,E12000008,E06000060
HP20 9,51.819566,-0.813931,323,England,E12000008,E06000060
HP21 7,51.81005,-0.796669,379,England,E12000008,E06000060
HP21 8,51.808239,-0.818919,381,England,E12000008,E06000060
HP21 9,51.801627,-0.802559,339,England,E12000008,E06000060
HP22 0,51.803465,-0.734158,19,England,E12000008,E06000060
HP22 3,51.803718,-0.776482,38,England,E12000008,E06000060
HP22 4,51.854232,-0.812892,287,England,E12000008,E06000060
HP22 5,51.795771,-0.750193,396,England,E12000008,E06000060
HP22 6,51.764661,-0.743687,223,England,E12000008,E06000060
HP22 7,51.825689,-0.772232,105,England,E12000008,E06000060
HP22 9,51.922939,-0.769461,333,England,E12000008,E06000060
HP23 4,51.803424,-0.674235,317,England,E12000006,E07000096
HP23 5,51.797699,-0.65282,333,England,E12000006,E07000096
HP23 6,51.78053,-0.659315,236,England,E12000006,E07000096
HP23 9,52.569809,-0.657684,62,England,E12000006,E07000096
HP27 0,51.714586,-0.81894,290,England,E12000008,E06000060
HP27 7,54.280772,-0.769467,19,England,E12000008,E06000060
HP27 9,51.72748,-0.843398,334,England,E12000008,E06000060
HP3 0,51.727652,-0.510733,324,England,E12000006,E07000096
HP3 8,51.74298,-0.4441,308,England,E12000006,E07000096
HP3 9,51.740065,-0.462993,389,England,E12000006,E07000096
HP4 1,51.77909,-0.567326,318,England,E12000006,E07000096
HP4 2,51.760885,-0.554594,376,England,E12000006,E07000096
HP4 3,51.763108,-0.580475,393,England,E12000006,E07000096
HP4 9,52.799591,-0.556999,93,England,E12000006,E07000096
HP5 1,51.702921,-0.602078,368,England,E12000008,E06000060
HP5 2,51.718248,-0.621662,390,England,E12000008,E06000060
HP5 3,51.718304,-0.599174,288,England,E12000008,E06000060
HP5 9,58.725162,-0.520257,62,England,E12000008,E06000060
HP6 5,51.680506,-0.61372,298,England,E12000008,E06000060
HP6 6,51.675945,-0.587827,340,England,E12000008,E06000060
HP6 9,51.675504,-0.606533,241,England,E12000008,E06000060
HP7 0,51.663678,-0.628783,282,England,E12000008,E06000060
HP7 5,99.999999,0.0,1,England,,
HP7 9,51.669231,-0.590188,255,England,E12000008,E06000060
HP8 4,51.64459,-0.575727,320,England,E12000008,E06000060
HP9 1,51.607985,-0.651271,393,England,E12000008,E06000060
HP9 2,51.612405,-0.631565,393,England,E12000008,E06000060
HP9 9,55.898494,-0.588459,79,England,E12000008,E06000060
HR1 1,52.061513,-2.698103,385,England,E12000005,E06000019
HR1 2,52.055909,-2.709013,306,England,E12000005,E06000019
HR1 3,52.110711,-2.660705,286,England,E12000005,E06000019
HR1 4,52.031884,-2.61799,290,England,E12000005,E06000019
HR1 5,51.969562,-2.896631,2,England,E12000005,E06000019
HR1 9,52.005687,-2.785206,330,England,E12000005,E06000019
HR2 0,51.984744,-2.92646,269,England,E12000005,E06000019
HR2 2,52.028638,-2.480942,1,England,E12000005,E06000019
HR2 6,52.031598,-2.696145,304,England,E12000005,E06000019
HR2 7,52.043322,-2.730395,365,England,E12000005,E06000019
HR2 8,51.957625,-2.735977,259,England,E12000005,E06000019
HR2 9,52.031408,-2.82584,295,England,E12000005,E06000019
HR3 5,52.071274,-3.11777,295,Wales,W99999999,W06000023
HR3 6,52.121586,-2.998316,208,England,E12000005,E06000019
HR4 0,52.060416,-2.732928,319,England,E12000005,E06000019
HR4 7,52.086041,-2.809406,242,England,E12000005,E06000019
HR4 8,52.134583,-2.798182,288,England,E12000005,E06000019
HR4 9,52.066061,-2.724099,361,England,E12000005,E06000019
HR5 3,52.195968,-3.030541,288,England,E12000005,E06000019
HR5 8,52.22771,-2.752483,1,England,E12000005,E06000019
HR6 0,52.229727,-2.716113,277,England,E12000005,E06000019
HR6 6,52.217896,-2.732032,58,England,E12000005,E06000019
HR6 8,52.225273,-2.742396,324,England,E12000005,E06000019
HR6 9,52.242755,-2.847883,313,England,E12000005,E06000019
HR7 4,52.185688,-2.523085,328,England,E12000005,E06000019
HR7 9,52.152328,-2.571752,13,England,E12000005,E06000019
HR8 1,52.052212,-2.422281,276,England,E12000005,E06000019
HR8 2,52.03899,-2.45839,378,England,E12000005,E06000019
HR8 9,53.155528,-2.367669,43,England,E12000005,E06000019
HR9 5,51.903757,-2.578489,295,England,E12000005,E06000019
HR9 6,51.892983,-2.64195,249,England,E12000005,E06000019
HR9 7,51.920633,-2.547606,381,England,E12000005,E06000019
HR9 9,52.260454,-2.552991,138,England,E12000005,E06000019
HS1 2,58.212239,-6.381387,315,Scotland,S99999999,S12000013
HS1 9,58.208167,-6.380057,18,Scotland,S99999999,S12000013
HS2 0,58.287849,-6.322235,244,Scotland,S99999999,S12000013
HS2 9,58.188904,-6.672261,156,Scotland,S99999999,S12000013
HS3 3,57.882862,-6.848327,83,Scotland,S99999999,S12000013
HS4 3,57.868462,-6.6899,11,Scotland,S99999999,S12000013
HS5 3,57.79494,-6.969702,15,Scotland,S99999999,S12000013
HS6 5,57.602884,-7.297514,86,Scotland,S99999999,S12000013
HS7 5,57.451399,-7.345146,58,Scotland,S99999999,S12000013
HS8 5,57.232049,-7.346656,79,Scotland,S99999999,S12000013
HS9 5,56.967692,-7.478649,54,Scotland,S99999999,S12000013
HU1 1,53.742359,-0.33239,267,England,E12000003,E06000010
HU1 2,53.74172,-0.339333,237,England,E12000003,E06000010
HU1 3,53.744942,-0.339603,277,England,E12000003,E06000010
HU1 4,53.739193,-0.32939,6,England,E12000003,E06000010
HU10 6,53.751661,-0.435413,340,England,E12000003,E06000011
HU10 7,53.746557,-0.446758,350,England,E12000003,E06000011
HU10 9,55.081807,-0.416608,34,England,E12000003,E06000011
HU11 4,53.802686,-0.210211,305,England,E12000003,E06000011
HU11 5,53.867044,-0.271566,236,England,E12000003,E06000011
HU12 0,53.693604,-0.013578,265,England,E12000003,E06000011
HU12 8,53.742964,-0.210218,377,England,E12000003,E06000011
HU12 9,53.728845,-0.150514,295,England,E12000003,E06000011
HU13 0,53.72408,-0.443524,354,England,E12000003,E06000011
HU13 3,53.720648,-0.429243,29,England,E12000003,E06000011
HU13 9,53.726543,-0.428838,194,England,E12000003,E06000011
HU14 3,53.728123,-0.494086,321,England,E12000003,E06000011
HU14 9,53.720649,-0.429238,32,England,E12000003,E06000011
HU15 1,53.73399,-0.571066,395,England,E12000003,E06000011
HU15 2,53.760601,-0.665874,393,England,E12000003,E06000011
HU16 4,53.782138,-0.407797,241,England,E12000003,E06000011
HU16 5,53.781232,-0.432106,367,England,E12000003,E06000011
HU16 9,53.780574,-0.414596,16,England,E12000003,E06000011
HU17 0,53.837445,-0.414155,394,England,E12000003,E06000011
HU17 5,53.889204,-0.315032,80,England,E12000003,E06000011
HU17 6,53.840859,-0.407008,152,England,E12000003,E06000011
HU17 7,53.859878,-0.456264,293,England,E12000003,E06000011
HU17 8,53.833755,-0.446657,398,England,E12000003,E06000011
HU17 9,53.849208,-0.416835,300,England,E12000003,E06000011
HU18 1,53.908656,-0.170314,333,England,E12000003,E06000011
HU19 2,53.723314,0.034163,239,England,E12000003,E06000011
HU2 0,53.753698,-0.335604,113,England,E12000003,E06000010
HU2 8,53.747273,-0.33657,220,England,E12000003,E06000010
HU2 9,53.75178,-0.34336,47,England,E12000003,E06000010
HU20 3,53.787343,-0.501958,41,England,E12000003,E06000011
HU3 1,53.750232,-0.352038,299,England,E12000003,E06000010
HU3 2,53.740538,-0.355135,241,England,E12000003,E06000010
HU3 3,53.737729,-0.367387,223,England,E12000003,E06000010
HU3 4,53.732513,-0.367121,225,England,E12000003,E06000010
HU3 5,53.737962,-0.378776,194,England,E12000003,E06000010
HU3 6,53.744945,-0.377051,271,England,E12000003,E06000010
HU4 6,53.737476,-0.391279,302,England,E12000003,E06000010
HU4 7,53.735989,-0.409192,214,England,E12000003,E06000010
HU4 9,53.720651,-0.429224,16,England,E12000003,E06000011
HU5 1,53.762412,-0.34744,208,England,E12000003,E06000010
HU5 2,53.762596,-0.359948,268,England,E12000003,E06000010
HU5 3,53.756083,-0.368808,305,England,E12000003,E06000010
HU5 4,53.763651,-0.383819,239,England,E12000003,E06000010
HU5 5,53.755529,-0.401435,346,England,E12000003,E06000010
HU5 9,53.759127,-0.36188,17,England,E12000003,E06000010
HU55 1,99.999999,0.0,1,England,,
HU6 0,53.801801,-0.372709,20,England,E12000003,E06000011
HU6 7,53.777982,-0.355688,309,England,E12000003,E06000010
HU6 8,53.77733,-0.378852,232,England,E12000003,E06000010
HU6 9,53.785932,-0.37536,264,England,E12000003,E06000010
HU7 0,53.77406,-0.331653,137,England,E12000003,E06000010
HU7 3,53.799525,-0.345668,230,England,E12000003,E06000010
HU7 4,53.786372,-0.32026,396,England,E12000003,E06000010
HU7 5,53.806807,-0.334168,114,England,E12000003,E06000010
HU7 6,53.781497,-0.328599,71,England,E12000003,E06000010
HU7 9,54.410466,-0.338501,73,England,E12000003,E06000010
HU8 0,53.772596,-0.307022,283,England,E12000003,E06000010
HU8 7,53.752707,-0.323501,163,England,E12000003,E06000010
HU8 8,53.760055,-0.317707,252,England,E12000003,E06000010
HU8 9,53.777108,-0.284175,334,England,E12000003,E06000010
HU9 1,53.746099,-0.318415,269,England,E12000003,E06000010
HU9 2,53.753143,-0.307176,196,England,E12000003,E06000010
HU9 3,53.759009,-0.292549,272,England,E12000003,E06000010
HU9 4,53.765502,-0.267047,263,England,E12000003,E06000010
HU9 5,53.753323,-0.269899,293,England,E12000003,E06000010
HU9 9,53.744139,-0.327356,305,England,E12000003,E06000010
HX1 1,53.722416,-1.860675,275,England,E12000003,E08000033
HX1 2,53.718682,-1.862756,333,England,E12000003,E08000033
HX1 3,53.71694,-1.879556,249,England,E12000003,E08000033
HX1 4,53.724394,-1.883478,225,England,E12000003,E08000033
HX1 5,53.7243,-1.870527,244,England,E12000003,E08000033
HX1 9,53.724345,-1.857597,376,England,E12000003,E08000033
HX2 0,53.730473,-1.898182,273,England,E12000003,E08000033
HX2 6,53.727429,-1.940595,262,England,E12000003,E08000033
HX2 7,53.724559,-1.902927,231,England,E12000003,E08000033
HX2 8,53.748879,-1.895575,285,England,E12000003,E08000033
HX2 9,53.757469,-1.885626,278,England,E12000003,E08000033
HX3 0,53.706862,-1.864096,292,England,E12000003,E08000033
HX3 5,53.734747,-1.877321,260,England,E12000003,E08000033
HX3 6,53.735001,-1.863464,284,England,E12000003,E08000033
HX3 7,53.74472,-1.82601,302,England,E12000003,E08000033
HX3 8,53.726459,-1.807346,316,England,E12000003,E08000033
HX3 9,53.711442,-1.843761,298,England,E12000003,E08000033
HX4 0,53.67665,-1.911513,112,England,E12000003,E08000033
HX4 8,53.691148,-1.865352,219,England,E12000003,E08000033
HX4 9,53.671058,-1.877729,195,England,E12000003,E08000033
HX5 0,53.684291,-1.841004,218,England,E12000003,E08000033
HX5 9,53.689467,-1.829355,156,England,E12000003,E08000033
HX6 1,53.706639,-1.93164,161,England,E12000003,E08000033
HX6 2,53.71223,-1.906492,300,England,E12000003,E08000033
HX6 3,53.700298,-1.919445,248,England,E12000003,E08000033
HX6 4,53.673697,-1.943311,238,England,E12000003,E08000033
HX7 0,53.733107,-1.990869,1,England,E12000003,E08000033
HX7 5,53.726205,-1.987023,274,England,E12000003,E08000033
HX7 6,53.740033,-2.023157,180,England,E12000003,E08000033
HX7 7,53.748962,-2.031442,170,England,E12000003,E08000033
HX7 8,53.746235,-2.00728,265,England,E12000003,E08000033
HX7 9,61.450549,-1.678387,42,England,E12000003,E08000033
IG1 1,51.558018,0.079544,383,England,E12000007,E09000026
IG1 2,51.552685,0.074803,387,England,E12000007,E09000026
IG1 3,51.56561,0.062412,343,England,E12000007,E09000026
IG1 4,51.56341,0.073565,347,England,E12000007,E09000026
IG1 8,51.558075,0.07241,365,England,E12000007,E09000026
IG1 9,51.680258,0.07263,397,England,E12000007,E09000026
IG10 1,51.650811,0.061087,258,England,E12000006,E07000072
IG10 2,51.655504,0.076079,239,England,E12000006,E07000072
IG10 3,51.643807,0.069499,318,England,E12000006,E07000072
IG10 4,51.644741,0.048349,226,England,E12000006,E07000072
IG10 9,51.992825,0.076545,140,England,E12000006,E07000072
IG11 0,51.526433,0.108604,391,England,E12000007,E09000002
IG11 1,52.03937,0.087295,192,England,E12000007,E09000002
IG11 7,51.5335,0.083016,393,England,E12000007,E09000002
IG11 8,51.539831,0.08007,343,England,E12000007,E09000002
IG11 9,51.540542,0.097992,331,England,E12000007,E09000002
IG2 6,51.573761,0.071409,352,England,E12000007,E09000026
IG2 7,51.572802,0.088744,305,England,E12000007,E09000026
IG3 8,51.566486,0.096372,379,England,E12000007,E09000026
IG3 9,51.558302,0.099299,371,England,E12000007,E09000026
IG4 5,51.577208,0.05496,227,England,E12000007,E09000026
IG5 0,51.585984,0.064696,335,England,E12000007,E09000026
IG6 1,51.580885,0.080066,249,England,E12000007,E09000026
IG6 2,51.594364,0.080926,320,England,E12000007,E09000026
IG6 3,51.600989,0.104616,212,England,E12000007,E09000026
IG7 4,51.611153,0.107003,216,England,E12000007,E09000026
IG7 5,51.61065,0.072293,232,England,E12000006,E07000072
IG7 6,51.620136,0.084786,201,England,E12000006,E07000072
IG8 0,51.612924,0.028051,333,England,E12000007,E09000026
IG8 1,51.889143,0.054084,370,England,E12000007,E09000026
IG8 7,51.607049,0.036429,259,England,E12000007,E09000026
IG8 8,51.602968,0.050435,273,England,E12000007,E09000026
IG8 9,51.606617,0.018434,265,England,E12000007,E09000031
IG9 5,51.624883,0.035999,290,England,E12000006,E07000072
IG9 6,51.622347,0.046014,130,England,E12000006,E07000072
IM1 1,99.999999,0.0,118,,M99999999,M99999999
IM1 2,99.999999,0.0,153,,M99999999,M99999999
IM1 3,99.999999,0.0,128,,M99999999,M99999999
IM1 4,99.999999,0.0,137,,M99999999,M99999999
IM1 5,99.999999,0.0,56,,M99999999,M99999999
IM2 1,99.999999,0.0,170,,M99999999,M99999999
IM2 2,99.999999,0.0,168,,M99999999,M99999999
IM2 3,99.999999,0.0,152,,M99999999,M99999999
IM2 4,99.999999,0.0,149,,M99999999,M99999999
IM2 5,99.999999,0.0,130,,M99999999,M99999999
IM2 6,99.999999,0.0,141,,M99999999,M99999999
IM2 7,99.999999,0.0,76,,M99999999,M99999999
IM3 1,99.999999,0.0,119,,M99999999,M99999999
IM3 2,99.999999,0.0,84,,M99999999,M99999999
IM3 3,99.999999,0.0,83,,M99999999,M99999999
IM3 4,99.999999,0.0,114,,M99999999,M99999999
IM4 1,99.999999,0.0,74,,M99999999,M99999999
IM4 2,99.999999,0.0,77,,M99999999,M99999999
IM4 3,99.999999,0.0,131,,M99999999,M99999999
IM4 4,99.999999,0.0,197,,M99999999,M99999999
IM4 5,99.999999,0.0,47,,M99999999,M99999999
IM4 6,99.999999,0.0,51,,M99999999,M99999999
IM4 7,99.999999,0.0,163,,M99999999,M99999999
IM5 1,99.999999,0.0,240,,M99999999,M99999999
IM5 2,99.999999,0.0,14,,M99999999,M99999999
IM5 3,99.999999,0.0,40,,M99999999,M99999999
IM6 1,99.999999,0.0,63,,M99999999,M99999999
IM6 2,99.999999,0.0,18,,M99999999,M99999999
IM7 1,99.999999,0.0,62,,M99999999,M99999999
IM7 2,99.999999,0.0,62,,M99999999,M99999999
IM7 3,99.999999,0.0,72,,M99999999,M99999999
IM7 4,99.999999,0.0,80,,M99999999,M99999999
IM7 5,99.999999,0.0,60,,M99999999,M99999999
IM8 1,99.999999,0.0,122,,M99999999,M99999999
IM8 2,99.999999,0.0,177,,M99999999,M99999999
IM8 3,99.999999,0.0,142,,M99999999,M99999999
IM86 1,99.999999,0.0,3,,M99999999,M99999999
IM86 2,99.999999,0.0,1,,M99999999,M99999999
IM9 1,99.999999,0.0,172,,M99999999,M99999999
IM9 2,99.999999,0.0,116,,M99999999,M99999999
IM9 3,99.999999,0.0,57,,M99999999,M99999999
IM9 4,99.999999,0.0,130,,M99999999,M99999999
IM9 5,99.999999,0.0,130,,M99999999,M99999999
IM9 6,99.999999,0.0,200,,M99999999,M99999999
IM99 1,99.999999,0.0,392,,M99999999,M99999999
IM99 2,99.999999,0.0,267,,M99999999,M99999999
IM99 3,99.999999,0.0,355,,M99999999,M99999999
IM99 4,99.999999,0.0,195,,M99999999,M99999999
IM99 5,99.999999,0.0,90,,M99999999,M99999999
IM99 6,99.999999,0.0,32,,M99999999,M99999999
IM99 7,99.999999,0.0,45,,M99999999,M99999999
IM99 8,99.999999,0.0,25,,M99999999,M99999999
IM99 9,99.999999,0.0,28,,M99999999,M99999999
IP1 1,52.05528,1.150531,274,England,E12000006,E07000202
IP1 2,52.058254,1.143042,239,England,E12000006,E07000202
IP1 3,52.060343,1.150189,276,England,E12000006,E07000202
IP1 4,52.067104,1.14019,201,England,E12000006,E07000202
IP1 5,52.071542,1.121127,209,England,E12000006,E07000202
IP1 6,52.080901,1.137146,279,England,E12000006,E07000202
IP1 9,52.178142,1.143734,383,England,E12000006,E07000202
IP10 0,52.007522,1.283008,340,England,E12000006,E07000244
IP11 0,51.986299,1.311843,159,England,E12000006,E07000244
IP11 1,61.028556,1.09686,53,England,E12000006,E07000244
IP11 2,51.963364,1.328443,289,England,E12000006,E07000244
IP11 3,51.955837,1.322734,111,England,E12000006,E07000244
IP11 4,51.962996,1.313127,40,England,E12000006,E07000244
IP11 6,51.976649,1.347374,13,England,E12000006,E07000244
IP11 7,51.966502,1.346191,291,England,E12000006,E07000244
IP11 8,51.958778,1.330137,331,England,E12000006,E07000244
IP11 9,51.974613,1.34868,327,England,E12000006,E07000244
IP12 1,52.100361,1.321874,301,England,E12000006,E07000244
IP12 2,52.122655,1.44875,312,England,E12000006,E07000244
IP12 3,52.063233,1.409957,254,England,E12000006,E07000244
IP12 4,52.082102,1.302191,318,England,E12000006,E07000244
IP12 9,52.098236,1.32165,138,England,E12000006,E07000244
IP13 0,52.15651,1.365534,283,England,E12000006,E07000244
IP13 6,52.112299,1.278351,320,England,E12000006,E07000244
IP13 7,52.216079,1.276843,251,England,E12000006,E07000244
IP13 8,52.268577,1.356795,173,England,E12000006,E07000203
IP13 9,52.219497,1.342789,279,England,E12000006,E07000244
IP14 1,52.190528,0.987921,353,England,E12000006,E07000203
IP14 2,52.168323,0.988712,238,England,E12000006,E07000203
IP14 3,52.204796,0.955599,262,England,E12000006,E07000203
IP14 4,52.238712,1.014644,327,England,E12000006,E07000203
IP14 5,52.210527,1.054625,367,England,E12000006,E07000203
IP14 6,52.209377,1.173726,252,England,E12000006,E07000203
IP14 9,62.147523,0.789781,72,England,E12000006,E07000203
IP15 5,52.159153,1.594557,191,England,E12000006,E07000244
IP16 4,52.204597,1.583332,336,England,E12000006,E07000244
IP16 9,52.206033,1.578271,10,England,E12000006,E07000244
IP17 1,52.200412,1.49907,375,England,E12000006,E07000244
IP17 2,52.243475,1.458722,223,England,E12000006,E07000244
IP17 3,52.268724,1.551689,217,England,E12000006,E07000244
IP17 9,59.567378,1.262972,26,England,E12000006,E07000244
IP18 6,52.330617,1.66869,329,England,E12000006,E07000244
IP19 0,52.345847,1.438736,211,England,E12000006,E07000244
IP19 1,54.047627,1.448634,28,England,E12000006,E07000244
IP19 8,52.347576,1.509717,276,England,E12000006,E07000244
IP19 9,52.321406,1.543511,157,England,E12000006,E07000244
IP2 0,52.051885,1.12511,286,England,E12000006,E07000202
IP2 8,52.045665,1.150529,272,England,E12000006,E07000202
IP2 9,52.041796,1.129435,330,England,E12000006,E07000202
IP20 0,52.408504,1.348581,156,England,E12000006,E07000149
IP20 9,52.403839,1.297979,239,England,E12000006,E07000149
IP21 4,52.391107,1.195153,312,England,E12000006,E07000149
IP21 5,52.336088,1.269084,276,England,E12000006,E07000203
IP22 1,52.351462,1.024442,281,England,E12000006,E07000203
IP22 2,52.39209,0.996085,277,England,E12000006,E07000143
IP22 3,52.382712,1.110891,364,England,E12000006,E07000149
IP22 4,52.376047,1.112214,315,England,E12000006,E07000149
IP22 5,52.395703,1.113647,115,England,E12000006,E07000149
IP22 9,55.605383,1.034039,59,England,E12000006,E07000149
IP23 7,52.307449,1.14862,227,England,E12000006,E07000203
IP23 8,52.317854,1.083763,164,England,E12000006,E07000203
IP23 9,52.376684,1.109242,15,England,E12000006,E07000149
IP24 1,52.443491,0.774234,310,England,E12000006,E07000143
IP24 2,52.409781,0.762814,373,England,E12000006,E07000143
IP24 3,52.406756,0.73058,277,England,E12000006,E07000143
IP24 9,63.290584,0.578966,35,England,E12000006,E07000143
IP25 5,52.569918,0.851453,4,England,E12000006,E07000143
IP25 6,52.569385,0.83494,392,England,E12000006,E07000143
IP25 7,52.594484,0.837238,298,England,E12000006,E07000143
IP26 4,52.492331,0.53513,230,England,E12000006,E07000146
IP26 5,52.526681,0.638301,153,England,E12000006,E07000143
IP27 0,52.448061,0.623168,335,England,E12000006,E07000245
IP27 1,59.580861,0.530349,20,England,E12000006,E07000245
IP27 9,52.406041,0.530303,273,England,E12000006,E07000245
IP28 1,52.308168,0.498816,19,England,E12000006,E07000245
IP28 2,52.357458,0.458346,4,England,E12000006,E07000245
IP28 3,52.367818,0.485626,5,England,E12000006,E07000245
IP28 6,52.292506,0.628215,304,England,E12000006,E07000245
IP28 7,52.345678,0.515514,251,England,E12000006,E07000245
IP28 8,52.342071,0.481595,396,England,E12000006,E07000245
IP28 9,52.34954,0.512953,49,England,E12000006,E07000245
IP29 4,52.166922,0.684088,252,England,E12000006,E07000245
IP29 5,52.226435,0.640167,233,England,E12000006,E07000245
IP3 0,52.041129,1.172081,256,England,E12000006,E07000202
IP3 8,52.047418,1.188816,334,England,E12000006,E07000202
IP3 9,52.037302,1.191313,327,England,E12000006,E07000202
IP30 0,52.186505,0.80402,278,England,E12000006,E07000245
IP30 9,52.229766,0.869305,390,England,E12000006,E07000203
IP31 1,52.315935,0.787399,238,England,E12000006,E07000245
IP31 2,52.290202,0.819682,332,England,E12000006,E07000245
IP31 3,52.265965,0.858155,359,England,E12000006,E07000203
IP32 6,52.259842,0.700916,307,England,E12000006,E07000245
IP32 7,52.246678,0.740886,244,England,E12000006,E07000245
IP33 1,52.246111,0.715621,325,England,E12000006,E07000245
IP33 2,52.23597,0.714175,307,England,E12000006,E07000245
IP33 3,52.245448,0.698144,359,England,E12000006,E07000245
IP33 9,52.24475,0.732106,315,England,E12000006,E07000245
IP4 1,52.054737,1.159893,219,England,E12000006,E07000202
IP4 2,52.060251,1.162392,293,England,E12000006,E07000202
IP4 3,52.069364,1.185614,176,England,E12000006,E07000202
IP4 4,52.06173,1.177181,231,England,E12000006,E07000202
IP4 5,52.05526,1.192965,308,England,E12000006,E07000202
IP5 1,52.061855,1.219731,166,England,E12000006,E07000244
IP5 2,52.060608,1.238084,237,England,E12000006,E07000244
IP5 3,52.05963,1.251637,117,England,E12000006,E07000244
IP5 4,52.052748,1.288099,14,England,E12000006,E07000244
IP5 7,52.062504,1.244205,360,England,E12000006,E07000244
IP6 0,52.108883,1.115118,295,England,E12000006,E07000203
IP6 8,52.150088,1.055486,335,England,E12000006,E07000203
IP6 9,52.124369,1.170949,285,England,E12000006,E07000244
IP7 5,52.035569,0.967324,279,England,E12000006,E07000200
IP7 6,52.060145,0.957762,283,England,E12000006,E07000200
IP7 7,52.109883,0.923499,253,England,E12000006,E07000200
IP7 9,52.045417,0.951395,66,England,E12000006,E07000200
IP8 3,52.044138,1.089847,310,England,E12000006,E07000200
IP8 4,52.086946,1.074487,246,England,E12000006,E07000203
IP9 1,51.982492,1.221534,217,England,E12000006,E07000200
IP9 2,51.999165,1.101579,348,England,E12000006,E07000200
IP98 1,52.376684,1.109242,13,England,E12000006,E07000149
IP98 6,52.37646,1.114722,5,England,E12000006,E07000149
IP98 9,52.376684,1.109242,1,England,E12000006,E07000149
IV1 1,57.483866,-4.226333,352,Scotland,S99999999,S12000017
IV1 2,57.471076,-4.152608,391,Scotland,S99999999,S12000017
IV1 3,57.507894,-4.265068,55,Scotland,S99999999,S12000017
IV1 9,57.477538,-4.228539,207,Scotland,S99999999,S12000017
IV10 8,57.58495,-4.126351,94,Scotland,S99999999,S12000017
IV11 8,57.677516,-4.038108,50,Scotland,S99999999,S12000017
IV12 4,57.584186,-3.873946,243,Scotland,S99999999,S12000017
IV12 5,57.565937,-3.858045,259,Scotland,S99999999,S12000017
IV12 9,61.824448,-3.483798,10,Scotland,S99999999,S12000017
IV13 7,57.345089,-4.024686,26,Scotland,S99999999,S12000017
IV14 9,57.585392,-4.547798,89,Scotland,S99999999,S12000017
IV15 0,61.835465,-3.98237,30,Scotland,S99999999,S12000017
IV15 9,57.598739,-4.431449,273,Scotland,S99999999,S12000017
IV16 9,57.660272,-4.34376,64,Scotland,S99999999,S12000017
IV17 0,57.698589,-4.25561,194,Scotland,S99999999,S12000017
IV18 0,57.700987,-4.156356,236,Scotland,S99999999,S12000017
IV18 9,57.688589,-4.170051,3,Scotland,S99999999,S12000017
IV19 1,57.804466,-4.060611,232,Scotland,S99999999,S12000017
IV19 9,57.811271,-4.052681,4,Scotland,S99999999,S12000017
IV2 2,57.237186,-4.456446,1,Scotland,S99999999,S12000017
IV2 3,57.47441,-4.20902,361,Scotland,S99999999,S12000017
IV2 4,57.461164,-4.224418,351,Scotland,S99999999,S12000017
IV2 5,57.476345,-4.139495,219,Scotland,S99999999,S12000017
IV2 6,57.409631,-4.255181,230,Scotland,S99999999,S12000017
IV2 7,57.507087,-4.120109,276,Scotland,S99999999,S12000017
IV2 8,57.526515,-4.036696,35,Scotland,S99999999,S12000017
IV20 1,57.789927,-3.909775,130,Scotland,S99999999,S12000017
IV21 2,57.724243,-5.718054,57,Scotland,S99999999,S12000017
IV22 2,57.737041,-5.505101,87,Scotland,S99999999,S12000017
IV23 2,57.773519,-5.034417,59,Scotland,S99999999,S12000017
IV24 3,57.890882,-4.356297,49,Scotland,S99999999,S12000017
IV25 3,57.88825,-4.040394,172,Scotland,S99999999,S12000017
IV26 2,57.919215,-5.18414,97,Scotland,S99999999,S12000017
IV27 4,58.271393,-4.799575,201,Scotland,S99999999,S12000017
IV27 9,58.023792,-4.398757,3,Scotland,S99999999,S12000017
IV28 3,58.007715,-4.157743,24,Scotland,S99999999,S12000017
IV3 5,57.475639,-4.236244,256,Scotland,S99999999,S12000017
IV3 6,57.439949,-4.316977,327,Scotland,S99999999,S12000017
IV3 8,57.477619,-4.253301,310,Scotland,S99999999,S12000017
IV30 1,57.646975,-3.315779,319,Scotland,S99999999,S12000020
IV30 2,57.677748,-3.37189,339,Scotland,S99999999,S12000020
IV30 3,57.636109,-3.295272,349,Scotland,S99999999,S12000020
IV30 4,57.657285,-3.312967,208,Scotland,S99999999,S12000020
IV30 5,57.692614,-3.417538,213,Scotland,S99999999,S12000020
IV30 6,57.639347,-3.303785,235,Scotland,S99999999,S12000020
IV30 8,57.632529,-3.289064,243,Scotland,S99999999,S12000020
IV30 9,57.647715,-3.318152,102,Scotland,S99999999,S12000020
IV31 6,57.716757,-3.290761,288,Scotland,S99999999,S12000020
IV31 9,78.860703,-1.641117,2,Scotland,S99999999,S12000020
IV32 7,57.630854,-3.113757,189,Scotland,S99999999,S12000020
IV33 7,57.531139,-3.210933,35,Scotland,S99999999,S12000020
IV34 7,57.467926,-3.289945,14,Scotland,S99999999,S12000020
IV35 7,57.46866,-3.356306,14,Scotland,S99999999,S12000020
IV36 0,57.610159,-3.605797,399,Scotland,S99999999,S12000020
IV36 1,57.608072,-3.615926,228,Scotland,S99999999,S12000020
IV36 2,57.59555,-3.613201,198,Scotland,S99999999,S12000020
IV36 3,57.637166,-3.585998,121,Scotland,S99999999,S12000020
IV36 9,64.130234,-3.064643,26,Scotland,S99999999,S12000020
IV4 7,57.451251,-4.523724,164,Scotland,S99999999,S12000017
IV40 8,57.282831,-5.664617,148,Scotland,S99999999,S12000017
IV40 9,99.999999,0.0,4,Scotland,S99999999,
IV41 8,57.274228,-5.733724,16,Scotland,S99999999,S12000017
IV42 8,57.235218,-5.838712,11,Scotland,S99999999,S12000017
IV43 8,57.149802,-5.847005,13,Scotland,S99999999,S12000017
IV44 8,57.102614,-5.880959,14,Scotland,S99999999,S12000017
IV45 8,57.072526,-5.904065,14,Scotland,S99999999,S12000017
IV46 8,57.109266,-5.979071,3,Scotland,S99999999,S12000017
IV47 8,57.296024,-6.345373,21,Scotland,S99999999,S12000017
IV48 8,57.293512,-6.097452,2,Scotland,S99999999,S12000017
IV49 9,57.229889,-5.939531,52,Scotland,S99999999,S12000017
IV5 7,57.468805,-4.410671,46,Scotland,S99999999,S12000017
IV51 0,85.80608,-2.07015,6,Scotland,S99999999,
IV51 9,57.484461,-6.249135,300,Scotland,S99999999,S12000017
IV52 8,57.335788,-5.651718,21,Scotland,S99999999,S12000017
IV53 8,57.344041,-5.555183,12,Scotland,S99999999,S12000017
IV54 8,57.428989,-5.610033,64,Scotland,S99999999,S12000017
IV55 8,57.456585,-6.609566,62,Scotland,S99999999,S12000017
IV56 8,57.369955,-6.439759,15,Scotland,S99999999,S12000017
IV6 7,57.521407,-4.46035,149,Scotland,S99999999,S12000017
IV63 6,57.33801,-4.47669,77,Scotland,S99999999,S12000017
IV63 7,57.221145,-4.670434,15,Scotland,S99999999,S12000017
IV7 8,57.583804,-4.392522,179,Scotland,S99999999,S12000017
IV8 8,57.554888,-4.264897,35,Scotland,S99999999,S12000017
IV9 8,57.569302,-4.177364,58,Scotland,S99999999,S12000017
IV99 1,57.481316,-4.223949,5,Scotland,S99999999,S12000017
JE1 0,99.999999,0.0,9,,L99999999,L99999999
JE1 1,99.999999,0.0,91,,L99999999,L99999999
JE1 2,99.999999,0.0,13,,L99999999,L99999999
JE1 3,99.999999,0.0,26,,L99999999,L99999999
JE1 4,99.999999,0.0,37,,L99999999,L99999999
JE1 5,99.999999,0.0,11,,L99999999,L99999999
JE1 6,99.999999,0.0,4,,L99999999,L99999999
JE1 7,99.999999,0.0,4,,L99999999,L99999999
JE1 8,99.999999,0.0,4,,L99999999,L99999999
JE1 9,99.999999,0.0,4,,L99999999,L99999999
JE2 3,99.999999,0.0,372,,L99999999,L99999999
JE2 4,99.999999,0.0,330,,L99999999,L99999999
JE2 6,99.999999,0.0,189,,L99999999,L99999999
JE2 7,99.999999,0.0,274,,L99999999,L99999999
JE3 1,99.999999,0.0,141,,L99999999,L99999999
JE3 2,99.999999,0.0,141,,L99999999,L99999999
JE3 3,99.999999,0.0,64,,L99999999,L99999999
JE3 4,99.999999,0.0,79,,L99999999,L99999999
JE3 5,99.999999,0.0,113,,L99999999,L99999999
JE3 6,99.999999,0.0,120,,L99999999,L99999999
JE3 7,99.999999,0.0,154,,L99999999,L99999999
JE3 8,99.999999,0.0,206,,L99999999,L99999999
JE3 9,99.999999,0.0,164,,L99999999,L99999999
JE4 0,99.999999,0.0,221,,L99999999,L99999999
JE4 2,99.999999,0.0,98,,L99999999,L99999999
JE4 5,99.999999,0.0,221,,L99999999,L99999999
JE4 8,99.999999,0.0,221,,L99999999,L99999999
JE4 9,99.999999,0.0,197,,L99999999,L99999999
JE5 0,99.999999,0.0,170,,L99999999,L99999999
KA1 1,55.60574,-4.501503,246,Scotland,S99999999,S12000008
KA1 2,55.609413,-4.510918,253,Scotland,S99999999,S12000008
KA1 3,55.59796,-4.487857,255,Scotland,S99999999,S12000008
KA1 4,55.591696,-4.497664,250,Scotland,S99999999,S12000008
KA1 5,55.577609,-4.493449,239,Scotland,S99999999,S12000008
KA1 9,55.600849,-4.489487,174,Scotland,S99999999,S12000008
KA10 6,55.548299,-4.656158,326,Scotland,S99999999,S12000028
KA10 7,55.552236,-4.638651,216,Scotland,S99999999,S12000028
KA10 9,57.077171,-4.50104,29,Scotland,S99999999,S12000028
KA11 1,55.621506,-4.633947,245,Scotland,S99999999,S12000021
KA11 2,55.633135,-4.632394,129,Scotland,S99999999,S12000021
KA11 3,55.615027,-4.595605,41,Scotland,S99999999,S12000021
KA11 4,55.609488,-4.627883,155,Scotland,S99999999,S12000021
KA11 5,55.591838,-4.637195,54,Scotland,S99999999,S12000021
KA12 0,55.617878,-4.66045,297,Scotland,S99999999,S12000021
KA12 2,55.614587,-4.671032,91,Scotland,S99999999,S12000021
KA12 8,55.612625,-4.672227,253,Scotland,S99999999,S12000021
KA12 9,55.628023,-4.663519,157,Scotland,S99999999,S12000021
KA13 6,55.653339,-4.710121,310,Scotland,S99999999,S12000021
KA13 7,55.658286,-4.686188,223,Scotland,S99999999,S12000021
KA13 9,55.653361,-4.700487,10,Scotland,S99999999,S12000021
KA14 3,55.740407,-4.670778,43,Scotland,S99999999,S12000021
KA15 1,55.743048,-4.627144,149,Scotland,S99999999,S12000021
KA15 2,55.754863,-4.627228,133,Scotland,S99999999,S12000021
KA15 9,55.750052,-4.633875,6,Scotland,S99999999,S12000021
KA16 9,55.607192,-4.333931,144,Scotland,S99999999,S12000008
KA17 0,55.610278,-4.293955,167,Scotland,S99999999,S12000008
KA18 1,55.453329,-4.263466,248,Scotland,S99999999,S12000008
KA18 2,55.464244,-4.321128,209,Scotland,S99999999,S12000008
KA18 3,55.477389,-4.179145,215,Scotland,S99999999,S12000008
KA18 4,55.394949,-4.188358,161,Scotland,S99999999,S12000008
KA18 9,55.45435,-4.267227,12,Scotland,S99999999,S12000008
KA19 7,55.34038,-4.644559,212,Scotland,S99999999,S12000028
KA19 8,55.355369,-4.706679,146,Scotland,S99999999,S12000028
KA19 9,62.795514,-3.900498,6,Scotland,S99999999,S12000028
KA2 0,55.608261,-4.544406,158,Scotland,S99999999,S12000008
KA2 9,55.58081,-4.584951,116,Scotland,S99999999,S12000028
KA20 3,55.637536,-4.754456,192,Scotland,S99999999,S12000021
KA20 4,55.646218,-4.749193,116,Scotland,S99999999,S12000021
KA20 9,55.633805,-4.788697,8,Scotland,S99999999,S12000021
KA21 5,55.636759,-4.785825,244,Scotland,S99999999,S12000021
KA21 6,55.647938,-4.782805,184,Scotland,S99999999,S12000021
KA21 9,55.633686,-4.788014,14,Scotland,S99999999,S12000021
KA22 7,55.653269,-4.804913,180,Scotland,S99999999,S12000021
KA22 8,55.644712,-4.810182,201,Scotland,S99999999,S12000021
KA22 9,55.633805,-4.788697,3,Scotland,S99999999,S12000021
KA23 9,55.689356,-4.853425,233,Scotland,S99999999,S12000021
KA24 4,55.706219,-4.705231,131,Scotland,S99999999,S12000021
KA24 5,55.713072,-4.727379,128,Scotland,S99999999,S12000021
KA24 9,55.70742,-4.719564,5,Scotland,S99999999,S12000021
KA25 6,55.747377,-4.690735,121,Scotland,S99999999,S12000021
KA25 7,55.757244,-4.687464,132,Scotland,S99999999,S12000021
KA25 9,66.780565,-3.539673,4,Scotland,S99999999,S12000021
KA26 0,55.173657,-4.865314,228,Scotland,S99999999,S12000028
KA26 6,99.999999,0.0,5,Scotland,S99999999,
KA26 9,55.264862,-4.808053,238,Scotland,S99999999,S12000028
KA27 8,55.540634,-5.167234,244,Scotland,S99999999,S12000021
KA27 9,55.577107,-5.151059,4,Scotland,S99999999,S12000021
KA28 0,55.754416,-4.924651,84,Scotland,S99999999,S12000021
KA28 9,99.999999,0.0,1,Scotland,S99999999,
KA29 0,55.756548,-4.854218,76,Scotland,S99999999,S12000021
KA3 1,55.619489,-4.498268,266,Scotland,S99999999,S12000008
KA3 2,55.633778,-4.513174,283,Scotland,S99999999,S12000008
KA3 3,55.679359,-4.528151,115,Scotland,S99999999,S12000008
KA3 4,55.717228,-4.529023,79,Scotland,S99999999,S12000008
KA3 5,55.679255,-4.506709,188,Scotland,S99999999,S12000008
KA3 6,55.640294,-4.455185,192,Scotland,S99999999,S12000008
KA3 7,55.614732,-4.477476,257,Scotland,S99999999,S12000008
KA30 0,64.214334,-3.940308,21,Scotland,S99999999,S12000021
KA30 8,55.797353,-4.866277,274,Scotland,S99999999,S12000021
KA30 9,55.795874,-4.859295,167,Scotland,S99999999,S12000021
KA4 8,55.599585,-4.384782,191,Scotland,S99999999,S12000008
KA5 5,55.508153,-4.430288,232,Scotland,S99999999,S12000008
KA5 6,55.510371,-4.341244,230,Scotland,S99999999,S12000008
KA6 5,55.477658,-4.540232,131,Scotland,S99999999,S12000028
KA6 6,55.428988,-4.549683,219,Scotland,S99999999,S12000028
KA6 7,55.375491,-4.453664,247,Scotland,S99999999,S12000008
KA7 1,55.462038,-4.632026,272,Scotland,S99999999,S12000028
KA7 2,55.453053,-4.629361,272,Scotland,S99999999,S12000028
KA7 3,55.449481,-4.611746,281,Scotland,S99999999,S12000028
KA7 4,55.435517,-4.645484,340,Scotland,S99999999,S12000028
KA7 9,55.462284,-4.635136,135,Scotland,S99999999,S12000028
KA8 0,55.466855,-4.607644,239,Scotland,S99999999,S12000028
KA8 8,55.472386,-4.627323,160,Scotland,S99999999,S12000028
KA8 9,55.474748,-4.611089,271,Scotland,S99999999,S12000028
KA9 1,55.498229,-4.609507,262,Scotland,S99999999,S12000028
KA9 2,55.499019,-4.601983,309,Scotland,S99999999,S12000028
KA9 9,55.501623,-4.611217,22,Scotland,S99999999,S12000028
KT1 1,51.409768,-0.30393,289,England,E12000007,E09000021
KT1 2,51.404554,-0.301429,344,England,E12000007,E09000021
KT1 3,51.407618,-0.287484,312,England,E12000007,E09000021
KT1 4,51.412748,-0.309589,138,England,E12000007,E09000027
KT1 9,51.404892,-0.293479,399,England,E12000007,E09000021
KT10 0,51.365315,-0.341544,309,England,E12000008,E07000207
KT10 1,51.382905,-0.366165,150,England,E12000008,E07000207
KT10 8,51.375477,-0.365769,236,England,E12000008,E07000207
KT10 9,51.369201,-0.362047,334,England,E12000008,E07000207
KT11 1,51.329363,-0.420537,217,England,E12000008,E07000207
KT11 2,51.332076,-0.395414,332,England,E12000008,E07000207
KT11 3,51.320538,-0.400288,200,England,E12000008,E07000207
KT11 9,51.788241,-0.406775,106,England,E12000008,E07000207
KT12 1,51.379533,-0.416367,325,England,E12000008,E07000207
KT12 2,51.387425,-0.411494,327,England,E12000008,E07000207
KT12 3,51.38047,-0.398521,274,England,E12000008,E07000207
KT12 4,51.365377,-0.404515,236,England,E12000008,E07000207
KT12 5,51.369512,-0.410049,254,England,E12000008,E07000207
KT12 9,51.684984,-0.407202,158,England,E12000008,E07000207
KT13 0,51.360522,-0.451085,384,England,E12000008,E07000207
KT13 3,52.566706,-0.446301,163,England,E12000008,E07000207
KT13 8,51.372905,-0.457707,382,England,E12000008,E07000207
KT13 9,51.37266,-0.443511,389,England,E12000008,E07000207
KT14 6,51.338969,-0.499377,282,England,E12000008,E07000217
KT14 7,51.340139,-0.47578,295,England,E12000008,E07000217
KT14 9,51.346083,-0.478782,67,England,E12000008,E07000207
KT15 1,51.366505,-0.501056,310,England,E12000008,E07000212
KT15 2,51.372578,-0.486681,373,England,E12000008,E07000212
KT15 3,51.351552,-0.499402,287,England,E12000008,E07000212
KT15 9,51.371151,-0.489487,114,England,E12000008,E07000212
KT16 0,51.371561,-0.535968,294,England,E12000008,E07000212
KT16 6,51.39032,-0.504715,102,England,E12000008,E07000212
KT16 8,51.390858,-0.498568,273,England,E12000008,E07000212
KT16 9,51.387447,-0.511356,295,England,E12000008,E07000212
KT17 1,51.342793,-0.254924,335,England,E12000008,E07000208
KT17 2,51.353852,-0.246441,242,England,E12000008,E07000208
KT17 3,51.331916,-0.24215,190,England,E12000008,E07000208
KT17 4,51.331708,-0.256789,237,England,E12000008,E07000208
KT17 6,99.999999,0.0,1,England,,
KT17 9,51.335181,-0.262604,266,England,E12000008,E07000208
KT18 5,51.321032,-0.250768,312,England,E12000008,E07000208
KT18 6,51.296394,-0.271523,135,England,E12000008,E07000210
KT18 7,51.327738,-0.27458,270,England,E12000008,E07000208
KT19 0,51.361898,-0.259418,244,England,E12000008,E07000208
KT19 7,51.343911,-0.284202,56,England,E12000008,E07000208
KT19 8,51.339097,-0.274127,326,England,E12000008,E07000208
KT19 9,51.353164,-0.269552,367,England,E12000008,E07000208
KT2 2,51.295192,-0.422268,1,England,E12000008,E07000209
KT2 5,51.419092,-0.299333,375,England,E12000007,E09000021
KT2 6,51.413144,-0.293367,307,England,E12000007,E09000021
KT2 7,51.416143,-0.27902,345,England,E12000007,E09000021
KT20 5,51.296484,-0.233528,350,England,E12000008,E07000211
KT20 6,51.289421,-0.215352,316,England,E12000008,E07000211
KT20 7,51.271036,-0.246629,276,England,E12000008,E07000211
KT20 9,51.751715,-0.234786,106,England,E12000008,E07000211
KT21 1,51.313324,-0.296189,212,England,E12000008,E07000210
KT21 2,51.309503,-0.307869,308,England,E12000008,E07000210
KT21 9,51.309368,-0.3004,39,England,E12000008,E07000210
KT22 0,51.324252,-0.35129,247,England,E12000008,E07000207
KT22 2,51.296093,-0.333667,214,England,E12000008,E07000210
KT22 7,51.302094,-0.331607,384,England,E12000008,E07000210
KT22 8,51.292855,-0.322615,329,England,E12000008,E07000210
KT22 9,51.291911,-0.3513,333,England,E12000008,E07000210
KT23 3,51.285923,-0.374766,226,England,E12000008,E07000210
KT23 4,51.278299,-0.367596,259,England,E12000008,E07000210
KT24 5,51.270685,-0.416971,255,England,E12000008,E07000209
KT24 6,51.268947,-0.443432,269,England,E12000008,E07000209
KT24 7,51.287788,-0.406747,1,England,E12000008,E07000209
KT24 9,52.42555,-0.421936,42,England,E12000008,E07000209
KT3 3,51.403846,-0.264676,343,England,E12000007,E09000021
KT3 4,51.402856,-0.253042,305,England,E12000007,E09000021
KT3 5,51.394139,-0.261551,257,England,E12000007,E09000021
KT3 6,51.396018,-0.24685,244,England,E12000007,E09000021
KT3 9,51.680394,-0.253689,173,England,E12000007,E09000021
KT4 7,51.378694,-0.252582,278,England,E12000008,E07000208
KT4 8,51.378363,-0.236016,364,England,E12000007,E09000029
KT4 9,51.379984,-0.242981,96,England,E12000007,E09000029
KT5 8,51.395531,-0.292578,300,England,E12000007,E09000021
KT5 9,51.38865,-0.281378,215,England,E12000007,E09000021
KT6 4,51.396284,-0.303983,324,England,E12000007,E09000021
KT6 5,51.388868,-0.308875,233,England,E12000007,E09000021
KT6 6,51.390865,-0.301555,286,England,E12000007,E09000021
KT6 7,51.382641,-0.290468,325,England,E12000007,E09000021
KT7 0,51.39009,-0.329089,378,England,E12000008,E07000207
KT8 0,51.398719,-0.36789,295,England,E12000008,E07000207
KT8 1,51.405684,-0.369188,127,England,E12000008,E07000207
KT8 2,51.399891,-0.373582,256,England,E12000008,E07000207
KT8 8,51.8938,-0.366121,99,England,E12000008,E07000207
KT8 9,51.40381,-0.358333,299,England,E12000008,E07000207
KT9 1,51.368593,-0.299826,309,England,E12000007,E09000021
KT9 2,51.359847,-0.306375,274,England,E12000007,E09000021
KT9 9,53.512996,-0.292258,68,England,E12000007,E09000021
KW1 4,58.470476,-3.103162,211,Scotland,S99999999,S12000017
KW1 5,58.441417,-3.134315,208,Scotland,S99999999,S12000017
KW1 9,63.639315,-2.706966,8,Scotland,S99999999,S12000017
KW10 6,57.974413,-3.97783,73,Scotland,S99999999,S12000017
KW11 6,58.307848,-4.135913,6,Scotland,S99999999,S12000017
KW12 6,58.507725,-3.492681,56,Scotland,S99999999,S12000017
KW13 6,58.478351,-3.895055,3,Scotland,S99999999,S12000017
KW14 7,58.583868,-3.615878,303,Scotland,S99999999,S12000017
KW14 8,58.595681,-3.466193,206,Scotland,S99999999,S12000017
KW14 9,65.494426,-2.934869,6,Scotland,S99999999,S12000017
KW15 1,58.980289,-2.960104,389,Scotland,S99999999,S12000023
KW15 9,58.982276,-2.958546,40,Scotland,S99999999,S12000023
KW16 3,58.958869,-3.275395,153,Scotland,S99999999,S12000023
KW16 9,58.963522,-3.301261,5,Scotland,S99999999,S12000023
KW17 2,59.029187,-3.007988,257,Scotland,S99999999,S12000023
KW2 6,58.348631,-3.163784,2,Scotland,S99999999,S12000017
KW3 6,58.30612,-3.282318,43,Scotland,S99999999,S12000017
KW5 6,58.28412,-3.386671,13,Scotland,S99999999,S12000017
KW6 6,58.250421,-3.444206,18,Scotland,S99999999,S12000017
KW7 6,58.186841,-3.50163,5,Scotland,S99999999,S12000017
KW8 6,58.114918,-3.666921,43,Scotland,S99999999,S12000017
KW9 6,58.013554,-3.859001,84,Scotland,S99999999,S12000017
KY1 1,56.107945,-3.162628,333,Scotland,S99999999,S12000047
KY1 2,56.125752,-3.140597,323,Scotland,S99999999,S12000047
KY1 3,56.130604,-3.141038,186,Scotland,S99999999,S12000047
KY1 4,56.156674,-3.10494,208,Scotland,S99999999,S12000047
KY10 2,56.214541,-2.750152,156,Scotland,S99999999,S12000047
KY10 3,56.239053,-2.671893,266,Scotland,S99999999,S12000047
KY10 9,56.22276,-2.706516,11,Scotland,S99999999,S12000047
KY11 1,56.030595,-3.399865,214,Scotland,S99999999,S12000047
KY11 2,56.03738,-3.428329,345,Scotland,S99999999,S12000047
KY11 3,56.049312,-3.467625,144,Scotland,S99999999,S12000047
KY11 4,56.067224,-3.431972,330,Scotland,S99999999,S12000047
KY11 5,56.047613,-3.387081,369,Scotland,S99999999,S12000047
KY11 7,56.06115,-3.381194,21,Scotland,S99999999,S12000047
KY11 8,56.061448,-3.417356,393,Scotland,S99999999,S12000047
KY11 9,56.041826,-3.37141,247,Scotland,S99999999,S12000047
KY12 0,56.083078,-3.443111,341,Scotland,S99999999,S12000047
KY12 2,63.024129,-2.903404,120,Scotland,S99999999,S12000047
KY12 7,56.070855,-3.451253,337,Scotland,S99999999,S12000047
KY12 8,56.063001,-3.532645,371,Scotland,S99999999,S12000047
KY12 9,56.088812,-3.528435,366,Scotland,S99999999,S12000047
KY13 0,56.199637,-3.496689,132,Scotland,S99999999,S12000048
KY13 3,59.854003,-3.135738,12,Scotland,S99999999,S12000048
KY13 4,56.338015,-3.007049,1,Scotland,S99999999,S12000047
KY13 7,56.207856,-3.430641,357,Scotland,S99999999,S12000048
KY13 8,56.207715,-3.425965,188,Scotland,S99999999,S12000048
KY13 9,56.216246,-3.388123,146,Scotland,S99999999,S12000048
KY14 6,56.348227,-3.221052,116,Scotland,S99999999,S12000047
KY14 7,56.287281,-3.239779,184,Scotland,S99999999,S12000047
KY15 4,56.330218,-3.014068,257,Scotland,S99999999,S12000047
KY15 5,56.305783,-3.003784,322,Scotland,S99999999,S12000047
KY15 7,56.266976,-3.141769,284,Scotland,S99999999,S12000047
KY15 9,59.330326,-2.804705,29,Scotland,S99999999,S12000047
KY16 0,56.377584,-2.897046,187,Scotland,S99999999,S12000047
KY16 6,61.931029,-2.443553,39,Scotland,S99999999,S12000047
KY16 8,56.32468,-2.787295,333,Scotland,S99999999,S12000047
KY16 9,56.338729,-2.812553,355,Scotland,S99999999,S12000047
KY2 5,56.114782,-3.179665,334,Scotland,S99999999,S12000047
KY2 6,56.130308,-3.187255,382,Scotland,S99999999,S12000047
KY2 9,64.781116,-2.545602,81,Scotland,S99999999,S12000047
KY3 0,56.059727,-3.264331,205,Scotland,S99999999,S12000047
KY3 3,81.168291,-1.386417,7,Scotland,S99999999,
KY3 9,56.066179,-3.202061,214,Scotland,S99999999,S12000047
KY4 0,56.136274,-3.38364,161,Scotland,S99999999,S12000047
KY4 4,99.999999,0.0,5,Scotland,S99999999,
KY4 8,56.096557,-3.356721,178,Scotland,S99999999,S12000047
KY4 9,56.111619,-3.350655,244,Scotland,S99999999,S12000047
KY5 0,56.153074,-3.256565,207,Scotland,S99999999,S12000047
KY5 5,92.023254,-0.601859,11,Scotland,S99999999,
KY5 8,56.156937,-3.324983,151,Scotland,S99999999,S12000047
KY5 9,56.127523,-3.309728,195,Scotland,S99999999,S12000047
KY6 1,56.19679,-3.188778,128,Scotland,S99999999,S12000047
KY6 2,56.189318,-3.189225,221,Scotland,S99999999,S12000047
KY6 3,56.204414,-3.209762,199,Scotland,S99999999,S12000047
KY7 4,56.185409,-3.161218,259,Scotland,S99999999,S12000047
KY7 5,56.195559,-3.160496,212,Scotland,S99999999,S12000047
KY7 6,56.205363,-3.149955,394,Scotland,S99999999,S12000047
KY7 7,56.266008,-3.144366,247,Scotland,S99999999,S12000047
KY7 9,56.194169,-3.166612,163,Scotland,S99999999,S12000047
KY8 1,56.174241,-3.035603,126,Scotland,S99999999,S12000047
KY8 2,56.190008,-3.031729,130,Scotland,S99999999,S12000047
KY8 3,56.185606,-3.016539,189,Scotland,S99999999,S12000047
KY8 4,56.197985,-3.002617,272,Scotland,S99999999,S12000047
KY8 5,56.210529,-3.025553,287,Scotland,S99999999,S12000047
KY8 6,56.215046,-2.940745,103,Scotland,S99999999,S12000047
KY8 9,56.201109,-3.014403,18,Scotland,S99999999,S12000047
KY9 1,56.20895,-2.83719,142,Scotland,S99999999,S12000047
KY99 0,56.050546,-3.433301,1,Scotland,S99999999,S12000047
KY99 1,56.050546,-3.433301,2,Scotland,S99999999,S12000047
KY99 2,56.050546,-3.433301,1,Scotland,S99999999,S12000047
KY99 3,56.050546,-3.433301,1,Scotland,S99999999,S12000047
KY99 4,56.057467,-3.440181,15,Scotland,S99999999,S12000047
KY99 5,56.050546,-3.433301,1,Scotland,S99999999,S12000047
KY99 6,56.050546,-3.433301,1,Scotland,S99999999,S12000047
KY99 7,56.050546,-3.433301,1,Scotland,S99999999,S12000047
KY99 8,56.050546,-3.433301,1,Scotland,S99999999,S12000047
KY99 9,56.050546,-3.433301,1,Scotland,S99999999,S12000047
L1 0,53.39565,-2.980869,56,England,E12000002,E08000012
L1 1,53.406559,-2.98099,127,England,E12000002,E08000012
L1 2,53.402634,-2.975167,38,England,E12000002,E08000012
L1 3,53.403694,-2.984724,61,England,E12000002,E08000012
L1 4,53.40258,-2.979073,134,England,E12000002,E08000012
L1 5,53.399559,-2.980842,114,England,E12000002,E08000012
L1 6,53.407665,-2.985372,83,England,E12000002,E08000012
L1 7,53.397077,-2.97413,22,England,E12000002,E08000012
L1 8,53.400593,-2.983714,95,England,E12000002,E08000012
L1 9,53.400711,-2.972703,86,England,E12000002,E08000012
L10 0,53.467905,-2.915244,19,England,E12000002,E08000011
L10 1,53.470302,-2.927007,35,England,E12000002,E08000012
L10 2,53.4816,-2.945562,36,England,E12000002,E08000014
L10 3,53.485627,-2.945173,38,England,E12000002,E08000014
L10 4,53.466693,-2.910875,60,England,E12000002,E08000011
L10 5,53.460916,-2.914703,7,England,E12000002,E08000012
L10 6,53.482382,-2.935878,33,England,E12000002,E08000014
L10 7,53.467177,-2.920217,42,England,E12000002,E08000012
L10 8,53.478361,-2.932568,52,England,E12000002,E08000014
L10 9,53.466023,-2.930587,39,England,E12000002,E08000012
L11 0,53.458803,-2.89947,69,England,E12000002,E08000012
L11 1,53.440393,-2.920696,123,England,E12000002,E08000012
L11 2,53.444194,-2.914221,126,England,E12000002,E08000012
L11 3,53.449182,-2.92156,75,England,E12000002,E08000012
L11 4,53.449377,-2.901898,86,England,E12000002,E08000012
L11 5,53.444177,-2.925098,38,England,E12000002,E08000012
L11 6,53.457829,-2.893679,34,England,E12000002,E08000012
L11 7,53.44749,-2.933936,54,England,E12000002,E08000012
L11 8,53.436813,-2.926921,46,England,E12000002,E08000012
L11 9,53.45206,-2.908284,67,England,E12000002,E08000012
L12 0,53.444729,-2.889341,245,England,E12000002,E08000012
L12 1,53.426895,-2.909007,41,England,E12000002,E08000012
L12 2,53.424046,-2.902432,39,England,E12000002,E08000012
L12 3,53.421128,-2.893206,20,England,E12000002,E08000012
L12 4,53.434637,-2.891524,64,England,E12000002,E08000012
L12 5,53.434925,-2.90987,96,England,E12000002,E08000012
L12 6,53.433726,-2.882386,41,England,E12000002,E08000012
L12 7,53.430583,-2.914309,72,England,E12000002,E08000012
L12 8,53.429177,-2.900911,78,England,E12000002,E08000012
L12 9,53.425886,-2.890722,101,England,E12000002,E08000012
L13 0,53.424038,-2.921957,61,England,E12000002,E08000012
L13 1,53.404125,-2.924426,120,England,E12000002,E08000012
L13 2,53.411601,-2.921648,85,England,E12000002,E08000012
L13 3,53.412631,-2.920717,89,England,E12000002,E08000012
L13 4,53.406982,-2.910856,82,England,E12000002,E08000012
L13 5,53.411309,-2.912721,115,England,E12000002,E08000012
L13 6,53.417024,-2.918496,65,England,E12000002,E08000012
L13 7,53.420075,-2.925897,100,England,E12000002,E08000012
L13 8,53.424966,-2.932668,76,England,E12000002,E08000012
L13 9,53.429442,-2.9314,64,England,E12000002,E08000012
L14 0,53.417777,-2.87619,96,England,E12000002,E08000012
L14 1,53.417367,-2.902676,41,England,E12000002,E08000012
L14 2,53.422049,-2.881781,45,England,E12000002,E08000012
L14 3,53.410095,-2.895783,48,England,E12000002,E08000012
L14 4,53.427002,-2.87803,55,England,E12000002,E08000012
L14 5,53.416181,-2.893282,41,England,E12000002,E08000012
L14 6,53.412742,-2.881406,51,England,E12000002,E08000011
L14 7,53.414898,-2.887439,88,England,E12000002,E08000011
L14 8,53.428444,-2.867936,71,England,E12000002,E08000012
L14 9,53.424127,-2.871841,80,England,E12000002,E08000012
L15 0,53.396673,-2.93195,65,England,E12000002,E08000012
L15 1,53.399439,-2.933385,53,England,E12000002,E08000012
L15 2,53.39688,-2.936808,45,England,E12000002,E08000012
L15 3,53.393332,-2.929888,77,England,E12000002,E08000012
L15 4,53.400448,-2.927073,121,England,E12000002,E08000012
L15 5,53.391694,-2.922171,49,England,E12000002,E08000012
L15 6,53.395966,-2.910771,96,England,E12000002,E08000012
L15 7,53.401772,-2.90802,61,England,E12000002,E08000012
L15 8,53.399703,-2.918093,100,England,E12000002,E08000012
L15 9,53.392356,-2.915847,51,England,E12000002,E08000012
L16 0,53.392444,-2.893754,24,England,E12000002,E08000012
L16 1,53.402031,-2.890626,26,England,E12000002,E08000012
L16 2,53.402022,-2.880335,50,England,E12000002,E08000011
L16 3,53.402931,-2.884594,45,England,E12000002,E08000012
L16 4,53.398688,-2.898151,16,England,E12000002,E08000012
L16 5,53.397859,-2.894042,34,England,E12000002,E08000012
L16 6,53.402194,-2.899418,21,England,E12000002,E08000012
L16 7,53.395913,-2.896878,46,England,E12000002,E08000012
L16 8,53.392721,-2.902623,35,England,E12000002,E08000012
L16 9,53.392831,-2.901654,31,England,E12000002,E08000012
L17 0,53.375497,-2.934267,102,England,E12000002,E08000012
L17 1,53.386586,-2.934326,28,England,E12000002,E08000012
L17 2,53.386972,-2.939304,42,England,E12000002,E08000012
L17 3,53.387284,-2.943485,70,England,E12000002,E08000012
L17 4,53.379663,-2.945798,52,England,E12000002,E08000012
L17 5,53.374367,-2.943431,54,England,E12000002,E08000012
L17 6,53.370369,-2.92855,88,England,E12000002,E08000012
L17 7,53.377908,-2.952166,127,England,E12000002,E08000012
L17 8,53.381412,-2.947783,130,England,E12000002,E08000012
L17 9,53.3757,-2.943801,64,England,E12000002,E08000012
L18 0,53.387969,-2.910429,29,England,E12000002,E08000012
L18 1,53.385412,-2.917901,162,England,E12000002,E08000012
L18 2,53.385955,-2.90643,78,England,E12000002,E08000012
L18 3,53.381622,-2.897827,126,England,E12000002,E08000012
L18 4,53.373373,-2.914183,66,England,E12000002,E08000012
L18 5,53.382385,-2.91325,70,England,E12000002,E08000012
L18 6,53.381196,-2.906504,65,England,E12000002,E08000012
L18 7,53.375631,-2.907351,53,England,E12000002,E08000012
L18 8,53.379346,-2.919513,104,England,E12000002,E08000012
L18 9,53.371755,-2.900653,103,England,E12000002,E08000012
L19 0,53.359243,-2.914121,92,England,E12000002,E08000012
L19 1,53.358283,-2.900709,57,England,E12000002,E08000012
L19 2,53.354499,-2.898659,149,England,E12000002,E08000012
L19 3,53.363469,-2.916863,70,England,E12000002,E08000012
L19 4,53.364086,-2.893502,63,England,E12000002,E08000012
L19 5,53.357373,-2.892773,34,England,E12000002,E08000012
L19 6,53.359502,-2.89597,26,England,E12000002,E08000012
L19 7,53.364345,-2.904518,31,England,E12000002,E08000012
L19 8,53.348789,-2.896669,106,England,E12000002,E08000012
L19 9,53.363272,-2.91001,95,England,E12000002,E08000012
L2 0,53.405948,-2.992096,103,England,E12000002,E08000012
L2 1,53.405177,-2.988689,33,England,E12000002,E08000012
L2 2,53.408393,-2.988667,175,England,E12000002,E08000012
L2 3,53.407874,-2.991178,82,England,E12000002,E08000012
L2 4,53.406924,-2.98975,52,England,E12000002,E08000012
L2 5,53.407553,-2.988005,52,England,E12000002,E08000012
L2 6,53.406326,-2.987785,53,England,E12000002,E08000012
L2 7,53.405172,-2.991605,115,England,E12000002,E08000012
L2 8,53.406703,-2.993205,49,England,E12000002,E08000012
L2 9,53.405968,-2.989407,77,England,E12000002,E08000012
L20 0,53.461197,-2.97638,76,England,E12000002,E08000014
L20 1,53.447758,-3.002808,75,England,E12000002,E08000014
L20 2,53.442434,-2.985367,81,England,E12000002,E08000014
L20 3,53.450627,-2.987302,214,England,E12000002,E08000014
L20 4,53.455008,-3.000268,291,England,E12000002,E08000014
L20 5,53.457261,-2.99312,102,England,E12000002,E08000014
L20 6,53.464275,-2.983645,206,England,E12000002,E08000014
L20 7,53.446446,-2.991041,135,England,E12000002,E08000014
L20 8,53.440694,-2.994795,168,England,E12000002,E08000012
L20 9,53.451763,-2.979751,192,England,E12000002,E08000014
L21 0,53.482758,-2.996099,85,England,E12000002,E08000014
L21 1,53.466968,-3.012921,113,England,E12000002,E08000014
L21 2,53.46921,-3.001887,36,England,E12000002,E08000014
L21 3,53.464905,-3.006913,26,England,E12000002,E08000014
L21 4,53.462475,-3.009254,56,England,E12000002,E08000014
L21 5,53.472609,-2.983972,48,England,E12000002,E08000014
L21 6,53.465903,-3.002234,39,England,E12000002,E08000014
L21 7,53.473272,-2.992319,97,England,E12000002,E08000014
L21 8,53.465278,-2.996031,120,England,E12000002,E08000014
L21 9,53.476032,-3.001332,108,England,E12000002,E08000014
L22 0,53.475882,-3.024891,85,England,E12000002,E08000014
L22 1,53.47246,-3.023153,34,England,E12000002,E08000014
L22 2,53.480982,-3.032664,42,England,E12000002,E08000014
L22 3,53.475491,-3.020595,42,England,E12000002,E08000014
L22 4,53.47926,-3.02137,43,England,E12000002,E08000014
L22 5,53.473781,-3.026804,71,England,E12000002,E08000014
L22 6,53.480493,-3.038536,34,England,E12000002,E08000014
L22 7,53.478519,-3.034483,30,England,E12000002,E08000014
L22 8,53.47597,-3.031096,39,England,E12000002,E08000014
L22 9,53.477741,-3.027873,41,England,E12000002,E08000014
L23 0,53.483523,-3.019601,128,England,E12000002,E08000014
L23 1,53.496825,-2.997776,86,England,E12000002,E08000014
L23 2,53.491815,-3.019542,127,England,E12000002,E08000014
L23 3,53.484614,-3.031657,73,England,E12000002,E08000014
L23 4,53.499351,-3.010566,46,England,E12000002,E08000014
L23 5,53.487781,-3.026695,88,England,E12000002,E08000014
L23 6,53.485074,-3.041529,125,England,E12000002,E08000014
L23 7,53.491119,-3.032413,91,England,E12000002,E08000014
L23 8,53.489306,-3.038903,97,England,E12000002,E08000014
L23 9,53.490552,-3.008753,115,England,E12000002,E08000014
L24 0,53.342979,-2.844802,46,England,E12000002,E08000012
L24 1,53.343946,-2.859147,78,England,E12000002,E08000012
L24 2,53.342091,-2.835666,83,England,E12000002,E08000012
L24 3,53.343648,-2.852022,56,England,E12000002,E08000012
L24 4,53.336607,-2.802453,46,England,E12000002,E06000006
L24 5,53.337715,-2.815196,35,England,E12000002,E06000006
L24 6,53.344761,-2.827611,32,England,E12000002,E08000012
L24 7,53.340801,-2.826603,35,England,E12000002,E08000012
L24 8,53.345533,-2.868815,37,England,E12000002,E08000012
L24 9,53.351889,-2.856901,129,England,E12000002,E08000012
L25 0,53.362009,-2.856681,94,England,E12000002,E08000012
L25 1,53.39476,-2.873026,92,England,E12000002,E08000012
L25 2,53.391003,-2.861501,168,England,E12000002,E08000012
L25 3,53.384137,-2.858848,105,England,E12000002,E08000012
L25 4,53.384501,-2.870984,113,England,E12000002,E08000012
L25 5,53.377911,-2.861672,134,England,E12000002,E08000012
L25 6,53.378374,-2.873673,114,England,E12000002,E08000012
L25 7,53.372387,-2.871469,148,England,E12000002,E08000012
L25 8,53.372299,-2.860507,103,England,E12000002,E08000012
L25 9,53.368595,-2.851333,121,England,E12000002,E08000011
L26 0,53.363953,-2.827701,115,England,E12000002,E08000011
L26 1,53.360334,-2.842268,75,England,E12000002,E08000011
L26 2,53.368817,-2.831933,8,England,E12000002,E08000011
L26 3,53.364985,-2.825384,7,England,E12000002,E08000011
L26 4,53.376255,-2.830326,6,England,E12000002,E08000011
L26 5,53.376966,-2.839399,5,England,E12000002,E08000011
L26 6,53.370907,-2.829335,58,England,E12000002,E08000011
L26 7,53.370816,-2.843173,112,England,E12000002,E08000011
L26 8,53.36452,-2.83239,3,England,E12000002,E08000011
L26 9,53.359622,-2.830608,90,England,E12000002,E08000011
L27 0,53.389322,-2.848722,5,England,E12000002,E08000012
L27 1,53.394088,-2.852443,41,England,E12000002,E08000012
L27 2,53.387313,-2.852167,5,England,E12000002,E08000012
L27 3,53.386855,-2.844582,1,England,E12000002,E08000012
L27 4,53.382746,-2.832464,25,England,E12000002,E08000012
L27 5,53.381452,-2.829121,30,England,E12000002,E08000012
L27 6,53.38569,-2.836527,34,England,E12000002,E08000012
L27 7,53.388738,-2.841465,44,England,E12000002,E08000012
L27 8,53.390704,-2.837415,28,England,E12000002,E08000012
L27 9,53.390946,-2.846528,15,England,E12000002,E08000012
L28 0,53.435397,-2.874394,17,England,E12000002,E08000012
L28 1,53.435558,-2.868237,60,England,E12000002,E08000011
L28 3,53.431076,-2.862271,9,England,E12000002,E08000011
L28 4,53.439446,-2.86537,18,England,E12000002,E08000011
L28 5,53.434599,-2.85932,19,England,E12000002,E08000011
L28 6,53.431358,-2.862551,14,England,E12000002,E08000011
L28 7,53.433707,-2.86507,11,England,E12000002,E08000011
L28 8,53.436681,-2.878497,9,England,E12000002,E08000012
L29 1,53.493978,-2.985603,2,England,E12000002,E08000014
L29 3,53.519793,-3.0025,2,England,E12000002,E08000014
L29 5,53.510087,-3.006503,3,England,E12000002,E08000014
L29 6,53.504163,-2.978048,3,England,E12000002,E08000014
L29 7,53.504756,-2.983037,13,England,E12000002,E08000014
L29 8,53.512312,-2.992959,4,England,E12000002,E08000014
L29 9,53.495157,-2.986797,4,England,E12000002,E08000014
L3 0,53.418894,-2.999913,40,England,E12000002,E08000012
L3 1,53.406188,-2.995454,149,England,E12000002,E08000012
L3 2,53.411124,-2.985448,69,England,E12000002,E08000012
L3 3,53.412344,-2.97765,70,England,E12000002,E08000012
L3 4,53.390062,-2.983106,101,England,E12000002,E08000012
L3 5,53.40641,-2.972395,156,England,E12000002,E08000012
L3 6,53.414302,-2.988647,138,England,E12000002,E08000012
L3 7,53.41725,-2.996118,70,England,E12000002,E08000012
L3 8,53.411941,-2.972648,131,England,E12000002,E08000012
L3 9,53.408555,-2.993553,170,England,E12000002,E08000012
L30 0,53.492965,-2.982369,54,England,E12000002,E08000014
L30 1,53.475162,-2.965295,112,England,E12000002,E08000014
L30 2,53.484062,-2.987833,88,England,E12000002,E08000014
L30 3,53.484196,-2.976148,54,England,E12000002,E08000014
L30 4,53.471201,-2.96781,74,England,E12000002,E08000014
L30 5,53.488006,-2.970833,63,England,E12000002,E08000014
L30 6,53.481961,-2.962952,56,England,E12000002,E08000014
L30 7,53.48808,-2.965153,68,England,E12000002,E08000014
L30 8,53.48595,-2.955715,27,England,E12000002,E08000014
L30 9,53.470189,-2.980607,28,England,E12000002,E08000014
L31 0,53.518803,-2.941898,69,England,E12000002,E08000014
L31 1,53.499801,-2.916365,180,England,E12000002,E08000014
L31 2,53.522061,-2.945525,110,England,E12000002,E08000014
L31 3,53.508272,-2.933117,72,England,E12000002,E08000014
L31 4,53.529937,-2.951564,118,England,E12000002,E08000014
L31 5,53.503185,-2.942159,83,England,E12000002,E08000014
L31 6,53.51355,-2.935235,89,England,E12000002,E08000014
L31 7,53.508998,-2.947193,75,England,E12000002,E08000014
L31 8,53.513537,-2.952498,94,England,E12000002,E08000014
L31 9,53.517577,-2.932408,100,England,E12000002,E08000014
L32 0,53.483431,-2.901387,94,England,E12000002,E08000011
L32 1,53.487923,-2.884683,48,England,E12000002,E08000011
L32 2,53.487845,-2.901667,55,England,E12000002,E08000011
L32 3,53.469953,-2.884748,32,England,E12000002,E08000011
L32 4,53.478553,-2.902035,79,England,E12000002,E08000011
L32 5,53.47974,-2.89643,33,England,E12000002,E08000011
L32 6,53.472965,-2.875622,60,England,E12000002,E08000011
L32 7,53.46883,-2.878742,68,England,E12000002,E08000011
L32 8,53.480051,-2.882924,107,England,E12000002,E08000011
L32 9,53.475126,-2.884576,88,England,E12000002,E08000011
L33 0,53.482235,-2.879857,34,England,E12000002,E08000011
L33 1,53.495078,-2.884311,219,England,E12000002,E08000011
L33 2,53.49262,-2.894367,36,England,E12000002,E08000011
L33 3,53.481384,-2.844795,19,England,E12000002,E08000011
L33 4,53.4981,-2.882419,113,England,E12000002,E08000011
L33 5,53.481899,-2.874044,36,England,E12000002,E08000011
L33 6,53.48661,-2.873985,55,England,E12000002,E08000011
L33 7,53.479493,-2.864061,212,England,E12000002,E08000011
L33 8,53.486262,-2.879817,39,England,E12000002,E08000011
L33 9,53.489908,-2.873864,60,England,E12000002,E08000011
L34 0,53.449257,-2.843505,65,England,E12000002,E08000011
L34 1,53.425241,-2.812384,115,England,E12000002,E08000011
L34 2,53.43071,-2.791837,117,England,E12000002,E08000011
L34 3,53.429942,-2.809002,39,England,E12000002,E08000011
L34 4,53.433345,-2.831961,25,England,E12000002,E08000011
L34 5,53.427364,-2.801188,120,England,E12000002,E08000011
L34 6,53.432058,-2.799517,67,England,E12000002,E08000011
L34 7,53.439657,-2.849451,8,England,E12000002,E08000011
L34 8,53.457071,-2.835317,16,England,E12000002,E08000011
L34 9,53.455007,-2.853416,79,England,E12000002,E08000011
L35 0,53.414448,-2.767507,101,England,E12000002,E08000013
L35 1,53.400878,-2.809498,82,England,E12000002,E08000011
L35 2,53.418921,-2.792006,67,England,E12000002,E08000011
L35 3,53.411787,-2.79769,213,England,E12000002,E08000011
L35 4,53.419341,-2.766987,92,England,E12000002,E08000013
L35 5,53.421443,-2.797928,110,England,E12000002,E08000011
L35 6,53.410669,-2.762307,64,England,E12000002,E08000013
L35 7,53.42678,-2.787244,80,England,E12000002,E08000011
L35 8,53.421991,-2.775616,73,England,E12000002,E08000013
L35 9,53.418722,-2.77992,47,England,E12000002,E08000013
L36 0,53.403632,-2.83064,104,England,E12000002,E08000011
L36 1,53.417888,-2.824463,78,England,E12000002,E08000011
L36 2,53.417627,-2.855915,93,England,E12000002,E08000011
L36 3,53.423345,-2.852086,113,England,E12000002,E08000011
L36 4,53.410733,-2.858064,144,England,E12000002,E08000011
L36 5,53.406704,-2.840112,130,England,E12000002,E08000011
L36 6,53.410334,-2.824491,146,England,E12000002,E08000011
L36 7,53.417424,-2.840752,126,England,E12000002,E08000011
L36 8,53.426439,-2.84236,130,England,E12000002,E08000011
L36 9,53.411556,-2.843632,133,England,E12000002,E08000011
L37 0,53.568649,-3.046262,18,England,E12000002,E08000014
L37 1,53.561357,-3.076474,115,England,E12000002,E08000014
L37 2,53.552055,-3.075391,186,England,E12000002,E08000014
L37 3,53.559645,-3.061704,163,England,E12000002,E08000014
L37 4,53.554184,-3.059774,145,England,E12000002,E08000014
L37 5,53.549705,-3.029844,13,England,E12000002,E07000127
L37 6,53.549006,-3.058213,131,England,E12000002,E08000014
L37 7,53.565832,-3.061528,141,England,E12000002,E08000014
L37 8,53.555069,-3.05277,76,England,E12000002,E08000014
L37 9,53.552151,-3.014898,8,England,E12000002,E07000127
L38 0,53.533931,-3.060917,28,England,E12000002,E08000014
L38 1,53.526884,-3.027451,9,England,E12000002,E08000014
L38 2,53.53594,-3.043137,1,England,E12000002,E08000014
L38 3,53.528359,-3.055073,27,England,E12000002,E08000014
L38 4,53.531932,-3.055267,2,England,E12000002,E08000014
L38 5,53.531403,-3.047062,6,England,E12000002,E08000014
L38 6,53.523935,-3.024533,14,England,E12000002,E08000014
L38 7,53.533918,-3.064252,4,England,E12000002,E08000014
L38 8,53.531479,-3.068806,3,England,E12000002,E08000014
L38 9,53.525918,-3.05956,41,England,E12000002,E08000014
L39 0,53.538978,-2.848468,54,England,E12000002,E07000127
L39 1,53.574024,-2.885779,111,England,E12000002,E07000127
L39 2,53.569112,-2.878949,202,England,E12000002,E07000127
L39 3,53.566893,-2.892432,145,England,E12000002,E07000127
L39 4,53.563104,-2.885289,182,England,E12000002,E07000127
L39 5,53.554581,-2.899454,166,England,E12000002,E07000127
L39 6,53.545598,-2.903239,85,England,E12000002,E07000127
L39 7,53.563451,-2.943008,68,England,E12000002,E07000127
L39 8,53.585059,-2.940692,66,England,E12000002,E07000127
L39 9,53.547212,-2.866987,17,England,E12000002,E07000127
L4 0,53.4304,-2.961828,70,England,E12000002,E08000012
L4 1,53.434378,-2.980974,104,England,E12000002,E08000012
L4 2,53.429649,-2.951975,106,England,E12000002,E08000012
L4 3,53.440682,-2.974755,86,England,E12000002,E08000012
L4 4,53.435845,-2.97183,142,England,E12000002,E08000012
L4 5,53.443339,-2.967122,129,England,E12000002,E08000012
L4 6,53.444715,-2.959131,78,England,E12000002,E08000012
L4 7,53.435719,-2.94764,57,England,E12000002,E08000012
L4 8,53.438633,-2.940203,61,England,E12000002,E08000012
L4 9,53.44403,-2.944708,96,England,E12000002,E08000012
L40 0,53.603878,-2.853856,64,England,E12000002,E07000127
L40 1,53.623782,-2.837855,93,England,E12000002,E07000127
L40 2,53.622489,-2.781501,58,England,E12000002,E07000118
L40 3,53.605366,-2.794904,54,England,E12000002,E07000127
L40 4,53.602279,-2.83151,55,England,E12000002,E07000127
L40 5,53.591095,-2.840912,112,England,E12000002,E07000127
L40 6,53.563589,-2.852051,72,England,E12000002,E07000127
L40 7,53.590514,-2.856423,133,England,E12000002,E07000127
L40 8,53.589507,-2.884505,75,England,E12000002,E07000127
L40 9,53.602316,-2.911345,69,England,E12000002,E07000127
L41 0,53.39736,-3.056477,80,England,E12000002,E08000015
L41 1,53.400781,-3.025816,138,England,E12000002,E08000015
L41 2,53.38736,-3.028601,143,England,E12000002,E08000015
L41 3,53.395849,-3.026006,118,England,E12000002,E08000015
L41 4,53.393395,-3.030903,151,England,E12000002,E08000015
L41 5,53.391141,-3.014914,117,England,E12000002,E08000015
L41 6,53.392292,-3.020103,165,England,E12000002,E08000015
L41 7,53.404462,-3.059848,77,England,E12000002,E08000015
L41 8,53.400076,-3.044834,136,England,E12000002,E08000015
L41 9,53.382632,-3.018913,84,England,E12000002,E08000015
L42 0,53.382466,-3.027495,87,England,E12000002,E08000015
L42 1,53.371162,-3.004879,92,England,E12000002,E08000015
L42 2,53.371107,-3.009709,70,England,E12000002,E08000015
L42 3,53.375672,-3.014398,54,England,E12000002,E08000015
L42 4,53.368029,-3.014312,84,England,E12000002,E08000015
L42 5,53.379073,-3.020269,63,England,E12000002,E08000015
L42 6,53.372925,-3.025856,77,England,E12000002,E08000015
L42 7,53.379402,-3.029281,54,England,E12000002,E08000015
L42 8,53.370095,-3.040481,81,England,E12000002,E08000015
L42 9,53.37723,-3.03648,100,England,E12000002,E08000015
L43 0,53.371871,-3.056848,97,England,E12000002,E08000015
L43 1,53.386796,-3.046476,77,England,E12000002,E08000015
L43 2,53.379487,-3.052743,114,England,E12000002,E08000015
L43 3,53.367742,-3.058892,82,England,E12000002,E08000015
L43 4,53.388937,-3.038314,74,England,E12000002,E08000015
L43 5,53.380154,-3.042018,100,England,E12000002,E08000015
L43 6,53.386136,-3.053872,60,England,E12000002,E08000015
L43 7,53.399251,-3.075061,201,England,E12000002,E08000015
L43 8,53.396847,-3.054862,40,England,E12000002,E08000015
L43 9,53.384837,-3.072553,206,England,E12000002,E08000015
L44 0,53.419629,-3.032309,82,England,E12000002,E08000015
L44 1,53.421007,-3.03737,74,England,E12000002,E08000015
L44 2,53.419319,-3.057839,89,England,E12000002,E08000015
L44 3,53.415961,-3.052293,70,England,E12000002,E08000015
L44 4,53.410893,-3.038809,90,England,E12000002,E08000015
L44 5,53.415738,-3.046025,108,England,E12000002,E08000015
L44 6,53.412268,-3.022796,105,England,E12000002,E08000015
L44 7,53.407762,-3.023592,113,England,E12000002,E08000015
L44 8,53.417722,-3.028091,91,England,E12000002,E08000015
L44 9,53.412957,-3.03214,85,England,E12000002,E08000015
L45 0,53.431932,-3.056257,58,England,E12000002,E08000015
L45 1,53.433006,-3.038093,90,England,E12000002,E08000015
L45 2,53.438554,-3.044096,77,England,E12000002,E08000015
L45 3,53.428671,-3.065609,102,England,E12000002,E08000015
L45 4,53.423038,-3.047972,145,England,E12000002,E08000015
L45 5,53.430619,-3.04517,121,England,E12000002,E08000015
L45 6,53.426103,-3.057789,66,England,E12000002,E08000015
L45 7,53.426092,-3.036941,100,England,E12000002,E08000015
L45 8,53.424115,-3.070928,109,England,E12000002,E08000015
L45 9,53.435941,-3.04983,56,England,E12000002,E08000015
L46 0,53.397528,-3.111499,116,England,E12000002,E08000015
L46 1,53.411511,-3.096627,67,England,E12000002,E08000015
L46 2,53.41712,-3.089933,47,England,E12000002,E08000015
L46 3,53.415407,-3.104454,42,England,E12000002,E08000015
L46 4,53.409138,-3.118173,18,England,E12000002,E08000015
L46 5,53.394504,-3.126763,20,England,E12000002,E08000015
L46 6,53.400327,-3.125981,125,England,E12000002,E08000015
L46 7,53.404754,-3.119719,63,England,E12000002,E08000015
L46 8,53.405234,-3.107756,63,England,E12000002,E08000015
L46 9,53.401008,-3.100226,66,England,E12000002,E08000015
L47 0,53.399439,-3.162039,39,England,E12000002,E08000015
L47 1,53.390784,-3.187358,32,England,E12000002,E08000015
L47 2,53.394178,-3.178232,80,England,E12000002,E08000015
L47 3,53.396677,-3.173136,64,England,E12000002,E08000015
L47 4,53.388669,-3.178795,53,England,E12000002,E08000015
L47 5,53.400544,-3.168636,30,England,E12000002,E08000015
L47 6,53.403225,-3.160257,30,England,E12000002,E08000015
L47 7,53.40432,-3.153688,37,England,E12000002,E08000015
L47 8,53.402187,-3.150697,13,England,E12000002,E08000015
L47 9,53.3955,-3.145686,38,England,E12000002,E08000015
L48 0,53.370161,-3.183928,47,England,E12000002,E08000015
L48 1,53.364432,-3.148477,74,England,E12000002,E08000015
L48 2,53.360364,-3.167899,62,England,E12000002,E08000015
L48 3,53.366099,-3.177934,54,England,E12000002,E08000015
L48 4,53.372782,-3.181694,76,England,E12000002,E08000015
L48 5,53.37742,-3.181296,84,England,E12000002,E08000015
L48 6,53.376343,-3.164134,48,England,E12000002,E08000015
L48 7,53.371501,-3.171846,43,England,E12000002,E08000015
L48 8,53.369488,-3.162488,38,England,E12000002,E08000015
L48 9,53.373597,-3.154352,50,England,E12000002,E08000015
L49 0,53.382192,-3.095411,53,England,E12000002,E08000015
L49 1,53.37608,-3.112799,46,England,E12000002,E08000015
L49 2,53.381625,-3.117892,91,England,E12000002,E08000015
L49 3,53.375849,-3.122784,95,England,E12000002,E08000015
L49 4,53.389732,-3.110961,128,England,E12000002,E08000015
L49 5,53.371417,-3.089239,46,England,E12000002,E08000015
L49 6,53.387393,-3.099971,96,England,E12000002,E08000015
L49 7,53.373841,-3.081739,48,England,E12000002,E08000015
L49 8,53.377042,-3.087169,60,England,E12000002,E08000015
L49 9,53.380446,-3.089809,51,England,E12000002,E08000015
L5 0,53.428159,-2.971436,64,England,E12000002,E08000012
L5 1,53.428827,-2.963974,55,England,E12000002,E08000012
L5 2,53.425422,-2.984666,77,England,E12000002,E08000012
L5 3,53.420995,-2.974445,112,England,E12000002,E08000012
L5 4,53.422616,-2.966214,53,England,E12000002,E08000012
L5 5,53.424501,-2.979179,76,England,E12000002,E08000012
L5 6,53.424725,-2.960055,78,England,E12000002,E08000012
L5 7,53.429652,-2.986094,63,England,E12000002,E08000012
L5 8,53.420925,-2.985132,78,England,E12000002,E08000012
L5 9,53.425627,-2.994435,108,England,E12000002,E08000012
L6 0,53.428614,-2.945838,51,England,E12000002,E08000012
L6 1,53.41347,-2.963893,120,England,E12000002,E08000012
L6 2,53.418326,-2.962128,123,England,E12000002,E08000012
L6 3,53.416209,-2.946014,38,England,E12000002,E08000012
L6 4,53.424291,-2.941966,79,England,E12000002,E08000012
L6 5,53.421502,-2.953297,97,England,E12000002,E08000012
L6 6,53.414673,-2.948523,50,England,E12000002,E08000012
L6 7,53.420835,-2.943034,16,England,E12000002,E08000012
L6 8,53.415868,-2.939136,30,England,E12000002,E08000012
L6 9,53.414801,-2.953697,63,England,E12000002,E08000012
L60 0,53.325388,-3.098719,71,England,E12000002,E08000015
L60 1,53.327949,-3.07654,61,England,E12000002,E08000015
L60 2,53.327342,-3.085565,49,England,E12000002,E08000015
L60 3,53.317582,-3.082645,46,England,E12000002,E08000015
L60 4,53.324567,-3.105214,40,England,E12000002,E08000015
L60 5,53.329594,-3.09339,47,England,E12000002,E08000015
L60 6,53.333686,-3.110157,55,England,E12000002,E08000015
L60 7,53.332676,-3.098779,50,England,E12000002,E08000015
L60 8,53.319164,-3.097675,57,England,E12000002,E08000015
L60 9,53.329894,-3.12013,53,England,E12000002,E08000015
L61 0,53.348142,-3.125212,16,England,E12000002,E08000015
L61 1,53.348288,-3.082587,54,England,E12000002,E08000015
L61 2,53.348844,-3.117786,16,England,E12000002,E08000015
L61 3,53.354201,-3.102748,43,England,E12000002,E08000015
L61 4,53.356784,-3.117781,62,England,E12000002,E08000015
L61 5,53.343425,-3.10164,51,England,E12000002,E08000015
L61 6,53.338699,-3.102473,58,England,E12000002,E08000015
L61 7,53.353149,-3.090457,50,England,E12000002,E08000015
L61 8,53.347521,-3.104796,54,England,E12000002,E08000015
L61 9,53.346828,-3.096692,56,England,E12000002,E08000015
L62 0,53.318299,-2.959165,52,England,E12000002,E08000015
L62 1,53.362704,-2.995254,95,England,E12000002,E08000015
L62 2,53.336294,-2.986619,79,England,E12000002,E08000015
L62 3,53.338034,-2.976198,75,England,E12000002,E08000015
L62 4,53.350017,-2.985885,103,England,E12000002,E08000015
L62 5,53.35792,-2.999826,109,England,E12000002,E08000015
L62 6,53.320445,-2.980152,78,England,E12000002,E08000015
L62 7,53.328995,-2.981298,125,England,E12000002,E08000015
L62 8,53.314258,-2.973631,99,England,E12000002,E08000015
L62 9,53.30836,-2.970957,81,England,E12000002,E08000015
L63 0,53.319195,-2.994504,131,England,E12000002,E08000015
L63 1,53.320816,-3.048021,21,England,E12000002,E08000015
L63 2,53.350169,-3.020013,129,England,E12000002,E08000015
L63 3,53.345006,-3.008586,110,England,E12000002,E08000015
L63 4,53.321614,-3.028245,24,England,E12000002,E08000015
L63 5,53.361242,-3.02446,117,England,E12000002,E08000015
L63 6,53.34565,-3.042407,23,England,E12000002,E08000015
L63 7,53.352956,-3.00596,112,England,E12000002,E08000015
L63 8,53.357901,-3.022996,92,England,E12000002,E08000015
L63 9,53.336438,-3.002605,126,England,E12000002,E08000015
L64 0,53.277438,-3.06284,70,England,E12000002,E06000050
L64 1,53.295197,-3.003134,68,England,E12000002,E06000050
L64 2,53.289962,-3.008647,55,England,E12000002,E06000050
L64 3,53.299893,-3.063578,74,England,E12000002,E06000050
L64 4,53.28184,-3.050822,91,England,E12000002,E06000050
L64 5,53.260102,-3.022568,41,England,E12000002,E06000050
L64 6,53.29446,-3.078454,102,England,E12000002,E06000050
L64 7,53.294594,-3.043088,34,England,E12000002,E06000050
L64 8,53.275524,-3.025262,17,England,E12000002,E06000050
L64 9,53.289332,-3.058966,160,England,E12000002,E06000050
L65 0,53.277189,-2.899732,77,England,E12000002,E06000050
L65 1,53.301694,-2.926225,23,England,E12000002,E06000050
L65 2,53.286044,-2.899663,93,England,E12000002,E06000050
L65 3,53.286992,-2.91565,51,England,E12000002,E06000050
L65 4,53.28243,-2.885064,112,England,E12000002,E06000050
L65 5,53.273204,-2.890343,76,England,E12000002,E06000050
L65 6,53.268346,-2.907504,104,England,E12000002,E06000050
L65 7,53.275792,-2.915831,83,England,E12000002,E06000050
L65 8,53.28042,-2.907884,109,England,E12000002,E06000050
L65 9,53.267326,-2.894578,122,England,E12000002,E06000050
L66 0,53.265183,-2.954488,6,England,E12000002,E06000050
L66 1,53.288418,-2.937018,176,England,E12000002,E06000050
L66 2,53.263486,-2.923427,302,England,E12000002,E06000050
L66 3,53.279478,-2.933596,155,England,E12000002,E06000050
L66 4,53.276604,-2.941446,217,England,E12000002,E06000050
L66 5,53.292288,-2.955452,44,England,E12000002,E06000050
L66 6,53.300005,-2.966344,11,England,E12000002,E06000050
L66 7,53.295679,-2.973226,21,England,E12000002,E06000050
L66 8,53.274353,-2.983123,8,England,E12000002,E06000050
L66 9,53.266449,-2.976721,5,England,E12000002,E06000050
L67 1,53.405716,-2.967808,12,England,E12000002,E08000012
L68 0,53.44016,-2.97372,2,England,E12000002,E08000014
L68 1,53.456528,-2.964614,8,England,E12000002,E08000014
L69 1,53.402781,-2.977575,279,England,E12000002,E08000012
L69 2,53.398851,-2.977998,260,England,E12000002,E08000012
L69 3,53.391227,-2.975675,350,England,E12000002,E08000012
L69 4,53.406485,-2.972711,143,England,E12000002,E08000012
L69 5,54.168416,-2.926672,61,England,E12000002,E08000012
L69 6,53.404255,-2.973107,97,England,E12000002,E08000012
L69 7,53.403726,-2.970817,269,England,E12000002,E08000012
L69 8,53.401552,-2.974002,227,England,E12000002,E08000012
L69 9,53.416768,-2.985731,62,England,E12000002,E08000012
L7 0,53.411564,-2.939529,88,England,E12000002,E08000012
L7 1,53.406096,-2.951901,60,England,E12000002,E08000012
L7 2,53.410093,-2.949272,56,England,E12000002,E08000012
L7 3,53.402313,-2.955947,107,England,E12000002,E08000012
L7 4,53.397372,-2.943586,27,England,E12000002,E08000012
L7 5,53.405539,-2.947129,40,England,E12000002,E08000012
L7 6,53.400358,-2.945856,80,England,E12000002,E08000012
L7 7,53.401047,-2.965946,73,England,E12000002,E08000012
L7 8,53.409459,-2.959262,82,England,E12000002,E08000012
L7 9,53.40876,-2.932849,52,England,E12000002,E08000012
L70 0,53.485209,-3.015684,2,England,E12000002,E08000014
L70 1,53.412762,-2.972371,113,England,E12000002,E08000012
L70 2,53.418196,-2.954051,9,England,E12000002,E08000012
L70 3,53.416799,-2.916254,1,England,E12000002,E08000012
L70 8,53.401308,-2.975777,33,England,E12000002,E08000012
L70 9,53.40385,-2.97564,61,England,E12000002,E08000012
L71 2,53.422245,-2.974793,20,England,E12000002,E08000012
L72 0,53.483656,-3.004386,24,England,E12000002,E08000014
L72 1,53.473071,-2.96069,19,England,E12000002,E08000014
L72 8,53.477786,-2.980174,17,England,E12000002,E08000014
L73 6,53.380332,-2.976431,1,England,E12000002,E08000012
L74 4,53.39307,-2.988284,27,England,E12000002,E08000012
L75 1,53.437573,-2.983749,28,England,E12000002,E08000014
L75 2,53.45539,-2.986831,10,England,E12000002,E08000014
L8 0,53.394498,-2.949732,127,England,E12000002,E08000012
L8 1,53.394921,-2.967175,66,England,E12000002,E08000012
L8 2,53.393709,-2.957567,53,England,E12000002,E08000012
L8 3,53.387183,-2.956133,62,England,E12000002,E08000012
L8 4,53.383168,-2.966097,117,England,E12000002,E08000012
L8 5,53.391998,-2.976867,116,England,E12000002,E08000012
L8 6,53.387004,-2.973659,117,England,E12000002,E08000012
L8 7,53.397901,-2.963428,118,England,E12000002,E08000012
L8 8,53.389802,-2.964108,118,England,E12000002,E08000012
L8 9,53.380267,-2.96202,77,England,E12000002,E08000012
L80 4,53.469226,-2.969084,4,England,E12000002,E08000014
L9 0,53.468353,-2.951425,116,England,E12000002,E08000012
L9 1,53.452108,-2.961672,153,England,E12000002,E08000012
L9 2,53.457265,-2.958023,60,England,E12000002,E08000012
L9 3,53.460478,-2.963307,60,England,E12000002,E08000012
L9 4,53.464958,-2.957769,38,England,E12000002,E08000012
L9 5,53.477564,-2.951924,22,England,E12000002,E08000014
L9 6,53.454611,-2.932238,89,England,E12000002,E08000012
L9 7,53.460718,-2.943838,125,England,E12000002,E08000012
L9 8,53.464461,-2.963383,108,England,E12000002,E08000012
L9 9,53.467034,-2.944402,123,England,E12000002,E08000012
LA1 1,54.048662,-2.800978,390,England,E12000002,E07000121
LA1 2,54.060183,-2.804775,282,England,E12000002,E07000121
LA1 3,54.049522,-2.788195,312,England,E12000002,E07000121
LA1 4,54.032484,-2.792485,386,England,E12000002,E07000121
LA1 5,54.047045,-2.813619,358,England,E12000002,E07000121
LA1 9,54.048018,-2.802814,241,England,E12000002,E07000121
LA10 5,54.314888,-2.497856,259,England,E12000002,E06000064
LA11 6,54.214827,-2.908236,260,England,E12000002,E06000064
LA11 7,54.184418,-2.940725,256,England,E12000002,E06000064
LA11 9,60.511371,-2.509046,29,England,E12000002,E06000064
LA12 0,54.171759,-3.12033,298,England,E12000002,E06000064
LA12 2,62.919622,-2.505049,21,England,E12000002,E06000064
LA12 7,54.204334,-3.091757,312,England,E12000002,E06000064
LA12 8,54.267097,-3.019738,222,England,E12000002,E06000064
LA12 9,54.181771,-3.087715,284,England,E12000002,E06000064
LA13 0,54.117514,-3.188687,268,England,E12000002,E06000064
LA13 9,54.118975,-3.208925,292,England,E12000002,E06000064
LA14 1,54.11478,-3.226832,314,England,E12000002,E06000064
LA14 2,54.109253,-3.225658,300,England,E12000002,E06000064
LA14 3,54.10893,-3.253702,300,England,E12000002,E06000064
LA14 4,54.138097,-3.220839,249,England,E12000002,E06000064
LA14 5,54.122496,-3.225918,309,England,E12000002,E06000064
LA14 9,54.116654,-3.224705,89,England,E12000002,E06000064
LA15 8,54.155768,-3.179455,285,England,E12000002,E06000064
LA16 7,54.184088,-3.202901,124,England,E12000002,E06000064
LA17 7,54.23971,-3.175716,63,England,E12000002,E06000064
LA18 4,54.206896,-3.276241,196,England,E12000002,E06000063
LA18 5,54.226892,-3.274548,141,England,E12000002,E06000063
LA18 9,54.209274,-3.26841,7,England,E12000002,E06000063
LA19 5,54.289205,-3.371866,82,England,E12000002,E06000063
LA2 0,53.993079,-2.799907,234,England,E12000002,E07000121
LA2 6,54.081047,-2.7869,244,England,E12000002,E07000121
LA2 7,54.114825,-2.525762,182,England,E12000003,E06000065
LA2 8,54.105217,-2.508666,238,England,E12000002,E07000121
LA2 9,54.045589,-2.713933,240,England,E12000002,E07000121
LA20 6,54.292608,-3.206828,96,England,E12000002,E06000064
LA21 8,54.364653,-3.071605,105,England,E12000002,E06000064
LA22 0,54.400678,-2.969827,236,England,E12000002,E06000064
LA22 9,54.439648,-2.9987,252,England,E12000002,E06000064
LA23 1,54.389064,-2.912054,230,England,E12000002,E06000064
LA23 2,54.372258,-2.905813,181,England,E12000002,E06000064
LA23 3,54.353637,-2.919718,207,England,E12000002,E06000064
LA23 9,58.94329,-2.617425,30,England,E12000002,E06000064
LA3 1,54.061705,-2.88227,315,England,E12000002,E07000121
LA3 2,54.04551,-2.891487,340,England,E12000002,E07000121
LA3 3,54.048429,-2.857924,294,England,E12000002,E07000121
LA4 4,54.066518,-2.866738,312,England,E12000002,E07000121
LA4 5,54.07165,-2.856041,332,England,E12000002,E07000121
LA4 6,54.073099,-2.83823,284,England,E12000002,E07000121
LA4 9,66.083842,-2.117136,65,England,E12000002,E07000121
LA5 0,54.183527,-2.826375,200,England,E12000002,E06000064
LA5 5,57.727511,-2.55282,51,England,E12000002,E07000121
LA5 8,54.106307,-2.791264,150,England,E12000002,E07000121
LA5 9,54.136182,-2.768648,333,England,E12000002,E07000121
LA6 1,54.15963,-2.728349,279,England,E12000002,E07000121
LA6 2,54.204024,-2.597741,301,England,E12000002,E06000064
LA6 3,54.152441,-2.494117,206,England,E12000003,E06000065
LA7 7,54.225953,-2.77313,253,England,E12000002,E06000064
LA8 0,54.292958,-2.699336,181,England,E12000002,E06000064
LA8 8,54.298295,-2.807996,204,England,E12000002,E06000064
LA8 9,54.374288,-2.766616,209,England,E12000002,E06000064
LA9 4,54.328431,-2.748212,307,England,E12000002,E06000064
LA9 5,54.324263,-2.752984,259,England,E12000002,E06000064
LA9 6,54.336454,-2.73941,269,England,E12000002,E06000064
LA9 7,54.314231,-2.734776,293,England,E12000002,E06000064
LA9 9,54.328988,-2.746718,176,England,E12000002,E06000064
LD1 5,52.241454,-3.355999,233,Wales,W99999999,W06000023
LD1 6,52.276541,-3.377543,241,Wales,W99999999,W06000023
LD1 9,80.896474,-1.351113,120,Wales,W99999999,
LD2 3,52.142226,-3.39442,310,Wales,W99999999,W06000023
LD2 9,59.539323,-2.871855,13,Wales,W99999999,W06000023
LD3 0,52.005002,-3.25613,246,Wales,W99999999,W06000023
LD3 3,53.598397,-3.29404,58,Wales,W99999999,W06000023
LD3 7,51.933725,-3.347985,316,Wales,W99999999,W06000023
LD3 8,51.938365,-3.50053,225,Wales,W99999999,W06000023
LD3 9,51.964754,-3.410641,208,Wales,W99999999,W06000023
LD4 4,52.117822,-3.557737,64,Wales,W99999999,W06000023
LD5 4,52.127235,-3.615072,80,Wales,W99999999,W06000023
LD6 5,52.308898,-3.509379,134,Wales,W99999999,W06000023
LD7 1,52.35174,-3.084811,232,Wales,W99999999,W06000023
LD7 9,55.978602,-2.915161,13,Wales,W99999999,W06000023
LD8 2,52.266905,-3.049798,211,Wales,W99999999,W06000023
LE1 1,52.634012,-1.12805,215,England,E12000004,E06000016
LE1 2,52.639734,-1.123141,141,England,E12000004,E06000016
LE1 3,52.638467,-1.131926,252,England,E12000004,E06000016
LE1 4,52.637207,-1.137795,156,England,E12000004,E06000016
LE1 5,52.632835,-1.135698,242,England,E12000004,E06000016
LE1 6,52.630969,-1.130714,263,England,E12000004,E06000016
LE1 7,52.628016,-1.124659,150,England,E12000004,E06000016
LE1 8,52.62276,-1.159551,95,England,E12000004,E06000016
LE1 9,52.631736,-1.133583,203,England,E12000004,E06000016
LE10 0,52.54312,-1.385586,391,England,E12000004,E07000132
LE10 1,52.54519,-1.366931,352,England,E12000004,E07000132
LE10 2,52.530296,-1.360796,364,England,E12000004,E07000132
LE10 3,52.524145,-1.364862,226,England,E12000004,E07000132
LE10 9,52.539481,-1.372831,220,England,E12000004,E07000132
LE11 0,52.775875,-1.229656,395,England,E12000004,E07000130
LE11 1,52.773493,-1.202848,354,England,E12000004,E07000130
LE11 2,52.75882,-1.206394,351,England,E12000004,E07000130
LE11 3,52.764804,-1.222332,334,England,E12000004,E07000130
LE11 4,52.772165,-1.238367,174,England,E12000004,E07000130
LE11 5,52.779192,-1.222456,289,England,E12000004,E07000130
LE11 9,52.952728,-1.244935,256,England,E12000004,E07000130
LE12 5,52.799595,-1.218891,284,England,E12000004,E07000130
LE12 6,52.82249,-1.158569,309,England,E12000004,E07000176
LE12 7,52.729559,-1.123949,398,England,E12000004,E07000130
LE12 8,52.744529,-1.16924,395,England,E12000004,E07000130
LE12 9,52.768731,-1.292321,395,England,E12000004,E07000130
LE13 0,52.763169,-0.891992,386,England,E12000004,E07000133
LE13 1,52.76969,-0.880046,374,England,E12000004,E07000133
LE13 9,52.768562,-0.8713,133,England,E12000004,E07000133
LE14 2,52.731293,-0.86936,270,England,E12000004,E07000133
LE14 3,52.78922,-0.965105,281,England,E12000004,E07000133
LE14 4,52.828714,-0.857585,279,England,E12000004,E07000133
LE15 0,52.670231,-0.727365,144,England,E12000004,E06000017
LE15 6,52.672336,-0.728943,349,England,E12000004,E06000017
LE15 7,52.705659,-0.701095,363,England,E12000004,E06000017
LE15 8,52.642682,-0.667281,289,England,E12000004,E06000017
LE15 9,52.5987,-0.716447,298,England,E12000004,E06000017
LE16 0,52.482607,-0.908743,183,England,E12000004,E07000131
LE16 6,52.431801,-1.117453,1,England,E12000004,E07000131
LE16 7,52.492792,-0.920253,392,England,E12000004,E07000131
LE16 8,52.494975,-0.840031,390,England,E12000004,E07000131
LE16 9,52.469913,-0.934467,387,England,E12000004,E07000131
LE17 4,52.459384,-1.206588,392,England,E12000004,E07000131
LE17 5,52.4925,-1.204197,288,England,E12000004,E07000131
LE17 6,52.448459,-1.103807,236,England,E12000004,E07000131
LE17 9,52.468762,-1.197812,100,England,E12000004,E07000131
LE18 1,52.590227,-1.10997,190,England,E12000004,E07000135
LE18 2,52.581061,-1.112211,211,England,E12000004,E07000135
LE18 3,52.580159,-1.096044,231,England,E12000004,E07000135
LE18 4,52.581716,-1.129201,210,England,E12000004,E07000135
LE18 9,52.584214,-1.108884,173,England,E12000004,E07000135
LE19 0,52.594063,-1.212668,11,England,E12000004,E07000129
LE19 1,52.594995,-1.216616,101,England,E12000004,E07000129
LE19 2,52.574573,-1.206344,174,England,E12000004,E07000129
LE19 3,52.576839,-1.222086,119,England,E12000004,E07000129
LE19 4,52.597035,-1.219019,182,England,E12000004,E07000129
LE19 9,53.139032,-1.181696,88,England,E12000004,E07000129
LE2 0,52.632316,-1.118699,275,England,E12000004,E06000016
LE2 1,52.624786,-1.115588,311,England,E12000004,E06000016
LE2 2,52.615684,-1.094792,193,England,E12000004,E06000016
LE2 3,52.613749,-1.113892,293,England,E12000004,E06000016
LE2 4,52.600526,-1.073144,294,England,E12000004,E07000135
LE2 5,52.599654,-1.086202,270,England,E12000004,E07000135
LE2 6,52.605645,-1.129277,307,England,E12000004,E06000016
LE2 7,52.623479,-1.139104,308,England,E12000004,E06000016
LE2 8,52.606624,-1.146314,261,England,E12000004,E06000016
LE2 9,52.589442,-1.153754,298,England,E12000004,E06000016
LE21 3,52.632339,-1.12494,90,England,E12000004,E06000016
LE21 4,54.067653,-1.090857,66,England,E12000004,E06000016
LE21 9,52.628872,-1.137494,89,England,E12000004,E06000016
LE3 0,52.623579,-1.165648,280,England,E12000004,E06000016
LE3 1,52.620833,-1.187409,311,England,E12000004,E06000016
LE3 2,52.604428,-1.192479,344,England,E12000004,E07000129
LE3 3,52.615441,-1.217444,338,England,E12000004,E07000129
LE3 4,52.609227,-1.192512,171,England,E12000004,E07000129
LE3 5,52.636623,-1.145399,253,England,E12000004,E06000016
LE3 6,52.63666,-1.171846,271,England,E12000004,E06000016
LE3 7,52.625261,-1.150755,57,England,E12000004,E06000016
LE3 8,52.64715,-1.192778,301,England,E12000004,E07000129
LE3 9,52.645491,-1.163848,306,England,E12000004,E06000016
LE4 0,52.655207,-1.150064,323,England,E12000004,E06000016
LE4 1,52.665718,-1.158859,130,England,E12000004,E06000016
LE4 2,52.667022,-1.143099,291,England,E12000004,E06000016
LE4 3,52.681327,-1.13178,202,England,E12000004,E07000130
LE4 4,52.676593,-1.121391,181,England,E12000004,E07000130
LE4 5,52.653164,-1.127191,263,England,E12000004,E06000016
LE4 6,52.650864,-1.115593,246,England,E12000004,E06000016
LE4 7,52.658995,-1.103468,397,England,E12000004,E06000016
LE4 8,52.672976,-1.098549,257,England,E12000004,E07000130
LE4 9,52.658055,-1.094247,223,England,E12000004,E06000016
LE41 9,52.863748,-1.150119,207,England,E12000004,E06000016
LE5 0,52.643636,-1.100405,236,England,E12000004,E06000016
LE5 1,52.65133,-1.067819,350,England,E12000004,E06000016
LE5 2,52.638585,-1.066076,197,England,E12000004,E06000016
LE5 3,52.637869,-1.110876,220,England,E12000004,E06000016
LE5 4,52.634698,-1.093966,298,England,E12000004,E06000016
LE5 5,52.627994,-1.10557,328,England,E12000004,E06000016
LE5 6,52.627562,-1.073682,207,England,E12000004,E06000016
LE5 9,52.622104,-1.161909,246,England,E12000004,E07000129
LE55 7,52.632689,-1.12521,4,England,E12000004,E06000016
LE55 8,52.747835,-1.454384,24,England,E12000004,E07000134
LE6 0,52.666883,-1.254123,396,England,E12000004,E07000132
LE6 1,52.686005,-1.386162,225,England,E12000004,E07000134
LE6 2,52.71889,-1.375863,266,England,E12000004,E07000134
LE6 3,52.728084,-1.344212,237,England,E12000004,E07000134
LE6 4,52.748016,-1.378804,218,England,E12000004,E07000134
LE6 5,52.748598,-1.470609,335,England,E12000004,E07000134
LE6 7,52.74859,-1.478478,1,England,E12000004,E07000134
LE65 1,52.748171,-1.461242,316,England,E12000004,E07000134
LE65 2,52.74964,-1.479338,273,England,E12000004,E07000134
LE65 9,53.845748,-1.437418,86,England,E12000004,E07000134
LE67 0,52.725513,-1.373917,129,England,E12000004,E07000134
LE67 1,52.691113,-1.349085,207,England,E12000004,E07000134
LE67 2,52.71097,-1.389739,308,England,E12000004,E07000134
LE67 3,52.723621,-1.375415,298,England,E12000004,E07000134
LE67 4,52.721919,-1.342971,249,England,E12000004,E07000134
LE67 5,52.739605,-1.357076,183,England,E12000004,E07000134
LE67 6,52.693616,-1.39774,179,England,E12000004,E07000134
LE67 8,52.751623,-1.387464,179,England,E12000004,E07000134
LE67 9,52.688083,-1.282707,197,England,E12000004,E07000132
LE7 1,52.696212,-1.083144,184,England,E12000004,E07000130
LE7 2,52.695167,-1.071551,195,England,E12000004,E07000130
LE7 3,52.698651,-1.052054,224,England,E12000004,E07000130
LE7 4,52.716524,-1.044013,151,England,E12000004,E07000130
LE7 6,52.696104,-1.135122,13,England,E12000004,E07000130
LE7 7,52.689021,-1.159208,398,England,E12000004,E07000130
LE7 8,52.705133,-1.057849,395,England,E12000004,E07000130
LE7 9,52.629351,-1.004773,384,England,E12000004,E07000131
LE8 0,52.544033,-1.011173,386,England,E12000004,E07000131
LE8 1,52.586046,-1.103068,316,England,E12000004,E07000135
LE8 2,52.581435,-1.122535,346,England,E12000004,E07000135
LE8 3,52.561514,-1.158318,393,England,E12000004,E07000129
LE8 4,52.569876,-1.174993,172,England,E12000004,E07000129
LE8 5,52.554414,-1.135962,193,England,E12000004,E07000129
LE8 6,52.565453,-1.183656,209,England,E12000004,E07000129
LE8 8,52.53267,-1.042546,147,England,E12000004,E07000131
LE8 9,52.569445,-1.02076,147,England,E12000004,E07000131
LE87 2,52.594513,-1.137836,10,England,E12000004,E06000016
LE87 4,52.636511,-1.131196,72,England,E12000004,E06000016
LE9 0,52.574457,-1.317295,76,England,E12000004,E07000132
LE9 1,52.549579,-1.19941,98,England,E12000004,E07000129
LE9 2,52.625622,-1.242616,150,England,E12000004,E07000129
LE9 3,52.56465,-1.246121,99,England,E12000004,E07000129
LE9 4,52.544709,-1.285038,227,England,E12000004,E07000129
LE9 5,52.573675,-1.223845,389,England,E12000004,E07000129
LE9 6,52.5369,-1.240241,395,England,E12000004,E07000131
LE9 7,52.574014,-1.316362,336,England,E12000004,E07000132
LE9 8,52.569547,-1.345172,224,England,E12000004,E07000132
LE9 9,52.622544,-1.295288,294,England,E12000004,E07000132
LE94 0,52.483703,-0.905511,14,England,E12000004,E07000131
LE94 7,52.483703,-0.905511,7,England,E12000004,E07000131
LE95 2,52.606194,-1.190553,3,England,E12000004,E07000129
LE99 1,99.999999,0.0,1,England,,
LL11 0,60.236841,-2.540689,307,Wales,W99999999,W06000006
LL11 1,53.041897,-2.995994,253,Wales,W99999999,W06000006
LL11 2,53.058425,-2.998294,236,Wales,W99999999,W06000006
LL11 3,53.054157,-3.078531,262,Wales,W99999999,W06000006
LL11 4,53.071165,-3.017401,296,Wales,W99999999,W06000006
LL11 5,53.072594,-3.060701,262,Wales,W99999999,W06000006
LL11 6,53.063182,-3.032756,262,Wales,W99999999,W06000006
LL12 0,53.099328,-2.976226,277,Wales,W99999999,W06000006
LL12 7,53.057545,-2.981749,215,Wales,W99999999,W06000006
LL12 8,53.079742,-2.97481,276,Wales,W99999999,W06000006
LL12 9,53.104543,-3.032633,235,Wales,W99999999,W06000005
LL13 0,53.00535,-2.939635,334,Wales,W99999999,W06000006
LL13 7,53.041306,-2.997768,277,Wales,W99999999,W06000006
LL13 8,53.043374,-2.983647,253,Wales,W99999999,W06000006
LL13 9,53.055253,-2.945974,380,Wales,W99999999,W06000006
LL14 1,53.012245,-3.052751,213,Wales,W99999999,W06000006
LL14 2,53.006393,-3.054239,195,Wales,W99999999,W06000006
LL14 3,52.978611,-3.069527,262,Wales,W99999999,W06000006
LL14 4,53.032915,-3.029565,146,Wales,W99999999,W06000006
LL14 5,52.939821,-3.05986,162,Wales,W99999999,W06000006
LL14 6,52.990047,-3.03603,177,Wales,W99999999,W06000006
LL15 1,53.119651,-3.30775,288,Wales,W99999999,W06000004
LL15 2,53.086974,-3.324391,240,Wales,W99999999,W06000004
LL15 9,78.231993,-1.537129,56,Wales,W99999999,
LL16 3,53.185096,-3.417387,266,Wales,W99999999,W06000004
LL16 4,53.183604,-3.384566,230,Wales,W99999999,W06000004
LL16 5,53.187145,-3.490412,241,Wales,W99999999,W06000004
LL16 9,54.448477,-3.326262,37,Wales,W99999999,W06000004
LL17 0,53.25509,-3.438543,258,Wales,W99999999,W06000004
LL18 1,53.317572,-3.489491,261,Wales,W99999999,W06000004
LL18 2,53.307831,-3.47679,259,Wales,W99999999,W06000004
LL18 3,53.324282,-3.47802,221,Wales,W99999999,W06000004
LL18 4,53.317275,-3.468072,311,Wales,W99999999,W06000004
LL18 5,53.29552,-3.499803,317,Wales,W99999999,W06000003
LL18 6,53.30449,-3.411348,122,Wales,W99999999,W06000004
LL18 9,54.471712,-3.398323,162,Wales,W99999999,W06000004
LL19 0,54.591293,-3.339922,37,Wales,W99999999,W06000004
LL19 7,53.335499,-3.420551,249,Wales,W99999999,W06000004
LL19 8,53.324806,-3.41453,222,Wales,W99999999,W06000004
LL19 9,53.333515,-3.393833,236,Wales,W99999999,W06000004
LL20 7,52.94913,-3.151465,231,Wales,W99999999,W06000006
LL20 8,52.972848,-3.172873,217,Wales,W99999999,W06000004
LL20 9,60.554818,-2.659642,31,Wales,W99999999,W06000004
LL21 0,52.970466,-3.438164,190,Wales,W99999999,W06000004
LL21 1,55.593628,-3.186555,18,Wales,W99999999,W06000004
LL21 9,53.005479,-3.385043,216,Wales,W99999999,W06000004
LL22 7,53.287492,-3.580998,246,Wales,W99999999,W06000003
LL22 8,53.248491,-3.630324,309,Wales,W99999999,W06000003
LL22 9,53.288668,-3.543281,194,Wales,W99999999,W06000003
LL23 7,52.905826,-3.602558,218,Wales,W99999999,W06000002
LL23 9,52.909409,-3.591172,6,Wales,W99999999,W06000002
LL24 0,53.058675,-3.786181,205,Wales,W99999999,W06000003
LL24 9,58.972848,-3.325665,8,Wales,W99999999,W06000003
LL25 0,53.054894,-3.877642,50,Wales,W99999999,W06000003
LL26 0,53.139209,-3.787125,238,Wales,W99999999,W06000003
LL26 9,53.139123,-3.799239,10,Wales,W99999999,W06000003
LL27 0,53.148229,-3.827177,52,Wales,W99999999,W06000003
LL28 4,53.306815,-3.746098,272,Wales,W99999999,W06000003
LL28 5,53.269777,-3.773146,258,Wales,W99999999,W06000003
LL29 0,53.718495,-3.695881,111,Wales,W99999999,W06000003
LL29 6,53.284315,-3.733667,55,Wales,W99999999,W06000003
LL29 7,53.294077,-3.730659,218,Wales,W99999999,W06000003
LL29 8,53.287963,-3.703323,292,Wales,W99999999,W06000003
LL29 9,53.289875,-3.694761,215,Wales,W99999999,W06000003
LL30 1,53.3148,-3.819038,317,Wales,W99999999,W06000003
LL30 2,53.32216,-3.834386,328,Wales,W99999999,W06000003
LL30 3,53.317221,-3.779936,177,Wales,W99999999,W06000003
LL30 9,62.757198,-3.052091,173,Wales,W99999999,W06000003
LL31 9,53.291256,-3.810859,325,Wales,W99999999,W06000003
LL32 8,53.261644,-3.840025,327,Wales,W99999999,W06000003
LL33 0,53.249872,-3.983672,190,Wales,W99999999,W06000003
LL34 6,53.271606,-3.912313,209,Wales,W99999999,W06000003
LL35 0,52.547351,-4.040803,106,Wales,W99999999,W06000002
LL36 0,52.5832,-4.09536,63,Wales,W99999999,W06000002
LL36 6,52.588301,-4.081075,10,Wales,W99999999,W06000002
LL36 9,52.609595,-4.056302,217,Wales,W99999999,W06000002
LL37 2,52.670927,-4.070482,44,Wales,W99999999,W06000002
LL38 2,52.69898,-4.037622,52,Wales,W99999999,W06000002
LL39 1,52.712848,-4.000783,22,Wales,W99999999,W06000002
LL40 1,52.740539,-3.892404,196,Wales,W99999999,W06000002
LL40 2,52.770557,-3.861045,201,Wales,W99999999,W06000002
LL40 9,56.117536,-3.607111,14,Wales,W99999999,W06000002
LL41 3,52.992509,-3.94327,225,Wales,W99999999,W06000002
LL41 4,52.941061,-3.933161,182,Wales,W99999999,W06000002
LL41 9,63.44001,-3.060349,9,Wales,W99999999,W06000002
LL42 1,52.725997,-4.055775,182,Wales,W99999999,W06000002
LL42 9,52.741918,-3.884717,2,Wales,W99999999,W06000002
LL43 2,52.774553,-4.09285,31,Wales,W99999999,W06000002
LL44 2,52.78742,-4.095301,58,Wales,W99999999,W06000002
LL45 2,52.82012,-4.097048,59,Wales,W99999999,W06000002
LL46 2,52.856337,-4.107802,100,Wales,W99999999,W06000002
LL47 6,52.902064,-4.062495,49,Wales,W99999999,W06000002
LL48 6,52.93546,-4.071145,171,Wales,W99999999,W06000002
LL49 0,55.070102,-3.951909,22,Wales,W99999999,W06000002
LL49 9,52.928843,-4.138162,233,Wales,W99999999,W06000002
LL51 9,52.972885,-4.237422,46,Wales,W99999999,W06000002
LL52 0,52.924714,-4.237636,175,Wales,W99999999,W06000002
LL53 5,52.888649,-4.420021,205,Wales,W99999999,W06000002
LL53 6,52.929167,-4.442259,262,Wales,W99999999,W06000002
LL53 7,52.841514,-4.503835,207,Wales,W99999999,W06000002
LL53 8,52.8681,-4.598553,210,Wales,W99999999,W06000002
LL53 9,55.023098,-4.221965,22,Wales,W99999999,W06000002
LL54 5,53.04221,-4.349178,184,Wales,W99999999,W06000002
LL54 6,53.05022,-4.264847,184,Wales,W99999999,W06000002
LL54 7,53.085295,-4.249199,211,Wales,W99999999,W06000002
LL55 1,53.147785,-4.256778,224,Wales,W99999999,W06000002
LL55 2,53.135855,-4.259075,243,Wales,W99999999,W06000002
LL55 3,53.148911,-4.148768,138,Wales,W99999999,W06000002
LL55 4,53.113354,-4.155781,267,Wales,W99999999,W06000002
LL55 9,80.636489,-1.756412,121,Wales,W99999999,
LL56 4,53.187589,-4.200192,90,Wales,W99999999,W06000002
LL57 1,53.226668,-4.123995,250,Wales,W99999999,W06000002
LL57 2,53.221525,-4.143375,337,Wales,W99999999,W06000002
LL57 3,53.187251,-4.063864,248,Wales,W99999999,W06000002
LL57 4,53.197016,-4.119312,266,Wales,W99999999,W06000002
LL57 9,53.778568,-4.0888,84,Wales,W99999999,W06000002
LL58 8,53.279144,-4.100736,220,Wales,W99999999,W06000001
LL59 5,53.234369,-4.159183,237,Wales,W99999999,W06000001
LL60 6,53.216017,-4.268093,124,Wales,W99999999,W06000001
LL61 5,53.223794,-4.202131,107,Wales,W99999999,W06000001
LL61 6,53.179269,-4.297178,163,Wales,W99999999,W06000001
LL62 5,53.211161,-4.386099,127,Wales,W99999999,W06000001
LL63 5,53.219498,-4.47075,110,Wales,W99999999,W06000001
LL64 5,53.229127,-4.514773,60,Wales,W99999999,W06000001
LL65 1,53.311381,-4.638573,250,Wales,W99999999,W06000001
LL65 2,53.295111,-4.621974,306,Wales,W99999999,W06000001
LL65 3,53.279716,-4.516644,262,Wales,W99999999,W06000001
LL65 4,53.324321,-4.497096,204,Wales,W99999999,W06000001
LL65 9,55.33049,-4.417807,23,Wales,W99999999,W06000001
LL66 0,53.38132,-4.407748,21,Wales,W99999999,W06000001
LL66 9,53.37731,-4.384488,2,Wales,W99999999,W06000001
LL67 0,53.411155,-4.45665,70,Wales,W99999999,W06000001
LL68 0,53.384631,-4.455427,70,Wales,W99999999,W06000001
LL68 8,61.1723,-3.624818,6,Wales,W99999999,W06000001
LL68 9,53.40341,-4.348096,205,Wales,W99999999,W06000001
LL69 9,53.386269,-4.319711,35,Wales,W99999999,W06000001
LL70 9,53.363855,-4.287967,20,Wales,W99999999,W06000001
LL71 7,53.318873,-4.398582,38,Wales,W99999999,W06000001
LL71 8,53.332453,-4.350497,61,Wales,W99999999,W06000001
LL72 8,53.344067,-4.245729,48,Wales,W99999999,W06000001
LL73 8,53.33516,-4.244534,13,Wales,W99999999,W06000001
LL74 8,53.315025,-4.234166,95,Wales,W99999999,W06000001
LL75 7,53.271037,-4.23631,1,Wales,W99999999,W06000001
LL75 8,53.283719,-4.220791,67,Wales,W99999999,W06000001
LL76 8,53.300902,-4.239213,10,Wales,W99999999,W06000001
LL77 7,53.2595,-4.312912,282,Wales,W99999999,W06000001
LL77 8,53.271649,-4.297987,10,Wales,W99999999,W06000001
LL77 9,74.996192,-2.304545,86,Wales,W99999999,W06000001
LL78 7,53.31518,-4.273196,6,Wales,W99999999,W06000001
LL78 8,53.317865,-4.25983,17,Wales,W99999999,W06000001
LN1 1,53.232656,-0.548645,368,England,E12000004,E07000138
LN1 2,53.288928,-0.649684,395,England,E12000004,E07000142
LN1 3,53.24261,-0.543662,315,England,E12000004,E07000138
LN1 4,53.270865,-0.654277,23,England,E12000004,E07000142
LN1 5,53.278498,-0.706458,3,England,E12000004,E07000142
LN1 6,53.315387,-0.663926,4,England,E12000004,E07000142
LN10 5,53.194153,-0.237356,34,England,E12000004,E07000137
LN10 6,53.151666,-0.212923,218,England,E12000004,E07000137
LN11 0,53.385245,-0.00884,396,England,E12000004,E07000137
LN11 1,53.364259,0.039924,108,England,E12000004,E07000137
LN11 7,53.413049,0.100594,256,England,E12000004,E07000137
LN11 8,53.348944,0.043629,343,England,E12000004,E07000137
LN11 9,53.351056,-0.029442,322,England,E12000004,E07000137
LN12 1,53.346027,0.249364,214,England,E12000004,E07000137
LN12 2,53.318501,0.273379,299,England,E12000004,E07000137
LN12 9,53.316472,0.232867,10,England,E12000004,E07000137
LN13 0,53.284412,0.146372,144,England,E12000004,E07000137
LN13 3,53.255848,0.167363,19,England,E12000004,E07000137
LN13 9,53.253595,0.205447,244,England,E12000004,E07000137
LN2 1,53.232466,-0.537907,223,England,E12000004,E07000138
LN2 2,53.261472,-0.496834,378,England,E12000004,E07000142
LN2 3,53.31988,-0.488763,329,England,E12000004,E07000142
LN2 4,53.242953,-0.513645,396,England,E12000004,E07000138
LN2 5,53.230043,-0.526751,265,England,E12000004,E07000138
LN3 4,53.239294,-0.460532,218,England,E12000004,E07000142
LN3 5,53.255999,-0.314298,262,England,E12000004,E07000142
LN3 6,53.39903,-0.188461,129,England,E12000004,E07000137
LN4 1,53.210118,-0.47206,360,England,E12000004,E07000139
LN4 2,53.186887,-0.496085,318,England,E12000004,E07000139
LN4 3,53.123054,-0.394865,313,England,E12000004,E07000139
LN4 4,53.098162,-0.229674,393,England,E12000004,E07000137
LN5 0,53.10687,-0.55428,289,England,E12000004,E07000139
LN5 5,53.224323,-0.545246,380,England,E12000004,E07000138
LN5 7,53.22377,-0.5411,333,England,E12000004,E07000138
LN5 8,53.211005,-0.547526,305,England,E12000004,E07000138
LN5 9,53.164905,-0.572768,380,England,E12000004,E07000139
LN6 0,53.216751,-0.595655,364,England,E12000004,E07000138
LN6 3,53.208754,-0.596714,185,England,E12000004,E07000138
LN6 4,53.225862,-0.62541,26,England,E12000004,E07000139
LN6 5,53.233639,-0.610738,107,England,E12000004,E07000139
LN6 6,53.156503,-0.664177,22,England,E12000004,E07000139
LN6 7,53.213657,-0.563455,364,England,E12000004,E07000138
LN6 8,53.193476,-0.578116,299,England,E12000004,E07000139
LN6 9,53.173849,-0.638632,396,England,E12000004,E07000139
LN7 6,53.48938,-0.341971,309,England,E12000004,E07000142
LN8 2,53.390113,-0.494399,103,England,E12000004,E07000142
LN8 3,53.389734,-0.343698,395,England,E12000004,E07000142
LN8 5,53.295159,-0.293118,145,England,E12000004,E07000137
LN8 6,53.400442,-0.202628,145,England,E12000004,E07000137
LN8 9,53.39093,-0.343471,57,England,E12000004,E07000142
LN9 5,53.218859,-0.132697,244,England,E12000004,E07000137
LN9 6,53.213376,-0.088654,232,England,E12000004,E07000137
LN9 9,53.208989,-0.116497,27,England,E12000004,E07000137
LS1 1,53.797404,-1.555665,167,England,E12000003,E08000035
LS1 2,53.797536,-1.552918,293,England,E12000003,E08000035
LS1 3,53.800788,-1.551637,100,England,E12000003,E08000035
LS1 4,53.795986,-1.553883,279,England,E12000003,E08000035
LS1 5,53.797598,-1.548673,259,England,E12000003,E08000035
LS1 6,53.797549,-1.543846,203,England,E12000003,E08000035
LS1 7,53.7964,-1.541115,23,England,E12000003,E08000035
LS1 8,53.798926,-1.54849,53,England,E12000003,E08000035
LS1 9,53.927026,-1.557786,355,England,E12000003,E08000035
LS10 1,53.7829,-1.527594,322,England,E12000003,E08000035
LS10 2,53.77517,-1.528431,232,England,E12000003,E08000035
LS10 3,53.759031,-1.53087,298,England,E12000003,E08000035
LS10 4,53.747518,-1.538936,357,England,E12000003,E08000035
LS10 9,54.250499,-1.514863,96,England,E12000003,E08000035
LS11 0,53.774651,-1.571918,170,England,E12000003,E08000035
LS11 1,54.797412,-1.516422,137,England,E12000003,E08000035
LS11 5,53.77725,-1.548806,329,England,E12000003,E08000035
LS11 6,53.777691,-1.549547,214,England,E12000003,E08000035
LS11 7,53.772464,-1.557884,190,England,E12000003,E08000035
LS11 8,53.774241,-1.564566,274,England,E12000003,E08000035
LS11 9,53.787114,-1.556466,268,England,E12000003,E08000035
LS12 1,53.793262,-1.577262,297,England,E12000003,E08000035
LS12 2,53.80041,-1.589837,281,England,E12000003,E08000035
LS12 3,53.79697,-1.600806,322,England,E12000003,E08000035
LS12 4,53.788333,-1.594637,318,England,E12000003,E08000035
LS12 5,53.784277,-1.617558,282,England,E12000003,E08000035
LS12 6,53.780691,-1.588616,188,England,E12000003,E08000035
LS12 9,54.735813,-1.563795,98,England,E12000003,E08000035
LS13 1,53.819312,-1.652124,244,England,E12000003,E08000035
LS13 2,53.813394,-1.624527,308,England,E12000003,E08000035
LS13 3,53.810136,-1.63568,263,England,E12000003,E08000035
LS13 4,53.802367,-1.63292,295,England,E12000003,E08000035
LS13 9,54.623786,-1.59654,57,England,E12000003,E08000035
LS14 1,53.829762,-1.469282,251,England,E12000003,E08000035
LS14 2,53.831652,-1.454886,144,England,E12000003,E08000035
LS14 3,53.857262,-1.440815,177,England,E12000003,E08000035
LS14 5,53.820993,-1.445621,220,England,E12000003,E08000035
LS14 6,53.814107,-1.468309,385,England,E12000003,E08000035
LS14 9,54.056911,-1.449547,201,England,E12000003,E08000035
LS15 0,53.795228,-1.471706,219,England,E12000003,E08000035
LS15 4,53.827558,-1.410987,196,England,E12000003,E08000035
LS15 5,53.816574,-1.443049,2,England,E12000003,E08000035
LS15 7,53.803933,-1.459366,287,England,E12000003,E08000035
LS15 8,53.80836,-1.440633,367,England,E12000003,E08000035
LS15 9,53.795719,-1.443452,149,England,E12000003,E08000035
LS16 0,54.168691,-1.595361,143,England,E12000003,E08000035
LS16 5,53.834787,-1.594881,256,England,E12000003,E08000035
LS16 6,53.845195,-1.608196,335,England,E12000003,E08000035
LS16 7,53.855421,-1.614497,314,England,E12000003,E08000035
LS16 8,53.852049,-1.584487,220,England,E12000003,E08000035
LS16 9,53.878148,-1.614426,188,England,E12000003,E08000035
LS17 0,53.925673,-1.575053,98,England,E12000003,E06000065
LS17 1,54.072189,-1.526368,209,England,E12000003,E08000035
LS17 5,53.844679,-1.552997,214,England,E12000003,E08000035
LS17 6,53.843634,-1.535189,319,England,E12000003,E08000035
LS17 7,53.855893,-1.546095,343,England,E12000003,E08000035
LS17 8,53.853421,-1.511056,398,England,E12000003,E08000035
LS17 9,53.881771,-1.477453,218,England,E12000003,E08000035
LS18 4,53.836166,-1.645071,371,England,E12000003,E08000035
LS18 5,53.84607,-1.644391,329,England,E12000003,E08000035
LS19 6,53.852771,-1.680488,276,England,E12000003,E08000035
LS19 7,53.865116,-1.687032,397,England,E12000003,E08000035
LS19 9,54.102356,-1.682727,193,England,E12000003,E08000035
LS2 3,53.803779,-1.54939,23,England,E12000003,E08000035
LS2 7,53.798221,-1.542104,298,England,E12000003,E08000035
LS2 8,53.800934,-1.546536,263,England,E12000003,E08000035
LS2 9,53.806466,-1.554403,213,England,E12000003,E08000035
LS20 8,53.871414,-1.720031,258,England,E12000003,E08000035
LS20 9,53.875708,-1.706233,216,England,E12000003,E08000035
LS21 1,53.903292,-1.661336,325,England,E12000003,E08000035
LS21 2,53.926231,-1.693844,272,England,E12000003,E06000065
LS21 3,53.901823,-1.696618,215,England,E12000003,E08000035
LS21 9,54.466937,-1.671172,82,England,E12000003,E08000035
LS22 4,53.933315,-1.400199,377,England,E12000003,E08000035
LS22 5,53.927274,-1.390823,230,England,E12000003,E08000035
LS22 6,53.930659,-1.39061,262,England,E12000003,E08000035
LS22 7,53.937265,-1.386649,166,England,E12000003,E08000035
LS22 9,54.673262,-1.361986,124,England,E12000003,E08000035
LS23 6,53.898732,-1.355009,346,England,E12000003,E08000035
LS23 7,53.92103,-1.347887,192,England,E12000003,E08000035
LS24 0,55.010413,-1.234663,41,England,E12000003,E06000065
LS24 8,53.896574,-1.247868,134,England,E12000003,E06000065
LS24 9,53.859797,-1.256062,367,England,E12000003,E06000065
LS25 0,53.735126,-1.596733,1,England,E12000003,E08000035
LS25 1,53.790688,-1.391224,250,England,E12000003,E08000035
LS25 2,53.792613,-1.376783,223,England,E12000003,E08000035
LS25 3,53.826443,-1.345795,85,England,E12000003,E08000035
LS25 4,53.790624,-1.334394,107,England,E12000003,E08000035
LS25 5,53.767574,-1.247044,222,England,E12000003,E06000065
LS25 6,53.794589,-1.242033,289,England,E12000003,E06000065
LS25 7,53.770446,-1.373528,277,England,E12000003,E08000035
LS25 9,55.107893,-1.196725,35,England,E12000003,E06000065
LS26 0,53.753199,-1.479139,370,England,E12000003,E08000035
LS26 1,54.437351,-1.386423,142,England,E12000003,E08000035
LS26 6,53.767676,-1.423472,1,England,E12000003,E08000035
LS26 8,53.757539,-1.435925,385,England,E12000003,E08000035
LS26 9,53.740326,-1.405659,161,England,E12000003,E08000035
LS27 0,53.743959,-1.613917,346,England,E12000003,E08000035
LS27 1,55.065203,-1.553632,105,England,E12000003,E08000035
LS27 7,53.758211,-1.611861,383,England,E12000003,E08000035
LS27 8,53.746661,-1.591542,377,England,E12000003,E08000035
LS27 9,53.748158,-1.602977,282,England,E12000003,E08000035
LS28 0,55.044416,-1.61995,111,England,E12000003,E08000035
LS28 5,53.814158,-1.676461,378,England,E12000003,E08000035
LS28 6,53.805862,-1.663707,242,England,E12000003,E08000035
LS28 7,53.798183,-1.67122,340,England,E12000003,E08000035
LS28 8,53.792297,-1.67426,251,England,E12000003,E08000035
LS28 9,53.793078,-1.654349,211,England,E12000003,E08000035
LS29 0,53.941021,-1.861917,312,England,E12000003,E08000032
LS29 1,54.226549,-1.808217,152,England,E12000003,E08000032
LS29 6,53.892747,-1.746661,311,England,E12000003,E08000032
LS29 7,53.912007,-1.758579,308,England,E12000003,E08000032
LS29 8,53.924511,-1.809959,341,England,E12000003,E08000032
LS29 9,53.924011,-1.830631,303,England,E12000003,E08000032
LS3 1,53.801411,-1.563071,232,England,E12000003,E08000035
LS3 2,53.803355,-1.573304,1,England,E12000003,E08000035
LS4 2,53.808503,-1.582731,310,England,E12000003,E08000035
LS5 2,53.816612,-1.591106,1,England,E12000003,E08000035
LS5 3,53.818109,-1.602416,285,England,E12000003,E08000035
LS6 1,53.811281,-1.56742,344,England,E12000003,E08000035
LS6 2,53.81659,-1.558601,338,England,E12000003,E08000035
LS6 3,53.819847,-1.580687,292,England,E12000003,E08000035
LS6 4,53.829118,-1.566384,308,England,E12000003,E08000035
LS6 9,55.480563,-1.482437,83,England,E12000003,E08000035
LS7 1,53.807168,-1.53895,190,England,E12000003,E08000035
LS7 2,53.821663,-1.551916,314,England,E12000003,E08000035
LS7 3,53.820252,-1.538582,273,England,E12000003,E08000035
LS7 4,53.819868,-1.532138,295,England,E12000003,E08000035
LS7 9,54.872905,-1.502666,87,England,E12000003,E08000035
LS78 1,99.999999,0.0,1,England,,
LS8 1,53.833587,-1.516495,289,England,E12000003,E08000035
LS8 2,53.829162,-1.504883,343,England,E12000003,E08000035
LS8 3,53.816241,-1.499733,246,England,E12000003,E08000035
LS8 4,53.81863,-1.518213,192,England,E12000003,E08000035
LS8 5,53.811575,-1.520322,259,England,E12000003,E08000035
LS8 9,54.179874,-1.512513,124,England,E12000003,E08000035
LS88 1,53.736933,-1.572506,20,England,E12000003,E08000035
LS88 4,53.735416,-1.576295,9,England,E12000003,E08000035
LS88 8,53.765346,-1.501428,33,England,E12000003,E08000035
LS9 0,53.790524,-1.499467,296,England,E12000003,E08000035
LS9 1,55.055125,-1.458981,37,England,E12000003,E08000035
LS9 6,53.806215,-1.501726,287,England,E12000003,E08000035
LS9 7,53.803195,-1.519845,288,England,E12000003,E08000035
LS9 8,53.79395,-1.526025,279,England,E12000003,E08000035
LS9 9,53.796482,-1.510392,167,England,E12000003,E08000035
LS98 1,53.766062,-1.528985,6,England,E12000003,E08000035
LS98 3,53.782653,-1.532853,3,England,E12000003,E08000035
LS98 4,53.79107,-1.549005,1,England,E12000003,E08000035
LS99 2,53.765736,-1.501143,57,England,E12000003,E08000035
LS99 3,53.806869,-1.683679,1,England,E12000003,E08000035
LS99 8,53.76532,-1.501464,1,England,E12000003,E08000035
LU1 1,51.881659,-0.430282,366,England,E12000006,E06000032
LU1 2,51.879688,-0.417678,298,England,E12000006,E06000032
LU1 3,51.873425,-0.412632,370,England,E12000006,E06000032
LU1 4,51.862599,-0.445421,196,England,E12000006,E06000056
LU1 5,51.875309,-0.428171,324,England,E12000006,E06000032
LU1 9,52.022773,-0.42159,337,England,E12000006,E06000032
LU2 0,51.883425,-0.405641,344,England,E12000006,E06000032
LU2 7,51.896369,-0.413994,395,England,E12000006,E06000032
LU2 8,51.897747,-0.382529,316,England,E12000006,E06000032
LU2 9,51.884922,-0.384762,325,England,E12000006,E06000032
LU3 1,51.896084,-0.434023,357,England,E12000006,E06000032
LU3 2,51.907445,-0.443086,329,England,E12000006,E06000032
LU3 3,51.917081,-0.456506,360,England,E12000006,E06000032
LU3 4,51.918519,-0.439258,119,England,E12000006,E06000032
LU3 7,51.897915,-0.440485,1,England,E12000006,E06000032
LU3 9,61.004735,-0.347872,153,England,E12000006,E06000032
LU4 0,51.898485,-0.481375,348,England,E12000006,E06000032
LU4 8,51.892009,-0.446871,297,England,E12000006,E06000032
LU4 9,51.903333,-0.464599,393,England,E12000006,E06000032
LU5 4,51.887634,-0.507341,359,England,E12000006,E06000056
LU5 5,51.903171,-0.516174,376,England,E12000006,E06000056
LU5 6,51.934071,-0.52482,367,England,E12000006,E06000056
LU5 7,51.917503,-0.501901,45,England,E12000006,E06000056
LU6 1,51.888695,-0.534822,353,England,E12000006,E06000056
LU6 2,51.869119,-0.556901,306,England,E12000006,E06000056
LU6 3,51.876617,-0.514928,311,England,E12000006,E06000056
LU6 9,51.888096,-0.524485,352,England,E12000006,E06000056
LU7 0,51.904644,-0.703426,390,England,E12000008,E06000060
LU7 1,51.917309,-0.660939,187,England,E12000006,E06000056
LU7 2,51.916325,-0.676366,241,England,E12000006,E06000056
LU7 3,51.921981,-0.6494,371,England,E12000006,E06000056
LU7 4,51.909167,-0.648734,259,England,E12000006,E06000056
LU7 6,57.679062,-0.578067,150,England,E12000006,E06000056
LU7 7,51.918926,-0.672663,395,England,E12000006,E06000056
LU7 8,51.918842,-0.65055,398,England,E12000006,E06000056
LU7 9,51.882868,-0.627136,338,England,E12000006,E06000056
LU95 1,51.91375,-0.662755,24,England,E12000006,E06000056
M1 1,53.482363,-2.235632,152,England,E12000002,E08000003
M1 2,53.479398,-2.229405,217,England,E12000002,E08000003
M1 3,53.477532,-2.236108,165,England,E12000002,E08000003
M1 4,53.478288,-2.240307,134,England,E12000002,E08000003
M1 5,53.474514,-2.244133,143,England,E12000002,E08000003
M1 6,53.475901,-2.239897,110,England,E12000002,E08000003
M1 7,53.473134,-2.236369,106,England,E12000002,E08000003
M1 9,95.771579,-0.202472,11,England,,
M10 0,53.517285,-2.171185,202,England,E12000002,E08000003
M10 6,53.497679,-2.181487,272,England,E12000002,E08000003
M10 7,53.491376,-2.217851,233,England,E12000002,E08000003
M10 8,53.49678,-2.211733,158,England,E12000002,E08000003
M10 9,53.511978,-2.191959,227,England,E12000002,E08000003
M11 0,70.616119,-1.384004,19,England,E12000002,E08000003
M11 1,53.473735,-2.165484,253,England,E12000002,E08000003
M11 2,53.475051,-2.184392,247,England,E12000002,E08000003
M11 3,53.478463,-2.201602,251,England,E12000002,E08000003
M11 4,53.484295,-2.181865,338,England,E12000002,E08000003
M11 9,53.483345,-2.181604,13,England,E12000002,E08000003
M12 0,60.243959,-1.895625,103,England,E12000002,E08000003
M12 4,53.461211,-2.203281,267,England,E12000002,E08000003
M12 5,53.46483,-2.198295,346,England,E12000002,E08000003
M12 6,53.47303,-2.217988,188,England,E12000002,E08000003
M12 9,53.476751,-2.213909,6,England,E12000002,E08000003
M13 0,53.457746,-2.21028,378,England,E12000002,E08000003
M13 1,53.467368,-2.218743,21,England,E12000002,E08000003
M13 9,53.466585,-2.224209,363,England,E12000002,E08000003
M14 0,53.439366,-2.221187,267,England,E12000002,E08000003
M14 4,53.454667,-2.235794,271,England,E12000002,E08000003
M14 5,53.453443,-2.219575,346,England,E12000002,E08000003
M14 6,53.440467,-2.217871,400,England,E12000002,E08000003
M14 7,53.44725,-2.234708,296,England,E12000002,E08000003
M14 9,99.999999,0.0,8,England,,
M15 4,53.468995,-2.258363,396,England,E12000002,E08000003
M15 5,53.464001,-2.253648,301,England,E12000002,E08000003
M15 6,53.465492,-2.242471,252,England,E12000002,E08000003
M15 9,99.999999,0.0,17,England,,
M16 0,53.456154,-2.275198,397,England,E12000002,E08000009
M16 1,53.455976,-2.282483,34,England,E12000002,E08000009
M16 6,58.738775,-2.006004,141,England,E12000002,E08000009
M16 7,53.457225,-2.256507,289,England,E12000002,E08000003
M16 8,53.450718,-2.257942,345,England,E12000002,E08000003
M16 9,53.460036,-2.267529,335,England,E12000002,E08000009
M17 1,53.469645,-2.310696,310,England,E12000002,E08000009
M17 8,53.466472,-2.346563,52,England,E12000002,E08000009
M17 9,99.999999,0.0,5,England,,
M18 7,53.45732,-2.174498,337,England,E12000002,E08000003
M18 8,53.465631,-2.171436,338,England,E12000002,E08000003
M18 9,53.46244,-2.170159,6,England,E12000002,E08000003
M19 0,68.257455,-1.496527,22,England,E12000002,E08000003
M19 1,53.427247,-2.205374,343,England,E12000002,E08000003
M19 2,53.440683,-2.194493,393,England,E12000002,E08000003
M19 3,53.445463,-2.185855,293,England,E12000002,E08000003
M19 9,53.447609,-2.170701,8,England,E12000002,E08000007
M2 1,53.481537,-2.243313,82,England,E12000002,E08000003
M2 2,53.480348,-2.242398,71,England,E12000002,E08000003
M2 3,53.478753,-2.242925,102,England,E12000002,E08000003
M2 4,53.480266,-2.244113,112,England,E12000002,E08000003
M2 5,53.479004,-2.246662,128,England,E12000002,E08000003
M2 6,53.480508,-2.246495,85,England,E12000002,E08000003
M2 7,53.482102,-2.24534,96,England,E12000002,E08000003
M2 9,53.481182,-2.247082,12,England,E12000002,E08000003
M20 0,53.415013,-2.226743,258,England,E12000002,E08000003
M20 1,53.434909,-2.238563,227,England,E12000002,E08000003
M20 2,53.421926,-2.239187,399,England,E12000002,E08000003
M20 3,53.432152,-2.22986,215,England,E12000002,E08000003
M20 4,53.432019,-2.222479,256,England,E12000002,E08000003
M20 5,53.411544,-2.224781,129,England,E12000002,E08000003
M20 6,53.42037,-2.226273,290,England,E12000002,E08000003
M20 7,53.416225,-2.23136,22,England,E12000002,E08000003
M20 8,53.425324,-2.241959,344,England,E12000002,E08000003
M20 9,53.43087,-2.225937,278,England,E12000002,E08000003
M21 0,53.443189,-2.270393,228,England,E12000002,E08000003
M21 1,53.443298,-2.276526,332,England,E12000002,E08000003
M21 2,53.432539,-2.269088,270,England,E12000002,E08000003
M21 3,60.173442,-1.946376,83,England,E12000002,E08000003
M21 6,53.438454,-2.27141,9,England,E12000002,E08000003
M21 7,53.431291,-2.26527,265,England,E12000002,E08000003
M21 8,53.437831,-2.27477,203,England,E12000002,E08000003
M21 9,53.442568,-2.280895,347,England,E12000002,E08000003
M22 0,53.37436,-2.257542,152,England,E12000002,E08000003
M22 1,53.375137,-2.270774,233,England,E12000002,E08000003
M22 2,60.318449,-1.923278,101,England,E12000002,E08000003
M22 3,53.381112,-2.273616,34,England,E12000002,E08000003
M22 4,53.400837,-2.256469,395,England,E12000002,E08000003
M22 5,53.376653,-2.253003,327,England,E12000002,E08000003
M22 6,53.37328,-2.265766,253,England,E12000002,E08000003
M22 7,53.388125,-2.263388,307,England,E12000002,E08000003
M22 8,53.393068,-2.263901,171,England,E12000002,E08000003
M22 9,53.38581,-2.26307,250,England,E12000002,E08000003
M23 0,53.409682,-2.282044,277,England,E12000002,E08000003
M23 1,53.396093,-2.280826,200,England,E12000002,E08000003
M23 2,53.384819,-2.283556,190,England,E12000002,E08000003
M23 4,53.392907,-2.293325,11,England,E12000002,E08000003
M23 8,53.39073,-2.283358,282,England,E12000002,E08000003
M23 9,53.400094,-2.297575,340,England,E12000002,E08000003
M24 0,57.707792,-2.001878,67,England,E12000002,E08000005
M24 1,53.541345,-2.191918,382,England,E12000002,E08000005
M24 2,53.552815,-2.181352,396,England,E12000002,E08000005
M24 3,53.558841,-2.202552,272,England,E12000002,E08000005
M24 4,53.550581,-2.218049,336,England,E12000002,E08000005
M24 5,53.558837,-2.207921,255,England,E12000002,E08000005
M24 6,53.559431,-2.19653,178,England,E12000002,E08000005
M24 9,84.515967,-0.732928,3,England,,
M25 0,53.525427,-2.268949,276,England,E12000002,E08000002
M25 1,53.531729,-2.275645,269,England,E12000002,E08000002
M25 2,53.542036,-2.269314,101,England,E12000002,E08000002
M25 3,53.534488,-2.286664,164,England,E12000002,E08000002
M25 4,99.999999,0.0,3,England,,
M25 5,53.535523,-2.273213,283,England,E12000002,E08000002
M25 6,53.549852,-2.284149,228,England,E12000002,E08000002
M25 7,53.543272,-2.297584,302,England,E12000002,E08000002
M25 8,53.522221,-2.273813,303,England,E12000002,E08000002
M25 9,53.524094,-2.285586,295,England,E12000002,E08000002
M26 0,53.567905,-2.341551,316,England,E12000002,E08000002
M26 1,53.551686,-2.337559,344,England,E12000002,E08000002
M26 2,53.56606,-2.315193,227,England,E12000002,E08000002
M26 3,53.564153,-2.342828,261,England,E12000002,E08000002
M26 4,53.570297,-2.335308,241,England,E12000002,E08000002
M26 6,57.8589,-2.111117,54,England,E12000002,E08000002
M26 7,99.999999,0.0,3,England,,
M26 9,53.557679,-2.327529,325,England,E12000002,E08000002
M27 0,53.506835,-2.352649,231,England,E12000002,E08000006
M27 1,53.506747,-2.331655,275,England,E12000002,E08000006
M27 2,53.518104,-2.328911,295,England,E12000002,E08000006
M27 3,53.511144,-2.350721,289,England,E12000002,E08000006
M27 4,53.510445,-2.329378,184,England,E12000002,E08000006
M27 5,53.506065,-2.338761,284,England,E12000002,E08000006
M27 6,53.519901,-2.342191,205,England,E12000002,E08000006
M27 7,84.504217,-0.786587,6,England,,
M27 8,53.515359,-2.322259,283,England,E12000002,E08000006
M27 9,53.517069,-2.352133,181,England,E12000002,E08000006
M28 0,53.523209,-2.410657,157,England,E12000002,E08000006
M28 1,53.505499,-2.414861,333,England,E12000002,E08000006
M28 2,53.506857,-2.372022,286,England,E12000002,E08000006
M28 3,53.524477,-2.393339,396,England,E12000002,E08000006
M28 4,53.505948,-2.399355,359,England,E12000002,E08000006
M28 5,53.522927,-2.396271,318,England,E12000002,E08000006
M28 6,53.530629,-2.422222,339,England,E12000002,E08000006
M28 7,53.514071,-2.390849,213,England,E12000002,E08000006
M28 8,56.97788,-2.185837,161,England,E12000002,E08000006
M28 9,99.999999,0.0,4,England,,
M29 0,53.523513,-2.499947,168,England,E12000002,E08000010
M29 1,53.509113,-2.509611,2,England,E12000002,E08000010
M29 2,58.162954,-2.218684,40,England,E12000002,E08000010
M29 7,53.503505,-2.457323,367,England,E12000002,E08000010
M29 8,53.515276,-2.460165,328,England,E12000002,E08000010
M29 9,53.528127,-2.485012,211,England,E12000002,E08000010
M3 1,53.489169,-2.244969,167,England,E12000002,E08000003
M3 2,53.48196,-2.248385,147,England,E12000002,E08000003
M3 3,53.479547,-2.250944,152,England,E12000002,E08000003
M3 4,53.476788,-2.253959,174,England,E12000002,E08000003
M3 5,53.482973,-2.254703,183,England,E12000002,E08000006
M3 6,53.486091,-2.260631,164,England,E12000002,E08000006
M3 7,53.487324,-2.251881,200,England,E12000002,E08000006
M3 9,53.486732,-2.244335,10,England,E12000002,E08000006
M30 0,53.482273,-2.344853,391,England,E12000002,E08000006
M30 1,99.999999,0.0,2,England,,
M30 3,58.651288,-2.077244,54,England,E12000002,E08000006
M30 5,53.432126,-2.439112,132,England,E12000002,E08000006
M30 6,53.449624,-2.417611,155,England,E12000002,E08000006
M30 7,53.476717,-2.368025,265,England,E12000002,E08000006
M30 8,53.488096,-2.364021,242,England,E12000002,E08000006
M30 9,53.490123,-2.342803,286,England,E12000002,E08000006
M31 1,53.449121,-2.34889,282,England,E12000002,E08000009
M31 2,53.457836,-2.372065,268,England,E12000002,E08000009
M31 3,53.447558,-2.378161,253,England,E12000002,E08000009
M31 4,53.42189,-2.417923,333,England,E12000002,E08000009
M31 9,53.41503,-2.434763,8,England,E12000002,E08000009
M32 0,53.453209,-2.302202,397,England,E12000002,E08000009
M32 1,53.453582,-2.291557,16,England,E12000002,E08000009
M32 2,60.474527,-1.955636,53,England,E12000002,E08000009
M32 8,53.446455,-2.305179,255,England,E12000002,E08000009
M32 9,53.449174,-2.321769,275,England,E12000002,E08000009
M33 0,60.482482,-1.965706,165,England,E12000002,E08000009
M33 1,53.426408,-2.326239,345,England,E12000002,E08000009
M33 2,53.421818,-2.303629,400,England,E12000002,E08000009
M33 3,53.417342,-2.316201,398,England,E12000002,E08000009
M33 4,53.415243,-2.342306,357,England,E12000002,E08000009
M33 5,53.425991,-2.343676,350,England,E12000002,E08000009
M33 6,53.426975,-2.328606,248,England,E12000002,E08000009
M33 7,53.426141,-2.320988,327,England,E12000002,E08000009
M33 9,53.423477,-2.32199,43,England,E12000002,E08000009
M34 0,60.011133,-1.814945,71,England,E12000002,E08000008
M34 1,53.445319,-2.10477,283,England,E12000002,E08000008
M34 2,53.452811,-2.134643,285,England,E12000002,E08000008
M34 3,53.458052,-2.115936,355,England,E12000002,E08000008
M34 5,53.471304,-2.123718,397,England,E12000002,E08000008
M34 6,53.449956,-2.110202,179,England,E12000002,E08000008
M34 7,53.44321,-2.103114,297,England,E12000002,E08000008
M34 9,53.44184,-2.106847,8,England,E12000002,E08000008
M35 0,53.505082,-2.161347,343,England,E12000002,E08000004
M35 1,99.999999,0.0,4,England,,
M35 5,80.076031,-0.922557,14,England,,
M35 6,53.480654,-2.156943,223,England,E12000002,E08000008
M35 7,53.486983,-2.142455,230,England,E12000002,E08000008
M35 9,53.510472,-2.147505,300,England,E12000002,E08000004
M38 0,53.52577,-2.420403,233,England,E12000002,E08000006
M38 1,53.52567,-2.41176,1,England,E12000002,E08000006
M38 9,53.533643,-2.420846,295,England,E12000002,E08000006
M4 1,53.483683,-2.236868,106,England,E12000002,E08000003
M4 2,53.484936,-2.240823,31,England,E12000002,E08000003
M4 3,53.484495,-2.242864,59,England,E12000002,E08000003
M4 4,53.489148,-2.236769,171,England,E12000002,E08000003
M4 5,53.485196,-2.231343,148,England,E12000002,E08000003
M4 6,53.484042,-2.224017,191,England,E12000002,E08000003
M4 7,53.481599,-2.218332,125,England,E12000002,E08000003
M4 9,99.999999,0.0,8,England,,
M40 0,53.517349,-2.178099,164,England,E12000002,E08000003
M40 1,53.497936,-2.175196,205,England,E12000002,E08000003
M40 2,53.497588,-2.188766,234,England,E12000002,E08000003
M40 3,53.514529,-2.169605,193,England,E12000002,E08000003
M40 4,62.6296,-1.773947,56,England,E12000002,E08000003
M40 5,53.510563,-2.18966,186,England,E12000002,E08000003
M40 6,99.999999,0.0,4,England,,
M40 7,53.491345,-2.217231,353,England,E12000002,E08000003
M40 8,53.497214,-2.211335,242,England,E12000002,E08000003
M40 9,53.512202,-2.195524,169,England,E12000002,E08000003
M41 0,53.452813,-2.348373,193,England,E12000002,E08000009
M41 3,53.452185,-2.341782,10,England,E12000002,E08000009
M41 4,59.930214,-2.023966,79,England,E12000002,E08000009
M41 5,53.450217,-2.367226,203,England,E12000002,E08000009
M41 6,53.445277,-2.382959,197,England,E12000002,E08000009
M41 7,53.459418,-2.35473,233,England,E12000002,E08000009
M41 8,53.454516,-2.384783,200,England,E12000002,E08000009
M41 9,53.446379,-2.349167,283,England,E12000002,E08000009
M43 0,63.347015,-1.691308,33,England,E12000002,E08000008
M43 6,53.479722,-2.155771,342,England,E12000002,E08000008
M43 7,53.486098,-2.143332,387,England,E12000002,E08000008
M43 9,99.999999,0.0,5,England,,
M44 0,53.438501,-2.428428,18,England,E12000002,E08000006
M44 5,53.431496,-2.437838,247,England,E12000002,E08000006
M44 6,53.448025,-2.418741,315,England,E12000002,E08000006
M44 9,99.999999,0.0,1,England,,
M45 0,61.874388,-1.876539,156,England,E12000002,E08000002
M45 6,53.543197,-2.285085,181,England,E12000002,E08000002
M45 7,53.544447,-2.298411,385,England,E12000002,E08000002
M45 8,53.549505,-2.282113,290,England,E12000002,E08000002
M45 9,53.554794,-2.288267,7,England,E12000002,E08000002
M46 0,53.523424,-2.500228,326,England,E12000002,E08000010
M46 1,53.512732,-2.504225,6,England,E12000002,E08000010
M46 6,58.885425,-2.203946,26,England,E12000002,E08000010
M46 9,53.527884,-2.484493,342,England,E12000002,E08000010
M5 0,56.504098,-2.132243,277,England,E12000002,E08000006
M5 2,53.48068,-2.296306,400,England,E12000002,E08000006
M5 3,53.473744,-2.277194,312,England,E12000002,E08000006
M5 4,53.48033,-2.275506,379,England,E12000002,E08000006
M5 5,53.484466,-2.305039,164,England,E12000002,E08000006
M5 9,99.999999,0.0,9,England,,
M50 1,53.481612,-2.313676,39,England,E12000002,E08000006
M50 2,53.477448,-2.290197,133,England,E12000002,E08000006
M50 3,53.474819,-2.285131,179,England,E12000002,E08000006
M50 9,53.481217,-2.28043,1,England,E12000002,E08000006
M52 1,53.450402,-2.215431,81,England,E12000002,E08000003
M6 5,53.485795,-2.290384,354,England,E12000002,E08000006
M6 6,53.495464,-2.281593,314,England,E12000002,E08000006
M6 7,53.495603,-2.301707,265,England,E12000002,E08000006
M6 8,53.490797,-2.312679,273,England,E12000002,E08000006
M6 9,99.999999,0.0,3,England,,
M60 0,53.48674,-2.230767,43,England,E12000002,E08000003
M60 1,53.485124,-2.22978,398,England,E12000002,E08000003
M60 2,53.483831,-2.233831,383,England,E12000002,E08000003
M60 3,53.486047,-2.231683,398,England,E12000002,E08000003
M60 4,53.485791,-2.231903,99,England,E12000002,E08000003
M60 5,93.355339,-0.318171,7,England,,
M60 6,53.483999,-2.230699,26,England,E12000002,E08000003
M60 7,53.481113,-2.234801,56,England,E12000002,E08000003
M60 8,53.480459,-2.244172,27,England,E12000002,E08000003
M60 9,53.48227,-2.250745,87,England,E12000002,E08000003
M61 0,53.733228,-2.217323,377,England,E12000002,E08000003
M7 0,53.509423,-2.263974,293,England,E12000002,E08000006
M7 1,53.494442,-2.261508,222,England,E12000002,E08000006
M7 2,53.502565,-2.261437,212,England,E12000002,E08000006
M7 3,53.510019,-2.277137,181,England,E12000002,E08000006
M7 4,53.509186,-2.25386,400,England,E12000002,E08000006
M7 9,53.497783,-2.261186,303,England,E12000002,E08000006
M8 0,53.504869,-2.23616,272,England,E12000002,E08000003
M8 1,76.753331,-1.1217,2,England,,
M8 2,58.903161,-1.982745,112,England,E12000002,E08000003
M8 4,53.519133,-2.243699,238,England,E12000002,E08000003
M8 5,53.513806,-2.237374,187,England,E12000002,E08000003
M8 6,53.517753,-2.241585,273,England,E12000002,E08000003
M8 7,53.506144,-2.239674,251,England,E12000002,E08000003
M8 8,53.498457,-2.242294,303,England,E12000002,E08000003
M8 9,53.506555,-2.244919,195,England,E12000002,E08000003
M9 0,53.53446,-2.229621,136,England,E12000002,E08000003
M9 1,53.510844,-2.209114,243,England,E12000002,E08000003
M9 2,53.528535,-2.206706,202,England,E12000002,E08000003
M9 3,53.528733,-2.22851,233,England,E12000002,E08000003
M9 4,53.512476,-2.206166,282,England,E12000002,E08000003
M9 5,53.508255,-2.215669,177,England,E12000002,E08000003
M9 6,53.529403,-2.210178,274,England,E12000002,E08000003
M9 7,53.523959,-2.195734,128,England,E12000002,E08000003
M9 8,53.52345,-2.225735,270,England,E12000002,E08000003
M9 9,55.174842,-2.137304,28,England,E12000002,E08000003
M90 1,53.361976,-2.26971,75,England,E12000002,E08000003
M90 2,53.361699,-2.272218,20,England,E12000002,E08000003
M90 3,53.366055,-2.271278,59,England,E12000002,E08000003
M90 4,53.36862,-2.277202,30,England,E12000002,E08000003
M90 5,53.362497,-2.286873,62,England,E12000002,E08000003
M99 1,53.48603,-2.228757,33,England,E12000002,E08000003
M99 2,53.483009,-2.232264,3,England,E12000002,E08000003
ME1 1,51.385879,0.505143,388,England,E12000008,E06000035
ME1 2,51.372239,0.50763,321,England,E12000008,E06000035
ME1 3,51.359177,0.48184,393,England,E12000008,E06000035
ME1 9,51.386625,0.506789,280,England,E12000008,E06000035
ME10 1,51.33941,0.720988,359,England,E12000008,E07000113
ME10 2,51.353062,0.734435,351,England,E12000008,E07000113
ME10 3,51.342638,0.751663,304,England,E12000008,E07000113
ME10 4,51.335372,0.74336,321,England,E12000008,E07000113
ME10 5,51.350838,0.717076,76,England,E12000008,E07000113
ME10 9,51.339259,0.735233,229,England,E12000008,E07000113
ME11 5,51.41364,0.748332,147,England,E12000008,E07000113
ME12 1,51.436869,0.757399,299,England,E12000008,E07000113
ME12 2,51.431357,0.788181,292,England,E12000008,E07000113
ME12 3,51.419096,0.790788,356,England,E12000008,E07000113
ME12 4,51.406689,0.879528,240,England,E12000008,E07000113
ME12 6,51.411886,0.786135,4,England,E12000008,E07000113
ME12 9,57.774523,0.664631,46,England,E12000008,E07000113
ME13 0,51.285385,0.851331,248,England,E12000008,E07000113
ME13 3,58.161233,0.767087,64,England,E12000008,E07000113
ME13 7,51.318838,0.883771,355,England,E12000008,E07000113
ME13 8,51.311347,0.892957,385,England,E12000008,E07000113
ME13 9,51.298418,0.942988,312,England,E12000008,E07000113
ME14 1,51.274492,0.524009,347,England,E12000008,E07000110
ME14 2,51.284051,0.525012,339,England,E12000008,E07000110
ME14 3,51.298219,0.553405,157,England,E12000008,E07000110
ME14 4,51.272374,0.569225,236,England,E12000008,E07000110
ME14 5,51.276724,0.540616,370,England,E12000008,E07000110
ME14 9,51.255609,0.544225,377,England,E12000008,E07000110
ME15 0,51.242884,0.490173,241,England,E12000008,E07000110
ME15 6,51.265341,0.52115,390,England,E12000008,E07000110
ME15 7,51.259929,0.538333,306,England,E12000008,E07000110
ME15 8,51.256001,0.558266,385,England,E12000008,E07000110
ME15 9,51.24662,0.542806,387,England,E12000008,E07000110
ME16 0,51.280143,0.500836,396,England,E12000008,E07000110
ME16 8,51.269137,0.507199,331,England,E12000008,E07000110
ME16 9,51.268954,0.482372,252,England,E12000008,E07000110
ME17 1,51.246733,0.643469,355,England,E12000008,E07000110
ME17 2,51.236078,0.692542,253,England,E12000008,E07000110
ME17 3,51.228555,0.585964,378,England,E12000008,E07000110
ME17 4,51.235261,0.515094,360,England,E12000008,E07000110
ME18 5,51.257298,0.419328,258,England,E12000008,E07000115
ME18 6,51.220995,0.429947,147,England,E12000008,E07000110
ME19 4,51.279497,0.407674,379,England,E12000008,E07000115
ME19 5,51.307911,0.399926,300,England,E12000008,E07000115
ME19 6,51.29391,0.424729,341,England,E12000008,E07000115
ME2 1,51.364099,0.451728,186,England,E12000008,E06000035
ME2 2,51.39054,0.477473,389,England,E12000008,E06000035
ME2 3,51.399011,0.48814,299,England,E12000008,E06000035
ME2 4,51.399615,0.506913,354,England,E12000008,E06000035
ME20 6,51.30542,0.44542,377,England,E12000008,E07000115
ME20 7,51.304405,0.474623,381,England,E12000008,E07000115
ME3 0,51.451552,0.703951,83,England,E12000008,E06000035
ME3 7,51.430941,0.479251,275,England,E12000008,E07000109
ME3 8,51.427749,0.526386,340,England,E12000008,E06000035
ME3 9,51.430366,0.57924,363,England,E12000008,E06000035
ME4 3,51.40255,0.53854,121,England,E12000008,E06000035
ME4 4,51.386823,0.529298,385,England,E12000008,E06000035
ME4 5,51.374402,0.532202,306,England,E12000008,E06000035
ME4 6,51.37338,0.519245,304,England,E12000008,E06000035
ME4 9,59.03995,0.44272,146,England,E12000008,E06000035
ME5 0,51.357318,0.527188,286,England,E12000008,E06000035
ME5 7,51.367035,0.540685,305,England,E12000008,E06000035
ME5 8,51.342944,0.539157,363,England,E12000008,E06000035
ME5 9,51.344842,0.519951,344,England,E12000008,E06000035
ME6 5,51.328802,0.43991,308,England,E12000008,E07000115
ME6 9,51.319274,0.439209,243,England,E12000008,E07000115
ME7 1,51.390912,0.550276,339,England,E12000008,E06000035
ME7 2,51.383904,0.565887,285,England,E12000008,E06000035
ME7 3,51.354566,0.566926,244,England,E12000008,E06000035
ME7 4,51.382334,0.552203,239,England,E12000008,E06000035
ME7 5,51.383898,0.542089,288,England,E12000008,E06000035
ME7 9,59.915119,0.450733,57,England,E12000008,E06000035
ME8 0,51.356459,0.585328,295,England,E12000008,E06000035
ME8 1,57.387532,0.504269,105,England,E12000008,E06000035
ME8 6,51.373739,0.582512,268,England,E12000008,E06000035
ME8 7,51.369379,0.606202,282,England,E12000008,E06000035
ME8 8,51.360246,0.611735,304,England,E12000008,E06000035
ME8 9,51.352041,0.595103,306,England,E12000008,E06000035
ME9 0,51.296847,0.757555,195,England,E12000008,E07000113
ME9 7,51.351193,0.661452,315,England,E12000008,E07000113
ME9 8,51.347133,0.716438,348,England,E12000008,E07000113
ME9 9,51.331907,0.794071,220,England,E12000008,E07000113
ME99 1,51.39057,0.503815,1,England,E12000008,E06000035
ME99 2,54.526436,0.48452,15,England,E12000008,E07000110
MK1 1,52.007112,-0.729673,302,England,E12000008,E06000042
MK1 9,59.231329,-0.611695,186,England,E12000008,E06000042
MK10 0,52.035548,-0.685643,51,England,E12000008,E06000042
MK10 1,52.031328,-0.694496,399,England,E12000008,E06000042
MK10 7,52.047264,-0.683388,205,England,E12000008,E06000042
MK10 9,52.039875,-0.703749,362,England,E12000008,E06000042
MK11 1,52.05443,-0.847062,231,England,E12000008,E06000042
MK11 2,52.049139,-0.83156,37,England,E12000008,E06000042
MK11 3,52.046895,-0.822788,118,England,E12000008,E06000042
MK11 4,52.045178,-0.836771,64,England,E12000008,E06000042
MK11 7,99.999999,0.0,1,England,,
MK11 9,60.639067,-0.680269,240,England,E12000008,E06000042
MK12 5,52.059412,-0.818172,341,England,E12000008,E06000042
MK12 6,52.05141,-0.818055,143,England,E12000008,E06000042
MK13 0,52.057877,-0.799781,193,England,E12000008,E06000042
MK13 7,52.055601,-0.785192,245,England,E12000008,E06000042
MK13 8,52.045001,-0.783382,185,England,E12000008,E06000042
MK13 9,52.048155,-0.791087,138,England,E12000008,E06000042
MK14 5,52.066672,-0.767767,288,England,E12000008,E06000042
MK14 6,52.058955,-0.774527,299,England,E12000008,E06000042
MK14 7,52.051237,-0.761589,208,England,E12000008,E06000042
MK15 0,52.045243,-0.720484,81,England,E12000008,E06000042
MK15 8,52.061263,-0.730773,113,England,E12000008,E06000042
MK15 9,52.0571,-0.72623,176,England,E12000008,E06000042
MK16 0,52.079467,-0.723147,238,England,E12000008,E06000042
MK16 6,63.191836,-0.541155,69,England,E12000008,E06000042
MK16 8,52.091657,-0.739081,336,England,E12000008,E06000042
MK16 9,52.093488,-0.698079,258,England,E12000008,E06000042
MK17 0,51.978902,-0.807521,293,England,E12000008,E06000060
MK17 7,52.034494,-0.652032,88,England,E12000008,E06000042
MK17 8,52.021858,-0.654027,390,England,E12000008,E06000042
MK17 9,51.984957,-0.660166,286,England,E12000008,E06000042
MK18 0,99.999999,0.0,1,England,,
MK18 1,52.000831,-0.985368,395,England,E12000008,E06000060
MK18 2,51.951699,-0.961751,294,England,E12000008,E06000060
MK18 3,51.942734,-0.888639,307,England,E12000008,E06000060
MK18 4,51.977582,-1.032922,258,England,E12000008,E06000060
MK18 5,52.030258,-0.993768,159,England,E12000008,E06000060
MK18 6,52.01115,-0.970815,8,England,E12000008,E06000060
MK18 7,51.995868,-0.975355,161,England,E12000008,E06000060
MK18 8,60.57188,-0.810002,28,England,E12000008,E06000060
MK18 9,57.565675,-0.871835,69,England,E12000008,E06000060
MK19 6,52.051911,-0.87317,248,England,E12000004,E06000062
MK19 7,52.093499,-0.828197,231,England,E12000008,E06000042
MK2 2,51.996481,-0.724835,355,England,E12000008,E06000042
MK2 3,51.984942,-0.726631,250,England,E12000008,E06000042
MK2 9,99.999999,0.0,1,England,,
MK20 0,52.073806,-0.719753,6,England,E12000008,E06000042
MK3 4,51.985191,-0.784591,9,England,E12000008,E06000060
MK3 5,51.98527,-0.746666,317,England,E12000008,E06000042
MK3 6,52.000462,-0.745137,241,England,E12000008,E06000042
MK3 7,52.000804,-0.756743,324,England,E12000008,E06000042
MK4 1,52.010085,-0.75943,195,England,E12000008,E06000042
MK4 2,52.005315,-0.771392,175,England,E12000008,E06000042
MK4 3,51.998881,-0.77703,133,England,E12000008,E06000042
MK4 4,52.001615,-0.795616,299,England,E12000008,E06000042
MK40 1,52.136835,-0.470902,317,England,E12000006,E06000055
MK40 2,52.140693,-0.472076,354,England,E12000006,E06000055
MK40 3,52.138142,-0.458183,353,England,E12000006,E06000055
MK40 4,52.135409,-0.496795,392,England,E12000006,E06000055
MK40 9,52.134609,-0.474213,160,England,E12000006,E06000055
MK41 0,52.148294,-0.425927,371,England,E12000006,E06000055
MK41 5,54.215546,-0.454882,46,England,E12000006,E06000055
MK41 6,52.163743,-0.494848,135,England,E12000006,E06000055
MK41 7,52.153416,-0.465923,381,England,E12000006,E06000055
MK41 8,52.153498,-0.443497,233,England,E12000006,E06000055
MK41 9,52.142078,-0.443593,274,England,E12000006,E06000055
MK42 0,52.120335,-0.444359,387,England,E12000006,E06000055
MK42 2,52.131993,-0.46301,1,England,E12000006,E06000055
MK42 5,55.047459,-0.444947,115,England,E12000006,E06000055
MK42 6,52.0885,-0.464804,126,England,E12000006,E06000055
MK42 7,52.113676,-0.497144,340,England,E12000006,E06000055
MK42 8,52.122049,-0.490084,318,England,E12000006,E06000055
MK42 9,52.123293,-0.468717,386,England,E12000006,E06000055
MK43 0,52.062617,-0.577205,391,England,E12000006,E06000056
MK43 1,52.076654,-0.603244,11,England,E12000006,E06000056
MK43 2,52.060349,-0.55957,14,England,E12000006,E06000056
MK43 5,51.985465,-0.772386,1,England,E12000008,E06000042
MK43 6,54.413733,-0.452895,42,England,E12000006,E06000055
MK43 7,52.182448,-0.55339,293,England,E12000006,E06000055
MK43 8,52.144692,-0.550085,318,England,E12000006,E06000055
MK43 9,52.094815,-0.51753,322,England,E12000006,E06000055
MK44 1,52.224179,-0.514008,263,England,E12000006,E06000055
MK44 2,52.20681,-0.424141,265,England,E12000006,E06000055
MK44 3,52.148357,-0.366649,343,England,E12000006,E06000055
MK44 5,60.837253,-0.389079,22,England,E12000006,E06000055
MK45 1,52.00906,-0.499082,391,England,E12000006,E06000056
MK45 2,52.036346,-0.483824,392,England,E12000006,E06000056
MK45 3,52.083348,-0.456746,348,England,E12000006,E06000055
MK45 4,52.01131,-0.428805,331,England,E12000006,E06000056
MK45 5,52.00463,-0.483986,190,England,E12000006,E06000056
MK45 6,52.13442,-0.475541,6,England,E12000006,E06000055
MK45 9,52.024901,-0.50482,126,England,E12000006,E06000056
MK46 4,52.157007,-0.681241,160,England,E12000008,E06000042
MK46 5,52.151334,-0.705102,245,England,E12000008,E06000042
MK5 5,52.028363,-0.799491,5,England,E12000008,E06000042
MK5 6,52.019961,-0.784578,228,England,E12000008,E06000042
MK5 7,52.013856,-0.772838,221,England,E12000008,E06000042
MK5 8,52.026059,-0.772845,167,England,E12000008,E06000042
MK6 1,52.02418,-0.748723,63,England,E12000008,E06000042
MK6 2,52.032997,-0.747707,357,England,E12000008,E06000042
MK6 3,52.031047,-0.725307,215,England,E12000008,E06000042
MK6 4,52.019127,-0.731932,111,England,E12000008,E06000042
MK6 5,52.027055,-0.740858,134,England,E12000008,E06000042
MK7 6,52.02825,-0.698431,169,England,E12000008,E06000042
MK7 7,52.021305,-0.692244,273,England,E12000008,E06000042
MK7 8,52.014289,-0.688577,220,England,E12000008,E06000042
MK77 1,52.041111,-0.816043,69,England,E12000008,E06000042
MK8 0,52.031371,-0.811017,202,England,E12000008,E06000042
MK8 1,52.032358,-0.817424,177,England,E12000008,E06000042
MK8 8,52.041635,-0.807496,213,England,E12000008,E06000042
MK8 9,52.036953,-0.801224,131,England,E12000008,E06000042
MK9 1,52.036307,-0.758626,173,England,E12000008,E06000042
MK9 2,52.037764,-0.749867,233,England,E12000008,E06000042
MK9 3,52.042355,-0.749225,230,England,E12000008,E06000042
MK9 4,52.045194,-0.738088,47,England,E12000008,E06000042
MK98 1,52.055471,-0.760259,29,England,E12000008,E06000042
ML1 1,55.790756,-3.98688,294,Scotland,S99999999,S12000050
ML1 2,55.778667,-3.975394,306,Scotland,S99999999,S12000050
ML1 3,55.794003,-4.005247,362,Scotland,S99999999,S12000050
ML1 4,55.813089,-3.973433,385,Scotland,S99999999,S12000050
ML1 5,55.811518,-3.940077,350,Scotland,S99999999,S12000050
ML1 9,56.341402,-3.938983,160,Scotland,S99999999,S12000050
ML10 0,99.999999,0.0,1,Scotland,S99999999,
ML10 5,55.676141,-4.064991,1,Scotland,S99999999,S12000029
ML10 6,55.683026,-4.064094,383,Scotland,S99999999,S12000029
ML10 9,55.740268,-3.973721,15,Scotland,S99999999,S12000029
ML11 0,55.607719,-3.8771,277,Scotland,S99999999,S12000029
ML11 1,55.670362,-3.762356,36,Scotland,S99999999,S12000029
ML11 7,55.677916,-3.767473,272,Scotland,S99999999,S12000029
ML11 8,55.717243,-3.666426,287,Scotland,S99999999,S12000029
ML11 9,55.661616,-3.832735,392,Scotland,S99999999,S12000029
ML12 6,55.572363,-3.5905,390,Scotland,S99999999,S12000029
ML12 9,57.959513,-3.338253,19,Scotland,S99999999,S12000029
ML2 0,55.76487,-3.932074,257,Scotland,S99999999,S12000050
ML2 2,57.352096,-3.807454,28,Scotland,S99999999,S12000050
ML2 7,55.779148,-3.93109,306,Scotland,S99999999,S12000050
ML2 8,55.777993,-3.907804,297,Scotland,S99999999,S12000050
ML2 9,55.786077,-3.877536,200,Scotland,S99999999,S12000050
ML3 0,55.782493,-4.056275,270,Scotland,S99999999,S12000029
ML3 3,55.777202,-4.04474,163,Scotland,S99999999,S12000029
ML3 6,55.773767,-4.042345,260,Scotland,S99999999,S12000029
ML3 7,55.761801,-4.03434,385,Scotland,S99999999,S12000029
ML3 8,55.761731,-4.063849,320,Scotland,S99999999,S12000029
ML3 9,55.774708,-4.074698,315,Scotland,S99999999,S12000029
ML4 1,55.822898,-4.014117,229,Scotland,S99999999,S12000050
ML4 2,55.812167,-4.018622,261,Scotland,S99999999,S12000050
ML4 3,55.822245,-4.033738,208,Scotland,S99999999,S12000050
ML4 9,58.145068,-3.801072,19,Scotland,S99999999,S12000050
ML5 1,55.860893,-4.038809,208,Scotland,S99999999,S12000050
ML5 2,55.879454,-4.042789,274,Scotland,S99999999,S12000050
ML5 3,55.862547,-4.018852,210,Scotland,S99999999,S12000050
ML5 4,55.849723,-4.012812,333,Scotland,S99999999,S12000050
ML5 5,55.849192,-4.045223,257,Scotland,S99999999,S12000050
ML5 8,55.850056,-4.058713,1,Scotland,S99999999,S12000050
ML5 9,60.952978,-3.55402,26,Scotland,S99999999,S12000050
ML6 0,55.873808,-3.992718,197,Scotland,S99999999,S12000050
ML6 1,61.120621,-3.505908,42,Scotland,S99999999,S12000050
ML6 6,55.873021,-3.976916,275,Scotland,S99999999,S12000050
ML6 7,55.88481,-3.932955,312,Scotland,S99999999,S12000050
ML6 8,55.854503,-3.948692,362,Scotland,S99999999,S12000050
ML6 9,55.85778,-3.97888,298,Scotland,S99999999,S12000050
ML7 4,55.827143,-3.818885,176,Scotland,S99999999,S12000050
ML7 5,55.831452,-3.780209,280,Scotland,S99999999,S12000050
ML7 9,70.546966,-2.538764,6,Scotland,S99999999,S12000050
ML8 4,55.727794,-3.821048,252,Scotland,S99999999,S12000029
ML8 5,55.730235,-3.853822,339,Scotland,S99999999,S12000029
ML8 9,55.670357,-3.762369,13,Scotland,S99999999,S12000029
ML9 1,55.733225,-3.973963,229,Scotland,S99999999,S12000029
ML9 2,55.737355,-3.964044,311,Scotland,S99999999,S12000029
ML9 3,55.703379,-3.968722,249,Scotland,S99999999,S12000029
ML9 9,55.740266,-3.973721,14,Scotland,S99999999,S12000029
N1 0,51.537399,-0.111842,391,England,E12000007,E09000019
N1 1,51.540736,-0.10671,394,England,E12000007,E09000019
N1 2,51.542321,-0.097752,396,England,E12000007,E09000019
N1 3,51.541154,-0.091583,283,England,E12000007,E09000019
N1 4,51.544322,-0.085563,281,England,E12000007,E09000019
N1 5,51.53692,-0.084988,298,England,E12000007,E09000012
N1 6,51.53105,-0.086847,348,England,E12000007,E09000012
N1 7,51.533581,-0.094216,377,England,E12000007,E09000012
N1 8,51.535981,-0.100002,357,England,E12000007,E09000019
N1 9,51.53386,-0.113203,379,England,E12000007,E09000019
N10 1,51.596676,-0.147755,265,England,E12000007,E09000014
N10 2,51.597256,-0.142642,306,England,E12000007,E09000014
N10 3,51.589308,-0.143529,350,England,E12000007,E09000014
N10 9,57.643172,-0.124971,112,England,E12000007,E09000014
N11 1,51.618447,-0.140913,342,England,E12000007,E09000010
N11 2,51.609894,-0.128815,307,England,E12000007,E09000014
N11 3,51.613641,-0.147492,282,England,E12000007,E09000003
N11 9,59.755705,-0.099547,101,England,E12000007,E09000010
N12 0,51.610637,-0.173928,290,England,E12000007,E09000003
N12 2,59.680725,-0.150577,114,England,E12000007,E09000003
N12 7,51.617295,-0.188352,202,England,E12000007,E09000003
N12 8,51.616544,-0.180721,366,England,E12000007,E09000003
N12 9,51.616592,-0.173426,336,England,E12000007,E09000003
N13 4,51.621187,-0.109411,359,England,E12000007,E09000010
N13 5,51.622225,-0.0991,344,England,E12000007,E09000010
N13 6,51.615685,-0.101201,142,England,E12000007,E09000010
N13 9,69.328197,-0.063079,41,England,E12000007,E09000010
N14 4,51.64022,-0.13216,349,England,E12000007,E09000010
N14 5,51.633248,-0.134656,252,England,E12000007,E09000010
N14 6,51.6315,-0.124959,279,England,E12000007,E09000010
N14 7,51.624859,-0.128124,191,England,E12000007,E09000010
N14 9,56.742806,-0.114712,123,England,E12000007,E09000010
N15 3,51.583587,-0.096903,266,England,E12000007,E09000014
N15 4,51.583582,-0.078378,371,England,E12000007,E09000014
N15 5,51.581398,-0.084537,244,England,E12000007,E09000014
N15 6,51.577052,-0.079918,289,England,E12000007,E09000014
N15 9,61.039831,-0.101676,92,England,E12000007,E09000019
N16 0,51.563786,-0.079405,280,England,E12000007,E09000012
N16 1,55.997959,-0.070072,175,England,E12000007,E09000012
N16 5,51.569882,-0.078818,366,England,E12000007,E09000012
N16 6,51.569859,-0.070186,320,England,E12000007,E09000012
N16 7,51.56141,-0.071797,295,England,E12000007,E09000012
N16 8,51.556886,-0.078622,332,England,E12000007,E09000012
N16 9,51.558972,-0.084704,182,England,E12000007,E09000012
N17 0,51.602265,-0.061665,354,England,E12000007,E09000014
N17 1,56.780234,-0.06391,168,England,E12000007,E09000014
N17 6,51.59356,-0.076978,396,England,E12000007,E09000014
N17 7,51.600779,-0.083964,257,England,E12000007,E09000014
N17 8,51.602946,-0.073225,194,England,E12000007,E09000014
N17 9,51.592691,-0.063439,390,England,E12000007,E09000014
N18 1,51.613841,-0.076959,325,England,E12000007,E09000010
N18 2,51.613517,-0.060147,388,England,E12000007,E09000010
N18 3,51.613087,-0.044594,118,England,E12000007,E09000010
N18 9,60.546308,-0.052128,65,England,E12000007,E09000010
N19 3,51.568591,-0.127225,367,England,E12000007,E09000019
N19 4,51.564719,-0.124055,305,England,E12000007,E09000019
N19 5,51.562617,-0.134424,355,England,E12000007,E09000019
N19 9,57.9765,-0.105461,136,England,E12000007,E09000019
N1C 4,51.536643,-0.125795,90,England,E12000007,E09000007
N1P 1,51.538966,-0.103402,400,England,E12000007,E09000019
N1P 2,51.538991,-0.103388,400,England,E12000007,E09000019
N1P 3,99.999999,0.0,334,England,,
N2 0,51.587693,-0.171693,385,England,E12000007,E09000003
N2 2,59.102503,-0.141579,116,England,E12000007,E09000003
N2 8,51.593067,-0.170208,216,England,E12000007,E09000003
N2 9,51.591743,-0.163039,260,England,E12000007,E09000003
N20 0,51.626975,-0.167557,372,England,E12000007,E09000003
N20 2,60.931753,-0.140313,78,England,E12000007,E09000003
N20 8,51.630286,-0.189347,206,England,E12000007,E09000003
N20 9,51.632732,-0.173522,253,England,E12000007,E09000003
N21 1,51.639555,-0.106257,308,England,E12000007,E09000010
N21 2,51.636111,-0.092567,262,England,E12000007,E09000010
N21 3,51.630825,-0.098776,258,England,E12000007,E09000010
N21 9,55.663539,-0.091222,132,England,E12000007,E09000010
N22 4,51.602276,-0.118975,353,England,E12000007,E09000014
N22 5,51.60086,-0.105838,300,England,E12000007,E09000014
N22 6,51.595497,-0.107063,334,England,E12000007,E09000014
N22 7,51.598972,-0.123197,160,England,E12000007,E09000014
N22 8,51.603095,-0.116483,247,England,E12000007,E09000014
N22 9,51.598467,-0.118592,228,England,E12000007,E09000014
N3 1,51.603149,-0.195258,383,England,E12000007,E09000003
N3 2,51.601263,-0.188594,358,England,E12000007,E09000003
N3 3,51.596055,-0.198319,334,England,E12000007,E09000003
N3 9,57.741536,-0.17024,134,England,E12000007,E09000003
N4 1,51.576712,-0.09679,388,England,E12000007,E09000014
N4 2,51.567818,-0.096434,397,England,E12000007,E09000012
N4 3,51.568528,-0.109784,350,England,E12000007,E09000019
N4 4,51.574069,-0.108945,240,England,E12000007,E09000014
N4 9,57.14253,-0.113641,217,England,E12000007,E09000019
N5 1,51.553679,-0.101767,372,England,E12000007,E09000019
N5 2,51.553889,-0.095219,366,England,E12000007,E09000019
N5 9,57.823333,-0.086167,85,England,E12000007,E09000019
N6 4,51.57467,-0.147512,261,England,E12000007,E09000014
N6 5,51.572206,-0.135519,396,England,E12000007,E09000014
N6 6,51.565911,-0.145134,176,England,E12000007,E09000007
N6 9,66.365291,-0.084604,36,England,E12000007,E09000019
N7 0,51.554516,-0.124837,303,England,E12000007,E09000019
N7 1,55.54204,-0.111594,134,England,E12000007,E09000019
N7 6,51.557264,-0.117483,280,England,E12000007,E09000019
N7 7,51.558017,-0.112125,247,England,E12000007,E09000019
N7 8,51.548883,-0.113055,343,England,E12000007,E09000019
N7 9,51.549117,-0.120728,332,England,E12000007,E09000019
N8 0,51.586227,-0.109935,313,England,E12000007,E09000014
N8 1,65.046347,-0.117606,79,England,E12000007,E09000005
N8 7,51.585948,-0.120913,329,England,E12000007,E09000014
N8 8,51.581493,-0.124781,311,England,E12000007,E09000014
N8 9,51.580165,-0.11836,340,England,E12000007,E09000014
N81 1,51.579836,-0.097085,14,England,E12000007,E09000014
N9 0,51.624141,-0.054426,336,England,E12000007,E09000010
N9 1,60.307961,-0.05199,117,England,E12000007,E09000010
N9 7,51.632045,-0.058365,235,England,E12000007,E09000010
N9 8,51.632012,-0.049643,257,England,E12000007,E09000010
N9 9,51.626132,-0.068359,378,England,E12000007,E09000010
NE1 1,54.970798,-1.612493,184,England,E12000001,E08000021
NE1 2,54.974931,-1.606189,172,England,E12000001,E08000021
NE1 3,54.967895,-1.611301,143,England,E12000001,E08000021
NE1 4,54.972156,-1.62073,191,England,E12000001,E08000021
NE1 5,54.971041,-1.617097,175,England,E12000001,E08000021
NE1 6,54.97242,-1.610645,184,England,E12000001,E08000021
NE1 7,54.975509,-1.614247,131,England,E12000001,E08000021
NE1 8,54.976074,-1.610429,146,England,E12000001,E08000021
NE10 0,54.955192,-1.559631,322,England,E12000001,E08000037
NE10 8,54.943367,-1.543448,334,England,E12000001,E08000037
NE10 9,54.946618,-1.570522,265,England,E12000001,E08000037
NE11 0,54.930312,-1.619729,369,England,E12000001,E08000037
NE11 9,54.950516,-1.644758,346,England,E12000001,E08000037
NE12 0,55.033377,-1.569777,395,England,E12000001,E08000022
NE12 2,59.008628,-1.428931,124,England,E12000001,E08000022
NE12 5,55.04003,-1.579432,67,England,E12000001,E08000022
NE12 6,55.032021,-1.565883,283,England,E12000001,E08000022
NE12 7,55.026288,-1.574193,149,England,E12000001,E08000022
NE12 8,55.014098,-1.583482,330,England,E12000001,E08000022
NE12 9,55.020773,-1.555344,274,England,E12000001,E08000022
NE13 6,55.051458,-1.628807,183,England,E12000001,E08000022
NE13 7,55.044182,-1.651229,208,England,E12000001,E08000021
NE13 8,55.021499,-1.686401,62,England,E12000001,E08000021
NE13 9,55.030323,-1.652835,114,England,E12000001,E08000021
NE15 0,54.997594,-1.817165,101,England,E12000001,E06000057
NE15 6,54.972226,-1.678673,283,England,E12000001,E08000021
NE15 7,54.980878,-1.692666,230,England,E12000001,E08000021
NE15 8,54.982287,-1.722344,281,England,E12000001,E08000021
NE15 9,54.993819,-1.746236,286,England,E12000001,E08000021
NE16 3,54.954927,-1.685143,118,England,E12000001,E08000037
NE16 4,54.945668,-1.677877,241,England,E12000001,E08000037
NE16 5,54.933886,-1.686142,348,England,E12000001,E08000037
NE16 6,54.908046,-1.729751,196,England,E12000001,E06000047
NE16 9,65.357424,-1.313878,26,England,E12000001,E08000037
NE17 7,54.914405,-1.818262,196,England,E12000001,E08000037
NE17 9,54.96944,-1.842335,6,England,E12000001,E06000057
NE18 0,55.038594,-1.860406,79,England,E12000001,E06000057
NE19 1,55.253704,-2.198974,119,England,E12000001,E06000057
NE19 2,55.105885,-1.993055,121,England,E12000001,E06000057
NE2 1,54.981519,-1.599624,256,England,E12000001,E08000021
NE2 2,54.990524,-1.601868,147,England,E12000001,E08000021
NE2 3,54.994799,-1.609388,124,England,E12000001,E08000021
NE2 4,54.98283,-1.620375,150,England,E12000001,E08000021
NE20 0,55.067235,-1.833169,199,England,E12000001,E06000057
NE20 2,55.968416,-1.712689,49,England,E12000001,E06000057
NE20 8,55.051224,-1.740158,1,England,E12000001,E06000057
NE20 9,55.044028,-1.751348,357,England,E12000001,E06000057
NE21 1,54.928119,-1.742509,1,England,E12000001,E08000037
NE21 4,54.964588,-1.725547,217,England,E12000001,E08000037
NE21 5,54.959736,-1.71052,288,England,E12000001,E08000037
NE21 6,54.951832,-1.726367,221,England,E12000001,E08000037
NE21 9,59.058786,-1.552807,11,England,E12000001,E08000037
NE22 5,55.135317,-1.579776,275,England,E12000001,E06000057
NE22 6,55.135119,-1.604806,195,England,E12000001,E06000057
NE22 7,55.143881,-1.566358,155,England,E12000001,E06000057
NE23 0,63.688692,-1.292714,47,England,E12000001,E06000057
NE23 1,55.092119,-1.591591,176,England,E12000001,E06000057
NE23 2,55.09025,-1.575328,122,England,E12000001,E06000057
NE23 3,55.099832,-1.584954,143,England,E12000001,E06000057
NE23 6,55.079043,-1.581762,330,England,E12000001,E06000057
NE23 7,55.060995,-1.577999,309,England,E12000001,E08000022
NE23 8,55.085437,-1.610222,160,England,E12000001,E06000057
NE23 9,55.092809,-1.584443,387,England,E12000001,E06000057
NE24 1,55.133027,-1.516283,219,England,E12000001,E06000057
NE24 2,55.123455,-1.512328,213,England,E12000001,E06000057
NE24 3,55.116383,-1.509349,313,England,E12000001,E06000057
NE24 4,55.116874,-1.539813,301,England,E12000001,E06000057
NE24 5,55.126201,-1.531673,244,England,E12000001,E06000057
NE24 9,55.126947,-1.508561,132,England,E12000001,E06000057
NE25 0,55.071552,-1.520442,287,England,E12000001,E06000057
NE25 8,55.035985,-1.463756,258,England,E12000001,E08000022
NE25 9,55.040425,-1.480617,298,England,E12000001,E08000022
NE26 1,55.04564,-1.456836,232,England,E12000001,E08000022
NE26 2,55.040025,-1.444099,186,England,E12000001,E08000022
NE26 3,55.045937,-1.462353,201,England,E12000001,E08000022
NE26 4,55.077164,-1.475708,131,England,E12000001,E06000057
NE26 9,68.552555,-1.041928,113,England,E12000001,E08000022
NE27 0,55.032562,-1.513546,368,England,E12000001,E08000022
NE27 9,56.270015,-1.458758,72,England,E12000001,E08000022
NE28 0,55.000382,-1.495951,176,England,E12000001,E08000022
NE28 5,64.014569,-1.192279,90,England,E12000001,E08000022
NE28 6,54.99242,-1.515755,285,England,E12000001,E08000022
NE28 7,54.998529,-1.517545,251,England,E12000001,E08000022
NE28 8,54.997548,-1.541238,253,England,E12000001,E08000022
NE28 9,55.009274,-1.523903,364,England,E12000001,E08000022
NE29 0,55.010376,-1.455985,240,England,E12000001,E08000022
NE29 1,55.295969,-1.48501,160,England,E12000001,E08000022
NE29 6,55.003084,-1.458675,291,England,E12000001,E08000022
NE29 7,55.007667,-1.475494,267,England,E12000001,E08000022
NE29 8,55.020195,-1.480369,259,England,E12000001,E08000022
NE29 9,55.021008,-1.459665,167,England,E12000001,E08000022
NE3 1,55.006649,-1.616622,369,England,E12000001,E08000021
NE3 2,55.01532,-1.648493,356,England,E12000001,E08000021
NE3 3,55.008372,-1.644247,340,England,E12000001,E08000021
NE3 4,55.002585,-1.634471,356,England,E12000001,E08000021
NE3 5,55.020367,-1.621307,238,England,E12000001,E08000021
NE3 9,60.356516,-1.438296,143,England,E12000001,E08000021
NE30 1,55.009764,-1.443225,190,England,E12000001,E08000022
NE30 2,55.018058,-1.445267,270,England,E12000001,E08000022
NE30 3,55.029271,-1.446568,212,England,E12000001,E08000022
NE30 4,55.021649,-1.435203,191,England,E12000001,E08000022
NE31 1,54.975865,-1.51624,336,England,E12000001,E08000023
NE31 2,54.966634,-1.509126,295,England,E12000001,E08000023
NE31 9,57.350556,-1.408692,19,England,E12000001,E08000023
NE32 3,54.978142,-1.481263,288,England,E12000001,E08000023
NE32 4,54.957764,-1.480951,276,England,E12000001,E08000023
NE32 5,54.971263,-1.490657,279,England,E12000001,E08000023
NE32 9,59.574896,-1.335223,49,England,E12000001,E08000023
NE33 1,54.996081,-1.436758,253,England,E12000001,E08000023
NE33 2,54.999314,-1.42758,214,England,E12000001,E08000023
NE33 3,54.990828,-1.420184,205,England,E12000001,E08000023
NE33 4,54.985937,-1.430831,242,England,E12000001,E08000023
NE33 5,54.985176,-1.440036,201,England,E12000001,E08000023
NE33 9,54.997364,-1.431709,121,England,E12000001,E08000023
NE34 0,54.974995,-1.433179,265,England,E12000001,E08000023
NE34 6,54.979982,-1.409627,205,England,E12000001,E08000023
NE34 7,54.97833,-1.396703,238,England,E12000001,E08000023
NE34 8,54.965325,-1.419895,242,England,E12000001,E08000023
NE34 9,54.966748,-1.451745,257,England,E12000001,E08000023
NE35 0,66.235862,-1.115214,4,England,E12000001,E08000023
NE35 9,54.952322,-1.462345,154,England,E12000001,E08000023
NE36 0,54.946253,-1.441857,245,England,E12000001,E08000023
NE36 9,59.483022,-1.338258,10,England,E12000001,E08000023
NE37 1,54.90845,-1.537927,327,England,E12000001,E08000024
NE37 2,54.914337,-1.523907,237,England,E12000001,E08000024
NE37 3,54.91488,-1.512538,145,England,E12000001,E08000024
NE37 9,62.179799,-1.285313,62,England,E12000001,E08000024
NE38 0,54.895772,-1.544318,189,England,E12000001,E08000024
NE38 7,54.899034,-1.522498,290,England,E12000001,E08000024
NE38 8,54.895022,-1.509441,274,England,E12000001,E08000024
NE38 9,54.884295,-1.54201,123,England,E12000001,E08000024
NE39 1,54.921976,-1.749334,183,England,E12000001,E08000037
NE39 2,54.92902,-1.76801,186,England,E12000001,E08000037
NE39 9,60.594065,-1.49452,8,England,E12000001,E08000037
NE4 5,54.975002,-1.631873,198,England,E12000001,E08000021
NE4 6,54.970906,-1.635558,217,England,E12000001,E08000021
NE4 7,54.965065,-1.63885,195,England,E12000001,E08000021
NE4 8,54.96982,-1.655049,205,England,E12000001,E08000021
NE4 9,54.981142,-1.655028,250,England,E12000001,E08000021
NE40 3,54.971517,-1.760857,291,England,E12000001,E08000037
NE40 4,54.960892,-1.781381,305,England,E12000001,E08000037
NE40 9,54.964451,-1.713357,13,England,E12000001,E08000037
NE41 8,54.975631,-1.821633,114,England,E12000001,E06000057
NE41 9,99.999999,0.0,1,England,,
NE42 5,54.960134,-1.843685,223,England,E12000001,E06000057
NE42 6,54.963911,-1.865568,206,England,E12000001,E06000057
NE42 9,59.063131,-1.674846,22,England,E12000001,E06000057
NE43 7,54.949647,-1.901542,267,England,E12000001,E06000057
NE44 6,54.944065,-1.980484,98,England,E12000001,E06000057
NE45 5,54.97673,-2.01849,232,England,E12000001,E06000057
NE46 1,54.964216,-2.092901,305,England,E12000001,E06000057
NE46 2,54.964323,-2.119929,205,England,E12000001,E06000057
NE46 3,54.973595,-2.109529,230,England,E12000001,E06000057
NE46 4,55.009677,-2.109076,259,England,E12000001,E06000057
NE46 9,54.976792,-2.091557,176,England,E12000001,E06000057
NE47 0,54.908182,-2.081058,84,England,E12000001,E06000057
NE47 5,54.985734,-2.220522,84,England,E12000001,E06000057
NE47 6,54.978246,-2.246923,126,England,E12000001,E06000057
NE47 7,54.97873,-2.345908,100,England,E12000001,E06000057
NE47 8,54.885668,-2.330429,68,England,E12000001,E06000057
NE47 9,54.878097,-2.251283,204,England,E12000001,E06000057
NE48 1,55.189201,-2.435733,128,England,E12000001,E06000057
NE48 2,55.149796,-2.218049,169,England,E12000001,E06000057
NE48 3,55.085314,-2.224233,153,England,E12000001,E06000057
NE48 4,55.065322,-2.123888,49,England,E12000001,E06000057
NE49 0,54.958615,-2.460693,175,England,E12000001,E06000057
NE49 9,54.974702,-2.461348,168,England,E12000001,E06000057
NE5 1,55.00005,-1.713647,299,England,E12000001,E08000021
NE5 2,54.988793,-1.684552,350,England,E12000001,E08000021
NE5 3,54.994757,-1.666214,292,England,E12000001,E08000021
NE5 4,55.003765,-1.686313,226,England,E12000001,E08000021
NE5 5,54.995315,-1.699178,157,England,E12000001,E08000021
NE5 9,61.031167,-1.459551,67,England,E12000001,E08000021
NE6 1,54.975144,-1.581768,289,England,E12000001,E08000021
NE6 2,54.97411,-1.570846,344,England,E12000001,E08000021
NE6 3,54.96938,-1.549135,269,England,E12000001,E08000021
NE6 4,54.982414,-1.552314,295,England,E12000001,E08000021
NE6 5,54.984201,-1.578534,323,England,E12000001,E08000021
NE6 9,62.386559,-1.319103,79,England,E12000001,E08000021
NE61 1,55.168443,-1.688676,307,England,E12000001,E06000057
NE61 2,55.161266,-1.688899,354,England,E12000001,E06000057
NE61 3,55.182028,-1.717241,280,England,E12000001,E06000057
NE61 4,55.185929,-1.903476,137,England,E12000001,E06000057
NE61 5,55.231632,-1.581876,325,England,E12000001,E06000057
NE61 6,55.15332,-1.663769,335,England,E12000001,E06000057
NE61 9,55.162344,-1.689218,241,England,E12000001,E06000057
NE62 5,55.161097,-1.593062,307,England,E12000001,E06000057
NE63 0,55.174806,-1.560862,246,England,E12000001,E06000057
NE63 3,55.171136,-1.550737,109,England,E12000001,E06000057
NE63 8,55.178483,-1.578579,295,England,E12000001,E06000057
NE63 9,55.179905,-1.551326,387,England,E12000001,E06000057
NE64 6,55.184042,-1.516662,216,England,E12000001,E06000057
NE65 0,55.329737,-1.594592,392,England,E12000001,E06000057
NE65 7,55.317247,-1.958301,320,England,E12000001,E06000057
NE65 8,55.274244,-1.792847,185,England,E12000001,E06000057
NE65 9,55.302337,-1.67168,344,England,E12000001,E06000057
NE66 1,55.410474,-1.707621,312,England,E12000001,E06000057
NE66 2,55.404565,-1.711389,321,England,E12000001,E06000057
NE66 3,55.452354,-1.634842,311,England,E12000001,E06000057
NE66 4,55.432434,-1.920386,179,England,E12000001,E06000057
NE66 5,55.550524,-1.908637,38,England,E12000001,E06000057
NE66 9,55.403624,-1.696958,79,England,E12000001,E06000057
NE67 5,55.534884,-1.692438,133,England,E12000001,E06000057
NE68 7,55.572288,-1.66062,119,England,E12000001,E06000057
NE69 7,55.605086,-1.718644,43,England,E12000001,E06000057
NE7 7,54.997297,-1.579687,374,England,E12000001,E08000021
NE70 7,55.592103,-1.816345,140,England,E12000001,E06000057
NE71 6,55.553014,-2.040928,212,England,E12000001,E06000057
NE8 1,54.957838,-1.605599,325,England,E12000001,E08000037
NE8 2,54.957521,-1.617378,301,England,E12000001,E08000037
NE8 3,54.958013,-1.590761,296,England,E12000001,E08000037
NE8 4,54.950645,-1.607293,269,England,E12000001,E08000037
NE8 9,54.958502,-1.601057,130,England,E12000001,E08000037
NE82 6,54.939411,-1.615012,6,England,E12000001,E08000037
NE83 7,54.934355,-1.615644,16,England,E12000001,E08000037
NE85 1,54.922454,-1.588314,11,England,E12000001,E08000037
NE85 2,54.939825,-1.616379,6,England,E12000001,E08000037
NE85 5,54.929966,-1.623587,1,England,E12000001,E08000037
NE88 1,54.947893,-1.611646,10,England,E12000001,E08000037
NE88 2,54.941801,-1.614922,1,England,E12000001,E08000037
NE89 1,54.900683,-1.536144,1,England,E12000001,E08000024
NE9 5,54.94069,-1.595084,321,England,E12000001,E08000037
NE9 6,54.931225,-1.594531,345,England,E12000001,E08000037
NE9 7,54.922634,-1.569815,314,England,E12000001,E08000037
NE9 9,67.04069,-1.177883,67,England,E12000001,E08000037
NE92 1,55.880499,-1.58134,48,England,E12000001,E08000037
NE98 1,54.970797,-1.600616,15,England,E12000001,E08000037
NE99 1,54.968403,-1.614674,400,England,E12000001,E08000021
NE99 2,54.967506,-1.614978,213,England,E12000001,E08000021
NE99 4,54.967425,-1.614913,149,England,E12000001,E08000021
NE99 5,55.456993,-1.597861,92,England,E12000001,E08000021
NG1 1,52.953414,-1.141962,246,England,E12000004,E06000018
NG1 2,52.953431,-1.148007,181,England,E12000004,E06000018
NG1 3,52.95683,-1.146433,231,England,E12000004,E06000018
NG1 4,52.95887,-1.150312,153,England,E12000004,E06000018
NG1 5,52.955139,-1.155352,208,England,E12000004,E06000018
NG1 6,52.952805,-1.151806,199,England,E12000004,E06000018
NG1 7,52.951043,-1.146904,144,England,E12000004,E06000018
NG1 9,53.130072,-1.137868,269,England,E12000004,E06000018
NG10 1,52.893634,-1.272127,267,England,E12000004,E07000036
NG10 2,52.896941,-1.262489,124,England,E12000004,E07000036
NG10 3,52.887355,-1.291924,312,England,E12000004,E07000036
NG10 4,52.903952,-1.285002,270,England,E12000004,E07000036
NG10 5,52.919537,-1.290298,260,England,E12000004,E07000036
NG10 9,52.897117,-1.272083,90,England,E12000004,E07000036
NG11 0,52.871001,-1.215228,100,England,E12000004,E07000176
NG11 1,52.902737,-1.178246,72,England,E12000004,E06000018
NG11 2,52.892904,-1.193253,23,England,E12000004,E07000176
NG11 6,52.891371,-1.15198,298,England,E12000004,E07000176
NG11 7,52.922613,-1.161379,139,England,E12000004,E06000018
NG11 8,52.906863,-1.181077,304,England,E12000004,E06000018
NG11 9,52.89908,-1.181663,191,England,E12000004,E06000018
NG12 1,52.955484,-1.035226,93,England,E12000004,E07000176
NG12 2,52.945142,-1.045498,243,England,E12000004,E07000176
NG12 3,52.91195,-1.024304,360,England,E12000004,E07000176
NG12 4,52.910287,-1.11466,192,England,E12000004,E07000176
NG12 5,52.871926,-1.084456,336,England,E12000004,E07000176
NG12 6,52.930659,-1.105864,2,England,E12000004,E07000176
NG13 0,52.932397,-0.816704,178,England,E12000004,E07000133
NG13 7,52.959277,-0.960671,43,England,E12000004,E07000176
NG13 8,52.957865,-0.966684,395,England,E12000004,E07000176
NG13 9,52.943881,-0.928069,223,England,E12000004,E07000176
NG14 5,52.984483,-1.041429,197,England,E12000004,E07000173
NG14 6,53.032792,-1.074197,312,England,E12000004,E07000173
NG14 7,53.010235,-0.998938,213,England,E12000004,E07000175
NG15 0,53.063676,-1.22864,91,England,E12000004,E07000170
NG15 5,53.037954,-1.204345,107,England,E12000004,E07000170
NG15 6,53.029555,-1.219702,366,England,E12000004,E07000170
NG15 7,53.035358,-1.201673,327,England,E12000004,E07000170
NG15 8,53.047379,-1.194779,170,England,E12000004,E07000170
NG15 9,53.083223,-1.165872,189,England,E12000004,E07000173
NG16 1,52.998651,-1.248507,230,England,E12000004,E07000172
NG16 2,53.002544,-1.279541,391,England,E12000004,E07000172
NG16 3,53.017199,-1.304082,321,England,E12000004,E07000172
NG16 4,53.022072,-1.333467,155,England,E12000004,E07000032
NG16 5,53.05174,-1.321697,239,England,E12000004,E07000170
NG16 6,53.076943,-1.310184,280,England,E12000004,E07000170
NG16 9,53.020119,-1.318674,145,England,E12000004,E07000172
NG17 0,53.724643,-1.247872,78,England,E12000004,E07000170
NG17 1,53.12048,-1.273149,209,England,E12000004,E07000170
NG17 2,53.127578,-1.285111,318,England,E12000004,E07000170
NG17 3,53.141813,-1.266538,210,England,E12000004,E07000170
NG17 4,53.130711,-1.251095,221,England,E12000004,E07000170
NG17 5,53.120131,-1.251653,185,England,E12000004,E07000170
NG17 6,53.116071,-1.298163,9,England,E12000004,E07000170
NG17 7,53.100859,-1.240372,272,England,E12000004,E07000170
NG17 8,53.102136,-1.258167,312,England,E12000004,E07000170
NG17 9,53.082927,-1.253986,171,England,E12000004,E07000170
NG18 1,53.14471,-1.197941,234,England,E12000004,E07000174
NG18 2,53.145425,-1.185554,255,England,E12000004,E07000174
NG18 3,53.140793,-1.163592,284,England,E12000004,E07000174
NG18 4,53.131097,-1.17757,383,England,E12000004,E07000174
NG18 5,53.138686,-1.207991,288,England,E12000004,E07000174
NG18 6,53.120308,-1.175201,26,England,E12000004,E07000174
NG18 9,53.154337,-1.188594,226,England,E12000004,E07000174
NG19 0,53.155266,-1.160232,279,England,E12000004,E07000174
NG19 6,53.147667,-1.220535,284,England,E12000004,E07000174
NG19 7,53.160968,-1.221485,275,England,E12000004,E07000174
NG19 8,53.171837,-1.202387,290,England,E12000004,E07000174
NG19 9,53.16416,-1.182461,270,England,E12000004,E07000174
NG2 1,52.941441,-1.154314,152,England,E12000004,E06000018
NG2 2,52.940381,-1.145425,152,England,E12000004,E06000018
NG2 3,52.943527,-1.14438,187,England,E12000004,E06000018
NG2 4,52.950012,-1.126499,280,England,E12000004,E06000018
NG2 5,52.93707,-1.124621,237,England,E12000004,E07000176
NG2 6,52.928772,-1.118882,339,England,E12000004,E07000176
NG2 7,52.926077,-1.140352,392,England,E12000004,E07000176
NG2 9,52.942221,-1.152315,389,England,E12000004,E06000018
NG20 0,53.203335,-1.152925,284,England,E12000004,E07000174
NG20 8,53.202008,-1.215755,335,England,E12000004,E07000033
NG20 9,53.223964,-1.182794,219,England,E12000004,E07000033
NG21 0,53.111857,-1.120301,341,England,E12000004,E07000175
NG21 9,53.18088,-1.08859,300,England,E12000004,E07000175
NG22 0,53.213935,-0.899071,328,England,E12000004,E07000171
NG22 8,53.113337,-1.009331,335,England,E12000004,E07000175
NG22 9,53.204437,-0.999109,361,England,E12000004,E07000175
NG23 5,53.030849,-0.810086,313,England,E12000004,E07000141
NG23 6,53.153743,-0.830592,298,England,E12000004,E07000175
NG23 7,53.170219,-0.751216,247,England,E12000004,E07000175
NG24 0,53.05449,-0.797737,2,England,E12000004,E07000175
NG24 1,53.076462,-0.806093,343,England,E12000004,E07000175
NG24 2,53.082341,-0.781692,323,England,E12000004,E07000175
NG24 3,53.054876,-0.791081,360,England,E12000004,E07000175
NG24 4,53.066366,-0.815668,358,England,E12000004,E07000175
NG24 5,53.049194,-0.766855,33,England,E12000004,E07000175
NG24 9,53.076272,-0.817414,296,England,E12000004,E07000175
NG25 0,53.074309,-0.950943,331,England,E12000004,E07000175
NG3 1,52.959171,-1.142676,125,England,E12000004,E06000018
NG3 2,52.959153,-1.129332,184,England,E12000004,E06000018
NG3 3,52.96593,-1.130915,165,England,E12000004,E06000018
NG3 4,52.964567,-1.143387,151,England,E12000004,E06000018
NG3 5,52.976006,-1.13289,360,England,E12000004,E06000018
NG3 6,52.973542,-1.120177,237,England,E12000004,E07000173
NG3 7,52.959994,-1.112787,124,England,E12000004,E06000018
NG31 0,52.909926,-0.640424,231,England,E12000004,E07000141
NG31 6,52.910128,-0.640701,265,England,E12000004,E07000141
NG31 7,52.904639,-0.648838,369,England,E12000004,E07000141
NG31 8,52.922301,-0.654469,367,England,E12000004,E07000141
NG31 9,52.918019,-0.622055,335,England,E12000004,E07000141
NG32 1,52.889308,-0.722861,260,England,E12000004,E07000141
NG32 2,52.963638,-0.665305,206,England,E12000004,E07000141
NG32 3,52.991985,-0.566299,255,England,E12000004,E07000141
NG33 4,52.825776,-0.528231,261,England,E12000004,E07000141
NG33 5,52.815296,-0.636174,264,England,E12000004,E07000141
NG34 0,52.913914,-0.369695,287,England,E12000004,E07000141
NG34 4,53.335323,-0.405525,139,England,E12000004,E07000139
NG34 6,52.986618,-0.417125,32,England,E12000004,E07000139
NG34 7,52.996586,-0.411529,383,England,E12000004,E07000139
NG34 8,53.009195,-0.439306,389,England,E12000004,E07000139
NG34 9,53.011465,-0.344172,354,England,E12000004,E07000139
NG4 1,52.967478,-1.099609,283,England,E12000004,E07000173
NG4 2,52.963305,-1.077347,293,England,E12000004,E07000173
NG4 3,52.972135,-1.086686,285,England,E12000004,E07000173
NG4 4,52.983043,-1.085333,252,England,E12000004,E07000173
NG4 9,53.876653,-1.062861,104,England,E12000004,E07000173
NG5 0,52.998104,-1.13503,237,England,E12000004,E07000173
NG5 1,52.983215,-1.160195,266,England,E12000004,E06000018
NG5 2,52.980847,-1.150215,214,England,E12000004,E06000018
NG5 3,52.989597,-1.145678,144,England,E12000004,E06000018
NG5 4,52.988667,-1.132829,236,England,E12000004,E07000173
NG5 5,53.001996,-1.162325,354,England,E12000004,E06000018
NG5 6,52.998002,-1.132343,307,England,E12000004,E07000173
NG5 7,53.003115,-1.124163,215,England,E12000004,E07000173
NG5 8,53.00988,-1.125777,330,England,E12000004,E07000173
NG5 9,53.005993,-1.16454,243,England,E12000004,E06000018
NG6 0,52.985766,-1.183587,264,England,E12000004,E06000018
NG6 6,52.992389,-1.188415,86,England,E12000004,E06000018
NG6 7,52.998271,-1.212474,101,England,E12000004,E06000018
NG6 8,53.006026,-1.193932,391,England,E12000004,E06000018
NG6 9,52.996945,-1.187895,187,England,E12000004,E06000018
NG7 1,52.951527,-1.174946,338,England,E12000004,E06000018
NG7 2,52.94696,-1.187989,362,England,E12000004,E06000018
NG7 3,52.958085,-1.177153,250,England,E12000004,E06000018
NG7 4,52.960218,-1.170172,140,England,E12000004,E06000018
NG7 5,52.963771,-1.184605,243,England,E12000004,E06000018
NG7 6,52.967608,-1.17212,226,England,E12000004,E06000018
NG7 7,52.974041,-1.172153,192,England,E12000004,E06000018
NG70 1,53.15411,-1.187354,21,England,E12000004,E07000174
NG8 1,52.955229,-1.200115,210,England,E12000004,E06000018
NG8 2,52.950843,-1.229387,295,England,E12000004,E06000018
NG8 3,52.965116,-1.205806,260,England,E12000004,E06000018
NG8 4,52.962844,-1.22952,210,England,E12000004,E06000018
NG8 5,52.973318,-1.19776,285,England,E12000004,E06000018
NG8 6,52.97823,-1.219547,237,England,E12000004,E06000018
NG8 9,53.136096,-1.217551,267,England,E12000004,E06000018
NG80 1,52.936575,-1.173802,19,England,E12000004,E06000018
NG80 7,52.942059,-1.207859,15,England,E12000004,E07000172
NG80 8,59.348477,-1.034402,22,England,E12000004,E07000172
NG9 1,52.923117,-1.210721,275,England,E12000004,E07000172
NG9 2,52.930253,-1.210241,347,England,E12000004,E07000172
NG9 3,52.939496,-1.243567,308,England,E12000004,E07000172
NG9 4,52.923681,-1.232844,164,England,E12000004,E07000172
NG9 5,52.916345,-1.235938,212,England,E12000004,E07000172
NG9 6,52.909984,-1.24495,270,England,E12000004,E07000172
NG9 7,52.925307,-1.265765,159,England,E12000004,E07000172
NG9 8,52.93587,-1.265323,225,England,E12000004,E07000172
NG9 9,52.929705,-1.200368,207,England,E12000004,E07000172
NG90 1,52.927125,-1.19513,12,England,E12000004,E07000172
NG90 2,52.926885,-1.195787,4,England,E12000004,E07000172
NG90 3,99.999999,0.0,1,England,,
NG90 4,52.926764,-1.187448,5,England,E12000004,E06000018
NG90 5,52.923946,-1.18958,4,England,E12000004,E06000018
NG90 6,52.927142,-1.19534,3,England,E12000004,E07000172
NG90 7,52.927158,-1.184094,1,England,E12000004,E06000018
NN1 1,52.237391,-0.896503,313,England,E12000004,E06000062
NN1 2,52.240371,-0.898768,288,England,E12000004,E06000062
NN1 3,52.243302,-0.893187,228,England,E12000004,E06000062
NN1 4,52.245605,-0.881189,318,England,E12000004,E06000062
NN1 5,52.239606,-0.881924,292,England,E12000004,E06000062
NN1 9,52.243833,-0.899067,229,England,E12000004,E06000062
NN10 0,52.28786,-0.590486,388,England,E12000004,E06000061
NN10 1,54.716782,-0.568404,59,England,E12000004,E06000061
NN10 6,52.296849,-0.608637,156,England,E12000004,E06000061
NN10 8,52.306326,-0.59476,224,England,E12000004,E06000061
NN10 9,52.28921,-0.606281,379,England,E12000004,E06000061
NN11 0,52.272683,-1.161718,96,England,E12000004,E06000062
NN11 1,52.505769,-1.150774,193,England,E12000004,E06000062
NN11 2,52.279668,-1.138056,114,England,E12000004,E06000062
NN11 3,52.191517,-1.189034,288,England,E12000004,E06000062
NN11 4,52.254721,-1.161373,387,England,E12000004,E06000062
NN11 5,52.268706,-1.162019,390,England,E12000004,E06000062
NN11 6,52.195457,-1.21344,328,England,E12000004,E06000062
NN11 7,52.283488,-1.193254,71,England,E12000004,E06000062
NN11 8,52.274092,-1.17699,112,England,E12000004,E06000062
NN11 9,52.264063,-1.171072,124,England,E12000004,E06000062
NN12 6,52.124388,-0.985413,348,England,E12000004,E06000062
NN12 7,52.118356,-0.956662,354,England,E12000004,E06000062
NN12 8,52.137127,-1.038083,396,England,E12000004,E06000062
NN12 9,52.130727,-0.9932,86,England,E12000004,E06000062
NN13 5,52.031883,-1.144768,377,England,E12000004,E06000062
NN13 6,52.036383,-1.15235,310,England,E12000004,E06000062
NN13 7,52.029029,-1.143725,174,England,E12000004,E06000062
NN13 9,61.623621,-0.91709,50,England,E12000004,E06000062
NN14 1,52.399724,-0.747626,342,England,E12000004,E06000061
NN14 2,52.436044,-0.809659,391,England,E12000004,E06000061
NN14 3,52.421585,-0.581891,179,England,E12000004,E06000061
NN14 4,52.388261,-0.573318,381,England,E12000004,E06000061
NN14 6,52.421029,-0.79687,224,England,E12000004,E06000061
NN15 4,52.387507,-0.681032,33,England,E12000004,E06000061
NN15 5,52.376829,-0.686991,397,England,E12000004,E06000061
NN15 6,52.384284,-0.710386,393,England,E12000004,E06000061
NN15 7,52.394879,-0.727413,244,England,E12000004,E06000061
NN16 0,52.401143,-0.716932,249,England,E12000004,E06000061
NN16 6,52.397674,-0.633448,377,England,E12000004,E06000061
NN16 8,52.402889,-0.729714,348,England,E12000004,E06000061
NN16 9,52.410288,-0.722086,367,England,E12000004,E06000061
NN17 1,52.493516,-0.690184,364,England,E12000004,E06000061
NN17 2,52.500208,-0.711204,314,England,E12000004,E06000061
NN17 3,52.514999,-0.637477,184,England,E12000004,E06000061
NN17 4,52.505293,-0.69029,65,England,E12000004,E06000061
NN17 5,52.503021,-0.652423,198,England,E12000004,E06000061
NN17 9,52.493822,-0.681257,193,England,E12000004,E06000061
NN18 0,52.486288,-0.719481,232,England,E12000004,E06000061
NN18 8,52.475089,-0.697722,325,England,E12000004,E06000061
NN18 9,52.477648,-0.717774,218,England,E12000004,E06000061
NN2 1,53.592793,-0.789496,213,England,E12000004,E06000062
NN2 6,52.251852,-0.897925,276,England,E12000004,E06000062
NN2 7,52.259793,-0.884912,316,England,E12000004,E06000062
NN2 8,52.27057,-0.902257,381,England,E12000004,E06000062
NN29 7,52.262227,-0.665332,336,England,E12000004,E06000061
NN3 0,69.061908,-0.526015,71,England,E12000004,E06000062
NN3 1,52.275348,-0.858017,362,England,E12000004,E06000062
NN3 2,52.255263,-0.858999,240,England,E12000004,E06000062
NN3 3,52.24952,-0.844657,323,England,E12000004,E06000062
NN3 4,52.262448,-0.825979,323,England,E12000004,E06000062
NN3 5,52.264119,-0.825248,193,England,E12000004,E06000062
NN3 6,52.264687,-0.852533,294,England,E12000004,E06000062
NN3 7,52.281674,-0.852053,237,England,E12000004,E06000062
NN3 8,52.263509,-0.839726,327,England,E12000004,E06000062
NN3 9,52.250155,-0.840381,275,England,E12000004,E06000062
NN4 0,52.21447,-0.894505,395,England,E12000004,E06000062
NN4 1,52.245285,-0.898231,4,England,E12000004,E06000062
NN4 4,63.593175,-0.688981,122,England,E12000004,E06000062
NN4 5,52.198024,-0.885152,95,England,E12000004,E06000062
NN4 6,52.213724,-0.883479,273,England,E12000004,E06000062
NN4 7,52.227506,-0.873246,175,England,E12000004,E06000062
NN4 8,52.227968,-0.907275,348,England,E12000004,E06000062
NN4 9,52.224275,-0.91899,356,England,E12000004,E06000062
NN5 4,52.237106,-0.949318,201,England,E12000004,E06000062
NN5 5,52.239357,-0.91798,224,England,E12000004,E06000062
NN5 6,52.249856,-0.944705,394,England,E12000004,E06000062
NN5 7,52.250799,-0.919736,319,England,E12000004,E06000062
NN5 9,59.732109,-0.762149,51,England,E12000004,E06000062
NN6 0,52.271884,-0.799746,360,England,E12000004,E06000061
NN6 6,52.377977,-1.043386,152,England,E12000004,E06000062
NN6 7,52.334933,-1.087331,393,England,E12000004,E06000062
NN6 8,52.314905,-0.965474,261,England,E12000004,E06000062
NN6 9,52.329441,-0.874664,372,England,E12000004,E06000062
NN7 1,52.225588,-0.786199,183,England,E12000004,E06000062
NN7 2,52.173902,-0.861697,250,England,E12000004,E06000062
NN7 3,52.206482,-0.968901,273,England,E12000004,E06000062
NN7 4,52.241564,-1.008894,364,England,E12000004,E06000062
NN7 9,53.131622,-0.811248,54,England,E12000004,E06000062
NN8 1,52.303648,-0.679115,356,England,E12000004,E06000061
NN8 2,52.292582,-0.698188,261,England,E12000004,E06000061
NN8 3,52.303659,-0.714724,394,England,E12000004,E06000061
NN8 4,52.308999,-0.690739,345,England,E12000004,E06000061
NN8 5,52.310295,-0.709086,166,England,E12000004,E06000061
NN8 6,52.312657,-0.715723,108,England,E12000004,E06000061
NN8 7,52.258528,-0.664085,253,England,E12000004,E06000061
NN8 9,52.301477,-0.678174,238,England,E12000004,E06000061
NN9 5,52.328603,-0.644969,397,England,E12000004,E06000061
NN9 6,52.335284,-0.556952,388,England,E12000004,E06000061
NN9 7,52.258161,-0.663979,261,England,E12000004,E06000061
NN9 8,52.307806,-0.593724,128,England,E12000004,E06000061
NN99 1,52.236427,-0.901811,2,England,E12000004,E06000062
NP1 0,51.593721,-3.050185,54,Wales,W99999999,W06000022
NP1 2,51.602556,-2.916817,1,Wales,W99999999,W06000022
NP1 4,51.671714,-3.15008,305,Wales,W99999999,W06000018
NP1 5,51.666409,-3.132827,162,Wales,W99999999,W06000018
NP1 6,51.607609,-3.093396,232,Wales,W99999999,W06000018
NP1 7,51.623979,-3.146941,219,Wales,W99999999,W06000018
NP1 8,51.592624,-3.172404,283,Wales,W99999999,W06000018
NP1 9,51.576267,-3.049743,393,Wales,W99999999,W06000022
NP10 0,51.594195,-3.046798,49,Wales,W99999999,W06000022
NP10 1,51.593949,-3.050495,46,Wales,W99999999,W06000022
NP10 8,51.56926,-3.036656,375,Wales,W99999999,W06000022
NP10 9,51.589977,-3.050311,275,Wales,W99999999,W06000022
NP11 3,51.681937,-3.152371,142,Wales,W99999999,W06000018
NP11 4,51.663417,-3.147055,204,Wales,W99999999,W06000018
NP11 5,51.666812,-3.132142,177,Wales,W99999999,W06000018
NP11 6,51.608922,-3.094034,253,Wales,W99999999,W06000018
NP11 7,51.625937,-3.145072,246,Wales,W99999999,W06000018
NP11 9,55.515947,-2.886306,25,Wales,W99999999,W06000018
NP12 0,51.687096,-3.189368,257,Wales,W99999999,W06000018
NP12 1,51.668406,-3.198513,252,Wales,W99999999,W06000018
NP12 2,51.653575,-3.191494,287,Wales,W99999999,W06000018
NP12 3,51.666847,-3.215443,218,Wales,W99999999,W06000018
NP12 4,51.686439,-3.172569,4,Wales,W99999999,W06000018
NP12 9,64.138478,-2.370063,31,Wales,W99999999,W06000018
NP13 1,51.735574,-3.135482,251,Wales,W99999999,W06000019
NP13 2,51.712829,-3.135966,200,Wales,W99999999,W06000019
NP13 3,51.765209,-3.157845,149,Wales,W99999999,W06000019
NP13 9,63.806212,-2.35162,20,Wales,W99999999,W06000019
NP15 1,51.703306,-2.895739,322,Wales,W99999999,W06000021
NP15 2,51.771379,-2.872085,140,Wales,W99999999,W06000021
NP15 9,55.904321,-2.655624,23,Wales,W99999999,W06000021
NP16 5,51.63654,-2.675378,372,Wales,W99999999,W06000021
NP16 6,51.662457,-2.720149,325,Wales,W99999999,W06000021
NP16 7,51.651689,-2.660387,235,England,E12000009,E07000080
NP16 9,56.476666,-2.40565,50,Wales,W99999999,W06000021
NP18 1,51.615107,-2.95476,197,Wales,W99999999,W06000022
NP18 2,51.590044,-2.911711,209,Wales,W99999999,W06000022
NP18 3,51.610651,-2.966368,179,Wales,W99999999,W06000022
NP19 0,51.583629,-2.974335,279,Wales,W99999999,W06000022
NP19 1,60.219945,-2.41883,84,Wales,W99999999,W06000022
NP19 4,51.576251,-2.948106,272,Wales,W99999999,W06000022
NP19 7,51.596176,-2.975251,295,Wales,W99999999,W06000022
NP19 8,51.588459,-2.970479,239,Wales,W99999999,W06000022
NP19 9,51.590242,-2.94229,285,Wales,W99999999,W06000022
NP2 0,51.686945,-3.191076,232,Wales,W99999999,W06000018
NP2 1,51.667893,-3.208517,392,Wales,W99999999,W06000018
NP2 2,51.652938,-3.191428,246,Wales,W99999999,W06000018
NP2 3,51.775167,-3.252293,224,Wales,W99999999,W06000019
NP2 4,51.778765,-3.243385,208,Wales,W99999999,W06000019
NP2 5,51.758882,-3.283129,189,Wales,W99999999,W06000018
NP2 6,51.718214,-3.238869,158,Wales,W99999999,W06000018
NP20 1,51.586939,-2.995315,178,Wales,W99999999,W06000022
NP20 2,51.57694,-2.991458,323,Wales,W99999999,W06000022
NP20 3,51.576922,-3.017829,248,Wales,W99999999,W06000022
NP20 4,51.58608,-3.003007,241,Wales,W99999999,W06000022
NP20 5,51.594832,-3.00383,257,Wales,W99999999,W06000022
NP20 6,51.612568,-3.005979,177,Wales,W99999999,W06000022
NP20 7,51.609313,-3.026622,181,Wales,W99999999,W06000022
NP20 9,51.591092,-2.997472,234,Wales,W99999999,W06000022
NP22 3,51.775947,-3.252056,228,Wales,W99999999,W06000019
NP22 4,51.777324,-3.243045,225,Wales,W99999999,W06000019
NP22 5,51.75921,-3.281536,197,Wales,W99999999,W06000018
NP22 9,55.478829,-2.991814,13,Wales,W99999999,W06000019
NP23 4,51.793478,-3.174088,295,Wales,W99999999,W06000019
NP23 5,51.796193,-3.212334,296,Wales,W99999999,W06000019
NP23 6,51.776164,-3.209936,293,Wales,W99999999,W06000019
NP23 7,51.740588,-3.182062,59,Wales,W99999999,W06000019
NP23 8,53.366077,-3.093143,30,Wales,W99999999,W06000019
NP23 9,51.779376,-3.207535,41,Wales,W99999999,W06000019
NP24 6,51.721427,-3.238622,160,Wales,W99999999,W06000018
NP25 3,51.815167,-2.709836,243,Wales,W99999999,W06000021
NP25 4,51.773035,-2.722362,216,Wales,W99999999,W06000021
NP25 5,51.820059,-2.737663,241,Wales,W99999999,W06000021
NP25 9,64.383935,-2.006048,46,Wales,W99999999,W06000021
NP26 3,51.587209,-2.813404,325,Wales,W99999999,W06000021
NP26 4,51.592436,-2.756048,204,Wales,W99999999,W06000021
NP26 5,51.594148,-2.743518,234,Wales,W99999999,W06000021
NP26 9,54.492721,-2.594574,50,Wales,W99999999,W06000021
NP3 1,51.734397,-3.136053,252,Wales,W99999999,W06000019
NP3 2,51.711253,-3.137511,202,Wales,W99999999,W06000019
NP3 3,51.766076,-3.159437,147,Wales,W99999999,W06000019
NP3 4,51.793324,-3.173813,295,Wales,W99999999,W06000019
NP3 5,51.795644,-3.212434,290,Wales,W99999999,W06000019
NP3 6,51.769278,-3.205829,343,Wales,W99999999,W06000019
NP4 0,51.705551,-3.001842,235,Wales,W99999999,W06000020
NP4 1,51.660956,-3.030766,278,Wales,W99999999,W06000020
NP4 2,51.656773,-2.99453,253,Wales,W99999999,W06000020
NP4 3,51.622262,-3.034222,196,Wales,W99999999,W06000020
NP4 4,51.659801,-3.060618,297,Wales,W99999999,W06000020
NP4 5,51.68643,-3.025899,329,Wales,W99999999,W06000020
NP4 6,51.705785,-3.052543,336,Wales,W99999999,W06000020
NP4 7,51.73023,-3.067188,276,Wales,W99999999,W06000020
NP4 8,51.719748,-3.037057,305,Wales,W99999999,W06000020
NP4 9,51.772787,-3.084122,246,Wales,W99999999,W06000020
NP44 1,51.661511,-3.026413,312,Wales,W99999999,W06000020
NP44 2,51.660194,-3.009169,196,Wales,W99999999,W06000020
NP44 3,51.643972,-3.019308,271,Wales,W99999999,W06000020
NP44 4,51.647017,-3.041296,199,Wales,W99999999,W06000020
NP44 5,51.658242,-3.045659,151,Wales,W99999999,W06000020
NP44 6,51.641346,-3.05646,95,Wales,W99999999,W06000020
NP44 7,51.640294,-3.032197,147,Wales,W99999999,W06000020
NP44 8,51.646775,-3.004818,107,Wales,W99999999,W06000020
NP44 9,51.654328,-3.022525,76,Wales,W99999999,W06000020
NP5 1,51.703587,-2.893271,289,Wales,W99999999,W06000021
NP5 2,51.775606,-2.872296,140,Wales,W99999999,W06000021
NP5 3,51.817151,-2.716183,298,Wales,W99999999,W06000021
NP5 4,51.786642,-2.732373,282,Wales,W99999999,W06000021
NP6 1,51.617058,-2.962361,315,Wales,W99999999,W06000022
NP6 2,51.587469,-2.906699,159,Wales,W99999999,W06000022
NP6 3,51.587242,-2.818173,243,Wales,W99999999,W06000021
NP6 4,51.592743,-2.749163,346,Wales,W99999999,W06000021
NP6 5,51.63734,-2.678031,332,Wales,W99999999,W06000021
NP6 6,51.66431,-2.725922,283,Wales,W99999999,W06000021
NP6 7,51.654306,-2.658946,196,England,E12000009,E07000080
NP7 0,51.817987,-3.102237,169,Wales,W99999999,W06000021
NP7 1,59.634402,-2.529913,74,Wales,W99999999,W06000021
NP7 5,51.822952,-3.017716,268,Wales,W99999999,W06000021
NP7 6,51.833592,-3.010392,172,Wales,W99999999,W06000021
NP7 7,51.845962,-3.027759,158,Wales,W99999999,W06000021
NP7 8,51.865009,-2.921024,198,Wales,W99999999,W06000021
NP7 9,51.801256,-3.008911,276,Wales,W99999999,W06000021
NP8 1,51.85761,-3.141153,234,Wales,W99999999,W06000023
NP9 0,51.580432,-2.966806,349,Wales,W99999999,W06000022
NP9 1,51.585781,-2.995778,274,Wales,W99999999,W06000022
NP9 2,51.576354,-2.99109,279,Wales,W99999999,W06000022
NP9 3,51.57529,-3.019637,217,Wales,W99999999,W06000022
NP9 4,51.585885,-3.002863,285,Wales,W99999999,W06000022
NP9 5,51.595199,-3.004128,238,Wales,W99999999,W06000022
NP9 6,51.61152,-3.017664,327,Wales,W99999999,W06000022
NP9 7,51.597255,-2.97866,277,Wales,W99999999,W06000022
NP9 8,51.589727,-2.974688,233,Wales,W99999999,W06000022
NP9 9,51.590563,-2.943247,261,Wales,W99999999,W06000022
NP90 1,51.574853,-2.909866,1,Wales,W99999999,W06000022
NPT 0,51.580663,-2.969151,298,,,
NPT 1,51.585758,-2.995926,257,,,
NPT 2,51.575908,-2.990624,232,,,
NPT 3,51.575552,-3.020129,192,,,
NPT 4,51.585643,-3.003492,241,,,
NPT 5,51.595054,-3.003983,209,,,
NPT 6,51.611474,-3.017795,308,,,
NPT 7,51.597147,-2.97864,254,,,
NPT 8,51.589776,-2.975007,204,,,
NPT 9,51.590188,-2.943103,222,,,
NR1 1,52.629561,1.310045,352,England,E12000006,E07000148
NR1 2,52.617655,1.302142,294,England,E12000006,E07000148
NR1 3,52.633797,1.307895,375,England,E12000006,E07000148
NR1 4,52.63488,1.317033,217,England,E12000006,E07000148
NR10 3,52.695486,1.278217,316,England,E12000006,E07000144
NR10 4,52.752737,1.149259,283,England,E12000006,E07000144
NR10 5,52.763396,1.307832,261,England,E12000006,E07000144
NR11 6,52.798796,1.232665,363,England,E12000006,E07000144
NR11 7,52.850554,1.231206,205,England,E12000006,E07000147
NR11 8,52.884571,1.358439,292,England,E12000006,E07000147
NR12 0,52.806092,1.529701,299,England,E12000006,E07000147
NR12 7,52.721192,1.349338,180,England,E12000006,E07000144
NR12 8,52.719392,1.430307,337,England,E12000006,E07000147
NR12 9,52.77429,1.511952,296,England,E12000006,E07000147
NR13 3,52.607266,1.549006,315,England,E12000006,E07000144
NR13 4,52.632063,1.463401,316,England,E12000006,E07000144
NR13 5,52.632486,1.41594,313,England,E12000006,E07000144
NR13 6,52.665728,1.42706,334,England,E12000006,E07000144
NR14 6,52.53438,1.495891,335,England,E12000006,E07000149
NR14 7,52.580931,1.368449,362,England,E12000006,E07000149
NR14 8,52.579841,1.272972,370,England,E12000006,E07000149
NR15 1,52.534729,1.308443,329,England,E12000006,E07000149
NR15 2,52.479724,1.229452,380,England,E12000006,E07000149
NR16 1,52.5053,1.150809,268,England,E12000006,E07000149
NR16 2,52.454877,0.970963,315,England,E12000006,E07000143
NR17 1,52.515318,0.980571,388,England,E12000006,E07000143
NR17 2,52.517134,1.019327,283,England,E12000006,E07000143
NR18 0,52.57826,1.122764,380,England,E12000006,E07000149
NR18 8,55.73355,1.03659,150,England,E12000006,E07000149
NR18 9,52.561363,1.092922,302,England,E12000006,E07000149
NR19 1,52.66785,0.94445,346,England,E12000006,E07000143
NR19 2,52.683517,0.910511,331,England,E12000006,E07000143
NR19 9,52.678552,0.946576,139,England,E12000006,E07000143
NR2 1,52.630409,1.294423,271,England,E12000006,E07000148
NR2 2,52.625145,1.285741,230,England,E12000006,E07000148
NR2 3,52.630162,1.274703,276,England,E12000006,E07000148
NR2 4,52.636271,1.286176,290,England,E12000006,E07000148
NR20 3,52.672831,1.014256,332,England,E12000006,E07000143
NR20 4,52.720281,0.956648,330,England,E12000006,E07000143
NR20 5,52.779231,0.963517,278,England,E12000006,E07000143
NR21 0,52.860021,0.925139,230,England,E12000006,E07000147
NR21 1,58.726745,0.744218,32,England,E12000006,E07000147
NR21 7,52.815202,0.795635,221,England,E12000006,E07000147
NR21 8,52.833506,0.860706,213,England,E12000006,E07000147
NR21 9,52.851647,0.820625,243,England,E12000006,E07000147
NR22 6,52.892768,0.862748,74,England,E12000006,E07000147
NR23 1,52.949194,0.85789,251,England,E12000006,E07000147
NR24 2,52.857779,1.045324,237,England,E12000006,E07000147
NR25 6,52.90565,1.112408,308,England,E12000006,E07000147
NR25 7,52.936404,1.05062,276,England,E12000006,E07000147
NR25 9,56.270561,1.012752,14,England,E12000006,E07000147
NR26 8,52.937269,1.21135,330,England,E12000006,E07000147
NR26 9,59.66558,1.038221,21,England,E12000006,E07000147
NR27 0,52.918705,1.31835,203,England,E12000006,E07000147
NR27 7,52.929033,1.296416,45,England,E12000006,E07000147
NR27 9,52.929783,1.284616,241,England,E12000006,E07000147
NR28 0,52.829132,1.380357,329,England,E12000006,E07000147
NR28 8,54.131352,1.350275,36,England,E12000006,E07000147
NR28 9,52.81564,1.413636,331,England,E12000006,E07000147
NR29 3,52.662931,1.668468,284,England,E12000006,E07000145
NR29 4,52.701537,1.665671,312,England,E12000006,E07000145
NR29 5,52.707453,1.57444,221,England,E12000006,E07000147
NR3 1,52.637224,1.302588,333,England,E12000006,E07000148
NR3 2,52.648331,1.277253,249,England,E12000006,E07000148
NR3 3,52.644824,1.293776,290,England,E12000006,E07000148
NR3 4,52.644667,1.304263,251,England,E12000006,E07000148
NR30 1,52.61201,1.723679,244,England,E12000006,E07000145
NR30 2,52.606079,1.730672,262,England,E12000006,E07000145
NR30 3,52.596155,1.73175,204,England,E12000006,E07000145
NR30 4,52.620872,1.731395,164,England,E12000006,E07000145
NR30 5,52.650643,1.721832,286,England,E12000006,E07000145
NR30 9,52.611799,1.724692,175,England,E12000006,E07000145
NR31 0,52.599601,1.719342,226,England,E12000006,E07000145
NR31 6,52.572666,1.726805,288,England,E12000006,E07000145
NR31 7,52.572492,1.716327,210,England,E12000006,E07000145
NR31 8,52.581041,1.706791,289,England,E12000006,E07000145
NR31 9,52.564985,1.689367,383,England,E12000006,E07000145
NR32 1,52.47965,1.752318,272,England,E12000006,E07000244
NR32 2,52.479613,1.74033,254,England,E12000006,E07000244
NR32 3,52.483855,1.71345,234,England,E12000006,E07000244
NR32 4,52.492726,1.737031,335,England,E12000006,E07000244
NR32 5,52.512973,1.709972,193,England,E12000006,E07000244
NR32 9,52.479817,1.736599,160,England,E12000006,E07000244
NR33 0,52.466319,1.739141,236,England,E12000006,E07000244
NR33 7,52.439098,1.722625,271,England,E12000006,E07000244
NR33 8,52.454848,1.700737,334,England,E12000006,E07000244
NR33 9,52.465747,1.717507,230,England,E12000006,E07000244
NR34 0,52.483664,1.57662,120,England,E12000006,E07000149
NR34 4,61.965973,1.251542,20,England,E12000006,E07000244
NR34 7,52.429515,1.618736,301,England,E12000006,E07000244
NR34 8,52.402292,1.55936,194,England,E12000006,E07000244
NR34 9,52.453759,1.566658,330,England,E12000006,E07000244
NR35 1,52.447725,1.443567,249,England,E12000006,E07000244
NR35 2,52.474631,1.423146,264,England,E12000006,E07000149
NR35 9,62.361523,1.135531,24,England,E12000006,E07000244
NR4 6,52.60838,1.267732,340,England,E12000006,E07000148
NR4 7,52.618915,1.249664,339,England,E12000006,E07000148
NR5 0,52.64769,1.222073,268,England,E12000006,E07000149
NR5 5,56.706502,1.209564,35,England,E12000006,E07000144
NR5 8,52.63608,1.249375,270,England,E12000006,E07000148
NR5 9,52.639587,1.232001,195,England,E12000006,E07000148
NR6 5,52.658313,1.26057,232,England,E12000006,E07000144
NR6 6,52.662241,1.282923,308,England,E12000006,E07000148
NR6 7,52.662668,1.305766,254,England,E12000006,E07000144
NR7 0,52.63502,1.347875,378,England,E12000006,E07000144
NR7 7,52.645846,1.323596,399,England,E12000006,E07000144
NR7 8,52.655599,1.326655,349,England,E12000006,E07000144
NR7 9,52.644875,1.336238,209,England,E12000006,E07000148
NR8 5,52.662652,1.199802,134,England,E12000006,E07000149
NR8 6,52.681081,1.209925,396,England,E12000006,E07000144
NR8 7,52.680401,1.226864,9,England,E12000006,E07000144
NR9 3,52.605165,1.178932,297,England,E12000006,E07000149
NR9 4,52.598734,1.014153,214,England,E12000006,E07000149
NR9 5,52.682239,1.121286,289,England,E12000006,E07000144
NR99 1,76.313316,0.654593,20,England,,
NW1 0,51.537011,-0.13647,369,England,E12000007,E09000007
NW1 1,51.531401,-0.133836,379,England,E12000007,E09000007
NW1 2,51.528805,-0.132979,278,England,E12000007,E09000007
NW1 3,51.527078,-0.140744,303,England,E12000007,E09000007
NW1 4,51.529995,-0.140155,384,England,E12000007,E09000007
NW1 5,51.521526,-0.159971,333,England,E12000007,E09000033
NW1 6,51.52448,-0.159156,322,England,E12000007,E09000033
NW1 7,51.535884,-0.142955,362,England,E12000007,E09000007
NW1 8,51.540956,-0.147718,393,England,E12000007,E09000007
NW1 9,51.541716,-0.134678,377,England,E12000007,E09000007
NW10 0,51.550284,-0.258851,314,England,E12000007,E09000005
NW10 1,51.550966,-0.243877,272,England,E12000007,E09000005
NW10 2,51.54527,-0.239376,306,England,E12000007,E09000005
NW10 3,51.537277,-0.232643,293,England,E12000007,E09000005
NW10 4,51.536344,-0.24656,321,England,E12000007,E09000005
NW10 5,51.532948,-0.232827,362,England,E12000007,E09000005
NW10 6,51.528922,-0.25033,318,England,E12000007,E09000009
NW10 7,51.532477,-0.271084,382,England,E12000007,E09000005
NW10 8,51.539842,-0.256719,395,England,E12000007,E09000005
NW10 9,51.542156,-0.250291,291,England,E12000007,E09000005
NW11 0,51.581695,-0.201048,264,England,E12000007,E09000003
NW11 1,51.580324,-0.199104,232,England,E12000007,E09000003
NW11 6,51.583135,-0.190202,304,England,E12000007,E09000003
NW11 7,51.576628,-0.193824,334,England,E12000007,E09000003
NW11 8,51.57267,-0.200555,279,England,E12000007,E09000003
NW11 9,51.578404,-0.206525,313,England,E12000007,E09000003
NW1W 6,99.999999,0.0,163,England,,
NW1W 7,51.530803,-0.135417,400,England,E12000007,E09000007
NW1W 8,51.530786,-0.135405,400,England,E12000007,E09000007
NW1W 9,51.530786,-0.135405,400,England,E12000007,E09000007
NW2 1,51.565674,-0.214548,316,England,E12000007,E09000003
NW2 2,51.561823,-0.203948,289,England,E12000007,E09000003
NW2 3,51.555136,-0.210947,316,England,E12000007,E09000007
NW2 4,51.553483,-0.216816,284,England,E12000007,E09000005
NW2 5,51.550603,-0.225981,307,England,E12000007,E09000005
NW2 6,51.560509,-0.222883,388,England,E12000007,E09000005
NW2 7,51.564622,-0.23513,330,England,E12000007,E09000005
NW2 8,51.571097,-0.222029,22,England,E12000007,E09000003
NW2 9,51.562184,-0.213374,359,England,E12000007,E09000003
NW26 9,52.377498,-0.212388,287,England,E12000007,E09000005
NW3 1,51.556846,-0.174801,314,England,E12000007,E09000007
NW3 2,51.552715,-0.163553,398,England,E12000007,E09000007
NW3 3,51.545792,-0.167455,304,England,E12000007,E09000007
NW3 4,51.549428,-0.167904,368,England,E12000007,E09000007
NW3 5,51.550283,-0.175123,356,England,E12000007,E09000007
NW3 6,51.552827,-0.179324,357,England,E12000007,E09000007
NW3 7,51.558737,-0.1856,312,England,E12000007,E09000007
NW3 9,51.554267,-0.173863,375,England,E12000007,E09000007
NW4 1,51.592871,-0.21943,305,England,E12000007,E09000003
NW4 2,51.585966,-0.218682,326,England,E12000007,E09000003
NW4 3,51.581568,-0.227733,339,England,E12000007,E09000003
NW4 4,51.589162,-0.228746,360,England,E12000007,E09000003
NW4 9,51.58804,-0.222549,217,England,E12000007,E09000003
NW5 1,51.555722,-0.144347,355,England,E12000007,E09000007
NW5 2,51.550447,-0.138837,353,England,E12000007,E09000007
NW5 3,51.548188,-0.146699,182,England,E12000007,E09000007
NW5 4,51.550621,-0.150692,232,England,E12000007,E09000007
NW5 9,51.550855,-0.146061,389,England,E12000007,E09000007
NW6 1,51.54782,-0.194352,391,England,E12000007,E09000007
NW6 2,51.543705,-0.196036,228,England,E12000007,E09000007
NW6 3,51.542288,-0.18756,285,England,E12000007,E09000007
NW6 4,51.540228,-0.189744,307,England,E12000007,E09000007
NW6 5,51.534158,-0.19413,369,England,E12000007,E09000005
NW6 6,51.536531,-0.202042,297,England,E12000007,E09000005
NW6 7,51.541131,-0.203967,397,England,E12000007,E09000005
NW6 9,51.535977,-0.194693,367,England,E12000007,E09000005
NW7 0,51.866157,-0.239874,193,England,E12000007,E09000003
NW7 1,51.611673,-0.214792,346,England,E12000007,E09000003
NW7 2,51.610867,-0.236575,285,England,E12000007,E09000003
NW7 3,51.617751,-0.251057,307,England,E12000007,E09000003
NW7 4,51.620451,-0.242198,253,England,E12000007,E09000003
NW8 0,51.535603,-0.179536,270,England,E12000007,E09000033
NW8 1,51.532636,-0.182663,193,England,E12000007,E09000005
NW8 6,51.535701,-0.171932,227,England,E12000007,E09000033
NW8 7,51.532185,-0.168189,270,England,E12000007,E09000033
NW8 8,51.52603,-0.171604,350,England,E12000007,E09000033
NW8 9,51.531205,-0.176799,338,England,E12000007,E09000033
NW9 0,51.588064,-0.259773,305,England,E12000007,E09000005
NW9 1,52.191963,-0.243444,318,England,E12000007,E09000003
NW9 4,51.595373,-0.244021,130,England,E12000007,E09000003
NW9 5,51.598983,-0.247759,390,England,E12000007,E09000003
NW9 6,51.586556,-0.248169,315,England,E12000007,E09000003
NW9 7,51.577953,-0.245959,278,England,E12000007,E09000003
NW9 8,51.576363,-0.260667,305,England,E12000007,E09000005
NW9 9,51.587053,-0.271312,284,England,E12000007,E09000005
OL1 1,53.541214,-2.109828,297,England,E12000002,E08000004
OL1 2,53.550692,-2.12652,271,England,E12000002,E08000004
OL1 3,53.545538,-2.105111,311,England,E12000002,E08000004
OL1 4,53.556819,-2.088057,269,England,E12000002,E08000004
OL1 5,99.999999,0.0,1,England,,
OL1 9,53.54157,-2.10107,335,England,E12000002,E08000004
OL10 1,53.592036,-2.215508,231,England,E12000002,E08000005
OL10 2,53.58339,-2.217353,311,England,E12000002,E08000005
OL10 3,53.589755,-2.236613,246,England,E12000002,E08000005
OL10 4,53.59625,-2.223044,299,England,E12000002,E08000005
OL10 9,53.592646,-2.219677,40,England,E12000002,E08000005
OL11 1,53.607659,-2.15573,273,England,E12000002,E08000005
OL11 2,53.594296,-2.161286,332,England,E12000002,E08000005
OL11 3,53.601116,-2.17458,285,England,E12000002,E08000005
OL11 4,53.608899,-2.17662,211,England,E12000002,E08000005
OL11 5,53.618959,-2.198642,347,England,E12000002,E08000005
OL12 0,53.626389,-2.15723,269,England,E12000002,E08000005
OL12 6,53.624991,-2.167283,353,England,E12000002,E08000005
OL12 7,53.626421,-2.188158,327,England,E12000002,E08000005
OL12 8,53.660596,-2.174345,282,England,E12000002,E07000125
OL12 9,53.637281,-2.136356,290,England,E12000002,E08000005
OL13 0,53.693546,-2.218345,247,England,E12000002,E07000125
OL13 3,53.700732,-2.203325,49,England,E12000002,E07000125
OL13 8,53.708048,-2.204224,244,England,E12000002,E07000125
OL13 9,53.701051,-2.192681,302,England,E12000002,E07000125
OL14 5,53.716881,-2.093596,255,England,E12000003,E08000033
OL14 6,53.705502,-2.087962,250,England,E12000003,E08000033
OL14 7,53.708215,-2.111478,243,England,E12000003,E08000033
OL14 8,53.727425,-2.112246,228,England,E12000003,E08000033
OL14 9,67.427883,-1.477192,27,England,E12000003,E08000033
OL15 0,53.63572,-2.101403,162,England,E12000002,E08000005
OL15 8,53.640767,-2.11048,244,England,E12000002,E08000005
OL15 9,53.652221,-2.094943,226,England,E12000002,E08000005
OL16 1,53.616411,-2.156095,339,England,E12000002,E08000005
OL16 2,53.623811,-2.139687,307,England,E12000002,E08000005
OL16 3,53.610717,-2.109455,286,England,E12000002,E08000005
OL16 4,53.603425,-2.127536,348,England,E12000002,E08000005
OL16 5,53.611286,-2.141642,250,England,E12000002,E08000005
OL16 9,53.614501,-2.155088,316,England,E12000002,E08000005
OL2 5,53.563863,-2.127554,318,England,E12000002,E08000004
OL2 6,53.565392,-2.115019,381,England,E12000002,E08000004
OL2 7,53.580406,-2.102793,314,England,E12000002,E08000004
OL2 8,53.577695,-2.088689,280,England,E12000002,E08000004
OL3 5,53.565801,-2.01714,345,England,E12000002,E08000004
OL3 6,53.548313,-2.003468,162,England,E12000002,E08000004
OL3 7,53.535521,-2.008499,231,England,E12000002,E08000004
OL4 1,53.53916,-2.09576,271,England,E12000002,E08000004
OL4 2,53.552858,-2.079626,271,England,E12000002,E08000004
OL4 3,53.544373,-2.072898,209,England,E12000002,E08000004
OL4 4,53.540573,-2.05495,249,England,E12000002,E08000004
OL4 5,53.535098,-2.073257,267,England,E12000002,E08000004
OL5 0,53.517189,-2.047211,214,England,E12000002,E08000008
OL5 9,53.51629,-2.034271,217,England,E12000002,E08000008
OL6 0,53.487046,-2.09421,157,England,E12000002,E08000008
OL6 6,53.488389,-2.086229,319,England,E12000002,E08000008
OL6 7,53.487386,-2.099409,289,England,E12000002,E08000008
OL6 8,53.500104,-2.087444,324,England,E12000002,E08000008
OL6 9,53.497587,-2.07703,268,England,E12000002,E08000008
OL7 0,53.481359,-2.107949,288,England,E12000002,E08000008
OL7 9,53.497549,-2.10436,283,England,E12000002,E08000008
OL8 1,53.533795,-2.116468,319,England,E12000002,E08000004
OL8 2,53.52504,-2.099285,290,England,E12000002,E08000004
OL8 3,53.520957,-2.123654,290,England,E12000002,E08000004
OL8 4,53.527441,-2.129491,268,England,E12000002,E08000004
OL9 0,53.549496,-2.145438,230,England,E12000002,E08000004
OL9 6,53.54426,-2.127948,257,England,E12000002,E08000004
OL9 7,53.531023,-2.137037,261,England,E12000002,E08000004
OL9 8,53.530024,-2.147581,225,England,E12000002,E08000004
OL9 9,53.539849,-2.15017,319,England,E12000002,E08000004
OL95 1,53.556354,-2.105399,21,England,E12000002,E08000004
OX1 1,51.75068,-1.262647,343,England,E12000008,E07000178
OX1 2,51.753945,-1.263557,248,England,E12000008,E07000178
OX1 3,51.755435,-1.256508,244,England,E12000008,E07000178
OX1 4,51.745125,-1.255877,292,England,E12000008,E07000178
OX1 5,51.720549,-1.267577,222,England,E12000008,E07000180
OX1 9,51.875309,-1.263412,386,England,E12000008,E07000178
OX10 0,51.603802,-1.136594,295,England,E12000008,E07000179
OX10 1,51.922004,-1.124507,149,England,E12000008,E07000179
OX10 6,51.608509,-1.094955,309,England,E12000008,E07000179
OX10 7,51.647851,-1.154367,213,England,E12000008,E07000179
OX10 8,51.601381,-1.124465,218,England,E12000008,E07000179
OX10 9,51.583866,-1.141505,323,England,E12000008,E07000179
OX11 0,51.589972,-1.281416,319,England,E12000008,E07000180
OX11 1,52.034671,-1.22832,113,England,E12000008,E07000179
OX11 6,51.607031,-1.268948,182,England,E12000008,E07000179
OX11 7,51.612149,-1.243633,381,England,E12000008,E07000179
OX11 8,51.60289,-1.24165,285,England,E12000008,E07000179
OX11 9,51.592235,-1.226285,316,England,E12000008,E07000179
OX12 0,51.617251,-1.425288,298,England,E12000008,E07000180
OX12 2,52.114493,-1.411869,92,England,E12000008,E07000180
OX12 7,51.599629,-1.416181,252,England,E12000008,E07000180
OX12 8,51.585603,-1.397805,292,England,E12000008,E07000180
OX12 9,51.587501,-1.450286,394,England,E12000008,E07000180
OX13 5,51.684861,-1.392588,266,England,E12000008,E07000180
OX13 6,51.668782,-1.31472,345,England,E12000008,E07000180
OX14 1,51.678119,-1.288043,392,England,E12000008,E07000180
OX14 2,51.685622,-1.265733,271,England,E12000008,E07000180
OX14 3,51.673151,-1.264576,387,England,E12000008,E07000180
OX14 4,51.640858,-1.275416,359,England,E12000008,E07000180
OX14 5,51.665972,-1.289259,328,England,E12000008,E07000180
OX14 9,51.669755,-1.285401,280,England,E12000008,E07000180
OX15 0,51.994532,-1.332526,154,England,E12000008,E07000177
OX15 4,52.025312,-1.360505,333,England,E12000008,E07000177
OX15 5,52.027356,-1.468628,307,England,E12000008,E07000177
OX15 6,52.077766,-1.421118,228,England,E12000008,E07000177
OX16 0,52.062385,-1.354683,319,England,E12000008,E07000177
OX16 1,52.074301,-1.35429,323,England,E12000008,E07000177
OX16 2,52.068289,-1.339244,154,England,E12000008,E07000177
OX16 3,52.068403,-1.325351,139,England,E12000008,E07000177
OX16 4,52.062975,-1.320977,120,England,E12000008,E07000177
OX16 5,52.060204,-1.334138,209,England,E12000008,E07000177
OX16 6,52.059267,-1.327519,306,England,E12000008,E07000177
OX16 7,52.071498,-1.344258,384,England,E12000008,E07000177
OX16 8,52.061432,-1.329966,342,England,E12000008,E07000177
OX16 9,52.051565,-1.339416,387,England,E12000008,E07000177
OX17 1,52.114906,-1.330848,300,England,E12000008,E07000177
OX17 2,52.081313,-1.254217,285,England,E12000004,E06000062
OX17 3,52.019958,-1.289459,290,England,E12000008,E07000177
OX18 1,51.769166,-1.591393,249,England,E12000008,E07000181
OX18 2,51.726782,-1.553014,284,England,E12000008,E07000181
OX18 3,51.759824,-1.591853,325,England,E12000008,E07000181
OX18 4,51.801113,-1.638883,247,England,E12000008,E07000181
OX18 9,52.400864,-1.571808,75,England,E12000008,E07000181
OX2 0,51.75118,-1.279308,279,England,E12000008,E07000178
OX2 6,51.76152,-1.26518,377,England,E12000008,E07000178
OX2 7,51.775584,-1.266204,375,England,E12000008,E07000178
OX2 8,51.782443,-1.278413,288,England,E12000008,E07000178
OX2 9,51.746235,-1.301102,350,England,E12000008,E07000180
OX20 1,51.854281,-1.356559,359,England,E12000008,E07000181
OX25 1,51.862056,-1.102489,74,England,E12000008,E07000177
OX25 2,51.874257,-1.142372,170,England,E12000008,E07000177
OX25 3,51.868368,-1.216801,45,England,E12000008,E07000177
OX25 4,51.915729,-1.261125,85,England,E12000008,E07000177
OX25 5,51.926387,-1.26019,163,England,E12000008,E07000177
OX25 6,51.952412,-1.293219,63,England,E12000008,E07000177
OX26 1,51.893956,-1.177521,146,England,E12000008,E07000177
OX26 2,51.902997,-1.164018,257,England,E12000008,E07000177
OX26 3,51.91006,-1.153291,160,England,E12000008,E07000177
OX26 4,51.905238,-1.139907,158,England,E12000008,E07000177
OX26 5,51.902013,-1.118811,49,England,E12000008,E07000177
OX26 6,51.896417,-1.146523,335,England,E12000008,E07000177
OX26 9,52.312786,-1.131328,234,England,E12000008,E07000177
OX27 0,51.903864,-1.060719,67,England,E12000008,E06000060
OX27 5,51.915285,-1.142857,1,England,E12000008,E07000177
OX27 7,51.951228,-1.211919,137,England,E12000008,E07000177
OX27 8,51.932081,-1.145901,172,England,E12000008,E07000177
OX27 9,51.92968,-1.10425,43,England,E12000008,E07000177
OX28 1,51.791969,-1.474841,218,England,E12000008,E07000181
OX28 2,51.789315,-1.473567,13,England,E12000008,E07000181
OX28 3,51.784644,-1.473146,67,England,E12000008,E07000181
OX28 4,51.779177,-1.487144,167,England,E12000008,E07000181
OX28 5,51.782584,-1.501814,183,England,E12000008,E07000181
OX28 6,51.786825,-1.489147,234,England,E12000008,E07000181
OX28 9,51.780357,-1.483809,289,England,E12000008,E07000181
OX29 0,51.791066,-1.533171,93,England,E12000008,E07000181
OX29 4,51.782886,-1.379842,277,England,E12000008,E07000181
OX29 5,51.744859,-1.401531,87,England,E12000008,E07000181
OX29 6,51.805664,-1.443009,132,England,E12000008,E07000181
OX29 7,51.762966,-1.482935,247,England,E12000008,E07000181
OX29 8,51.829402,-1.408447,273,England,E12000008,E07000181
OX29 9,51.816474,-1.51652,120,England,E12000008,E07000181
OX3 0,51.76344,-1.236896,329,England,E12000008,E07000178
OX3 3,52.815351,-1.187108,45,England,E12000008,E07000178
OX3 7,51.753363,-1.215528,343,England,E12000008,E07000178
OX3 8,51.756344,-1.201604,330,England,E12000008,E07000178
OX3 9,51.769735,-1.209064,370,England,E12000008,E07000178
OX33 1,51.756645,-1.143393,378,England,E12000008,E07000179
OX39 4,51.703534,-0.916949,324,England,E12000008,E07000179
OX4 1,51.74318,-1.232792,389,England,E12000008,E07000178
OX4 2,51.735738,-1.210237,374,England,E12000008,E07000178
OX4 3,51.732088,-1.219613,323,England,E12000008,E07000178
OX4 4,51.72474,-1.226971,392,England,E12000008,E07000178
OX4 5,51.72014,-1.198188,385,England,E12000008,E07000178
OX4 6,51.72264,-1.202558,283,England,E12000008,E07000178
OX4 7,51.716912,-1.196101,147,England,E12000008,E07000178
OX4 9,51.722587,-1.213453,244,England,E12000008,E07000178
OX44 7,51.693073,-1.111765,288,England,E12000008,E07000179
OX44 9,51.711857,-1.172381,165,England,E12000008,E07000179
OX49 5,51.649088,-1.002327,309,England,E12000008,E07000179
OX5 1,51.81943,-1.297488,363,England,E12000008,E07000177
OX5 2,51.824274,-1.267029,352,England,E12000008,E07000177
OX5 3,51.89094,-1.286988,267,England,E12000008,E07000177
OX5 4,51.96216,-1.338501,221,England,E12000008,E07000177
OX5 9,52.281846,-1.275175,105,England,E12000008,E07000177
OX6 0,51.885599,-1.112093,353,England,E12000008,E07000177
OX6 3,51.926254,-1.287854,144,England,E12000008,E07000177
OX6 4,51.955629,-1.300078,57,England,E12000008,E07000177
OX6 7,51.902469,-1.147671,367,England,E12000008,E07000177
OX6 8,51.896734,-1.179118,369,England,E12000008,E07000177
OX6 9,51.93663,-1.167211,364,England,E12000008,E07000177
OX7 1,51.856746,-1.359526,260,England,E12000008,E07000181
OX7 2,51.832803,-1.40506,172,England,E12000008,E07000181
OX7 3,51.876972,-1.49463,278,England,E12000008,E07000181
OX7 4,51.93766,-1.450826,159,England,E12000008,E07000181
OX7 5,51.944969,-1.543638,391,England,E12000008,E07000181
OX7 6,51.888014,-1.608578,378,England,E12000008,E07000181
OX7 7,51.937069,-1.392633,94,England,E12000008,E07000181
OX7 9,52.381079,-1.539479,109,England,E12000008,E07000181
OX8 1,51.773898,-1.378365,295,England,E12000008,E07000181
OX8 2,51.725787,-1.552981,202,England,E12000008,E07000181
OX8 3,51.761566,-1.592951,314,England,E12000008,E07000181
OX8 4,51.804349,-1.637246,206,England,E12000008,E07000181
OX8 5,51.799799,-1.510581,363,England,E12000008,E07000181
OX8 6,51.792054,-1.467986,386,England,E12000008,E07000181
OX8 7,51.76845,-1.483179,358,England,E12000008,E07000181
OX8 8,51.831693,-1.405866,218,England,E12000008,E07000181
OX9 0,52.272636,-0.968065,92,England,E12000008,E07000179
OX9 1,51.759366,-1.14047,280,England,E12000008,E07000179
OX9 2,51.742239,-1.006732,220,England,E12000008,E07000179
OX9 3,51.745384,-0.968196,389,England,E12000008,E07000179
OX9 4,51.701104,-0.916591,263,England,E12000008,E07000179
OX9 5,51.650857,-0.999779,257,England,E12000008,E07000179
OX9 6,51.607811,-1.091484,203,England,E12000008,E07000179
OX9 7,51.694458,-1.063617,287,England,E12000008,E07000179
OX9 8,51.650586,-1.156181,188,England,E12000008,E07000179
OX9 9,51.70975,-1.1665,134,England,E12000008,E07000179
PA1 1,55.844732,-4.418392,340,Scotland,S99999999,S12000038
PA1 2,55.84334,-4.440785,304,Scotland,S99999999,S12000038
PA1 3,55.847263,-4.395923,227,Scotland,S99999999,S12000038
PA10 2,55.832766,-4.54985,150,Scotland,S99999999,S12000038
PA11 3,55.857221,-4.584316,259,Scotland,S99999999,S12000038
PA11 9,55.855723,-4.572319,8,Scotland,S99999999,S12000038
PA12 4,55.796716,-4.618944,134,Scotland,S99999999,S12000038
PA13 4,55.890912,-4.627507,253,Scotland,S99999999,S12000018
PA13 9,55.855701,-4.57237,12,Scotland,S99999999,S12000038
PA14 5,55.931346,-4.686255,288,Scotland,S99999999,S12000018
PA14 6,55.924666,-4.64383,243,Scotland,S99999999,S12000018
PA15 1,55.948028,-4.757161,262,Scotland,S99999999,S12000018
PA15 2,55.939273,-4.725447,218,Scotland,S99999999,S12000018
PA15 3,55.934929,-4.739642,102,Scotland,S99999999,S12000018
PA15 4,55.943118,-4.757964,260,Scotland,S99999999,S12000018
PA15 9,55.944227,-4.746135,112,Scotland,S99999999,S12000018
PA16 0,55.930319,-4.828811,325,Scotland,S99999999,S12000018
PA16 7,55.951995,-4.788397,252,Scotland,S99999999,S12000018
PA16 8,55.952516,-4.772025,224,Scotland,S99999999,S12000018
PA16 9,55.938513,-4.783423,125,Scotland,S99999999,S12000018
PA17 5,55.869283,-4.874872,83,Scotland,S99999999,S12000021
PA18 6,55.891349,-4.880118,72,Scotland,S99999999,S12000018
PA19 1,55.952422,-4.821313,332,Scotland,S99999999,S12000018
PA2 0,55.825724,-4.466375,211,Scotland,S99999999,S12000038
PA2 6,55.835018,-4.423899,282,Scotland,S99999999,S12000038
PA2 7,55.831953,-4.403568,256,Scotland,S99999999,S12000038
PA2 8,55.821617,-4.436724,253,Scotland,S99999999,S12000038
PA2 9,55.833657,-4.450865,207,Scotland,S99999999,S12000038
PA20 0,55.843301,-5.067596,174,Scotland,S99999999,S12000035
PA20 2,55.837153,-5.05228,4,Scotland,S99999999,S12000035
PA20 9,55.823592,-5.044345,147,Scotland,S99999999,S12000035
PA21 2,55.902967,-5.250349,53,Scotland,S99999999,S12000035
PA22 3,55.970246,-5.122151,17,Scotland,S99999999,S12000035
PA23 7,55.934874,-4.940654,224,Scotland,S99999999,S12000035
PA23 8,55.969196,-4.927296,282,Scotland,S99999999,S12000035
PA23 9,65.739778,-3.833016,9,Scotland,S99999999,S12000035
PA24 8,56.154882,-4.90416,17,Scotland,S99999999,S12000035
PA25 8,56.214304,-5.043352,3,Scotland,S99999999,S12000035
PA26 8,56.259676,-4.935511,9,Scotland,S99999999,S12000035
PA27 8,56.148565,-5.077401,26,Scotland,S99999999,S12000035
PA28 6,55.434028,-5.605614,281,Scotland,S99999999,S12000035
PA28 9,62.852631,-4.672188,6,Scotland,S99999999,S12000035
PA29 6,55.807122,-5.473292,90,Scotland,S99999999,S12000035
PA3 1,55.848629,-4.448658,203,Scotland,S99999999,S12000038
PA3 2,55.855084,-4.4297,246,Scotland,S99999999,S12000038
PA3 3,55.848833,-4.492017,242,Scotland,S99999999,S12000038
PA3 4,55.855661,-4.412857,228,Scotland,S99999999,S12000038
PA3 9,56.10074,-4.406309,174,Scotland,S99999999,S12000038
PA30 8,56.013524,-5.449525,47,Scotland,S99999999,S12000035
PA31 8,56.056829,-5.464141,216,Scotland,S99999999,S12000035
PA31 9,56.029203,-5.424975,51,Scotland,S99999999,S12000035
PA32 8,56.197553,-5.126952,68,Scotland,S99999999,S12000035
PA33 1,56.374681,-5.044873,44,Scotland,S99999999,S12000035
PA34 4,56.378961,-5.492998,306,Scotland,S99999999,S12000035
PA34 5,56.437742,-5.508721,185,Scotland,S99999999,S12000035
PA34 9,58.392519,-5.225791,22,Scotland,S99999999,S12000035
PA35 1,56.406851,-5.227413,47,Scotland,S99999999,S12000035
PA36 4,56.519998,-4.772938,8,Scotland,S99999999,S12000035
PA37 1,56.463929,-5.397635,117,Scotland,S99999999,S12000035
PA38 4,56.594247,-5.335149,36,Scotland,S99999999,S12000035
PA39 4,56.673288,-5.106513,40,Scotland,S99999999,S12000017
PA4 0,55.869171,-4.387633,245,Scotland,S99999999,S12000038
PA4 4,55.879661,-4.385799,20,Scotland,S99999999,S12000038
PA4 8,55.876221,-4.389462,344,Scotland,S99999999,S12000038
PA4 9,55.883133,-4.424654,145,Scotland,S99999999,S12000038
PA40 4,56.713878,-4.964681,40,Scotland,S99999999,S12000017
PA41 7,55.674465,-5.742547,5,Scotland,S99999999,S12000035
PA42 7,55.638701,-6.187589,73,Scotland,S99999999,S12000035
PA42 9,99.999999,0.0,3,Scotland,S99999999,
PA43 7,55.755814,-6.284611,50,Scotland,S99999999,S12000035
PA44 7,55.797721,-6.288306,22,Scotland,S99999999,S12000035
PA45 7,55.819539,-6.166867,7,Scotland,S99999999,S12000035
PA46 7,55.861171,-6.119575,17,Scotland,S99999999,S12000035
PA47 7,55.681989,-6.504,15,Scotland,S99999999,S12000035
PA48 7,55.739069,-6.383807,18,Scotland,S99999999,S12000035
PA49 7,55.779848,-6.389938,8,Scotland,S99999999,S12000035
PA5 0,55.824554,-4.521368,211,Scotland,S99999999,S12000038
PA5 5,57.26147,-4.363051,31,Scotland,S99999999,S12000038
PA5 8,55.836403,-4.51457,305,Scotland,S99999999,S12000038
PA5 9,55.831186,-4.492786,220,Scotland,S99999999,S12000038
PA6 7,55.863039,-4.534323,196,Scotland,S99999999,S12000038
PA60 7,55.876312,-5.918327,22,Scotland,S99999999,S12000035
PA61 7,56.071186,-6.201543,9,Scotland,S99999999,S12000035
PA62 6,56.359242,-5.851459,1,Scotland,S99999999,S12000035
PA63 6,56.38174,-5.715812,1,Scotland,S99999999,S12000035
PA64 6,56.446509,-5.691081,4,Scotland,S99999999,S12000035
PA65 6,56.470187,-5.727482,8,Scotland,S99999999,S12000035
PA66 6,56.327391,-6.339059,9,Scotland,S99999999,S12000035
PA67 6,56.31373,-6.231951,15,Scotland,S99999999,S12000035
PA68 6,56.436376,-6.142563,3,Scotland,S99999999,S12000035
PA69 6,56.379433,-6.077806,4,Scotland,S99999999,S12000035
PA7 5,55.906088,-4.50382,291,Scotland,S99999999,S12000038
PA7 9,55.905402,-4.454554,6,Scotland,S99999999,S12000038
PA70 6,56.364394,-6.027656,6,Scotland,S99999999,S12000035
PA71 6,56.480681,-5.981483,4,Scotland,S99999999,S12000035
PA72 6,56.518683,-5.967456,21,Scotland,S99999999,S12000035
PA73 6,56.495917,-6.183677,6,Scotland,S99999999,S12000035
PA74 6,56.532946,-6.229724,1,Scotland,S99999999,S12000035
PA75 6,56.613909,-6.107228,70,Scotland,S99999999,S12000035
PA76 6,56.333523,-6.39492,7,Scotland,S99999999,S12000035
PA77 6,56.495064,-6.878588,41,Scotland,S99999999,S12000035
PA78 6,56.626406,-6.545815,5,Scotland,S99999999,S12000035
PA8 6,55.90532,-4.463349,131,Scotland,S99999999,S12000038
PA8 7,55.89749,-4.443973,148,Scotland,S99999999,S12000038
PA8 9,55.905401,-4.454552,7,Scotland,S99999999,S12000038
PA80 5,56.798586,-6.770953,48,Scotland,S99999999,S12000013
PA81 5,57.231359,-7.347706,71,Scotland,S99999999,S12000013
PA82 5,57.596931,-7.305904,80,Scotland,S99999999,S12000013
PA83 3,57.765162,-7.009962,12,Scotland,S99999999,S12000013
PA84 3,57.869721,-6.690956,10,Scotland,S99999999,S12000013
PA85 3,57.878122,-6.855458,72,Scotland,S99999999,S12000013
PA86 0,58.292899,-6.316018,204,Scotland,S99999999,S12000013
PA86 9,58.184184,-6.678874,146,Scotland,S99999999,S12000013
PA87 2,58.209759,-6.372692,236,Scotland,S99999999,S12000013
PA88 5,57.450222,-7.344017,52,Scotland,S99999999,S12000013
PA9 1,55.811204,-4.550278,76,Scotland,S99999999,S12000038
PA98 1,55.860631,-4.429746,1,Scotland,S99999999,S12000038
PE1 1,52.579061,-0.248824,367,England,E12000006,E06000031
PE1 2,52.586734,-0.25187,326,England,E12000006,E06000031
PE1 3,52.595925,-0.247197,290,England,E12000006,E06000031
PE1 4,52.594752,-0.233749,337,England,E12000006,E06000031
PE1 5,52.581928,-0.225961,356,England,E12000006,E06000031
PE1 6,52.573543,-0.212987,1,England,E12000006,E06000031
PE1 9,52.734528,-0.280745,377,England,E12000006,E06000031
PE10 0,52.778161,-0.377487,391,England,E12000004,E07000141
PE10 1,52.76823,-0.379558,86,England,E12000004,E07000141
PE10 2,52.762085,-0.388026,36,England,E12000004,E07000141
PE10 9,52.770041,-0.377157,376,England,E12000004,E07000141
PE11 1,52.788756,-0.158172,380,England,E12000004,E07000140
PE11 2,52.786331,-0.14803,365,England,E12000004,E07000140
PE11 3,52.78807,-0.178794,396,England,E12000004,E07000140
PE11 4,52.871868,-0.177977,361,England,E12000004,E07000140
PE11 5,52.807171,-0.159226,24,England,E12000004,E07000140
PE11 6,52.809252,-0.222808,1,England,E12000004,E07000140
PE11 7,52.765835,-0.177597,14,England,E12000004,E07000140
PE11 9,52.801535,-0.148181,188,England,E12000004,E07000140
PE12 0,52.739684,0.004984,275,England,E12000004,E07000140
PE12 2,70.191485,-0.058545,19,England,E12000004,E07000140
PE12 6,52.790857,-0.084095,371,England,E12000004,E07000140
PE12 7,52.804426,0.014006,267,England,E12000004,E07000140
PE12 8,52.808044,0.03083,239,England,E12000004,E07000140
PE12 9,52.787658,0.123628,377,England,E12000004,E07000140
PE13 1,52.665829,0.155501,240,England,E12000006,E07000010
PE13 2,52.659375,0.16485,312,England,E12000006,E07000010
PE13 3,52.671881,0.169092,302,England,E12000006,E07000010
PE13 4,52.64903,0.073567,260,England,E12000006,E07000010
PE13 5,52.700577,0.126218,251,England,E12000006,E07000010
PE14 0,52.635578,0.158935,206,England,E12000006,E07000010
PE14 4,52.654119,0.150663,102,England,E12000006,E07000010
PE14 7,52.70373,0.21705,245,England,E12000006,E07000146
PE14 8,52.634508,0.231773,203,England,E12000006,E07000146
PE14 9,52.569629,0.217298,222,England,E12000006,E07000146
PE15 0,52.512339,0.083531,380,England,E12000006,E07000010
PE15 5,52.554799,0.088621,155,England,E12000006,E07000010
PE15 8,52.556207,0.08545,331,England,E12000006,E07000010
PE15 9,52.545564,0.088926,293,England,E12000006,E07000010
PE16 6,52.45501,0.049073,349,England,E12000006,E07000010
PE16 9,52.453681,0.048269,24,England,E12000006,E07000010
PE17 1,52.45292,-0.114648,329,England,E12000006,E07000011
PE17 2,52.377703,-0.113232,286,England,E12000006,E07000011
PE17 3,52.364393,-0.008741,316,England,E12000006,E07000011
PE17 4,52.329544,-0.075349,382,England,E12000006,E07000011
PE17 5,52.405574,-0.279045,363,England,E12000006,E07000011
PE17 6,52.338394,-0.074263,158,England,E12000006,E07000011
PE18 0,52.322907,-0.369816,307,England,E12000006,E07000011
PE18 6,52.334094,-0.186774,359,England,E12000006,E07000011
PE18 7,52.341926,-0.17237,348,England,E12000006,E07000011
PE18 8,52.320186,-0.199136,359,England,E12000006,E07000011
PE18 9,52.296172,-0.15443,347,England,E12000006,E07000011
PE19 0,52.224652,-0.24165,51,England,E12000006,E07000011
PE19 1,52.233786,-0.258872,283,England,E12000006,E07000011
PE19 2,52.222746,-0.264432,303,England,E12000006,E07000011
PE19 3,52.222636,-0.287204,282,England,E12000006,E07000011
PE19 4,52.239373,-0.256001,329,England,E12000006,E07000011
PE19 5,52.279249,-0.268189,246,England,E12000006,E07000011
PE19 6,52.236966,-0.235798,329,England,E12000006,E07000011
PE19 7,52.23706,-0.274008,146,England,E12000006,E07000011
PE19 8,52.227266,-0.281596,208,England,E12000006,E07000011
PE19 9,52.5819,-0.260401,137,England,E12000006,E07000011
PE2 0,52.550044,-0.288546,391,England,E12000006,E06000031
PE2 2,55.952315,-0.266142,369,England,E12000006,E06000031
PE2 5,52.557542,-0.290531,320,England,E12000006,E06000031
PE2 6,52.567149,-0.306371,218,England,E12000006,E06000031
PE2 7,52.5656,-0.272722,153,England,E12000006,E06000031
PE2 8,52.558527,-0.22771,382,England,E12000006,E06000031
PE2 9,52.566227,-0.256392,273,England,E12000006,E06000031
PE20 1,52.936434,-0.060971,273,England,E12000004,E07000136
PE20 2,52.899676,-0.086261,182,England,E12000004,E07000136
PE20 3,52.952284,-0.155728,257,England,E12000004,E07000136
PE21 0,52.971504,7.1e-05,233,England,E12000004,E07000136
PE21 1,52.974173,-0.022112,139,England,E12000004,E07000136
PE21 6,52.977349,-0.021533,266,England,E12000004,E07000136
PE21 7,52.963057,-0.036768,296,England,E12000004,E07000136
PE21 8,52.977224,-0.034194,341,England,E12000004,E07000136
PE21 9,52.985503,-0.018125,236,England,E12000004,E07000136
PE22 0,53.001009,0.046934,276,England,E12000004,E07000136
PE22 7,53.081449,-0.069146,216,England,E12000004,E07000137
PE22 8,53.086375,0.088625,198,England,E12000004,E07000137
PE22 9,53.038791,0.100762,209,England,E12000004,E07000136
PE23 4,53.181407,0.046041,164,England,E12000004,E07000137
PE23 5,53.167443,0.117068,270,England,E12000004,E07000137
PE23 9,53.174022,0.098762,22,England,E12000004,E07000137
PE24 4,53.12169,0.243209,266,England,E12000004,E07000137
PE24 5,53.197959,0.28743,342,England,E12000004,E07000137
PE25 1,53.16828,0.337417,304,England,E12000004,E07000137
PE25 2,53.149111,0.329986,293,England,E12000004,E07000137
PE25 3,53.138531,0.335724,247,England,E12000004,E07000137
PE25 9,53.144378,0.335997,85,England,E12000004,E07000137
PE26 1,52.44839,-0.110734,200,England,E12000006,E07000011
PE26 2,52.456797,-0.120814,219,England,E12000006,E07000011
PE26 9,52.450089,-0.107994,24,England,E12000006,E07000011
PE27 3,52.337306,-0.078067,230,England,E12000006,E07000011
PE27 4,52.330213,-0.04662,81,England,E12000006,E07000011
PE27 5,52.325141,-0.07611,241,England,E12000006,E07000011
PE27 6,52.334187,-0.087632,119,England,E12000006,E07000011
PE27 9,52.323365,-0.07439,70,England,E12000006,E07000011
PE28 0,52.321683,-0.356171,284,England,E12000006,E07000011
PE28 2,52.374549,-0.120484,357,England,E12000006,E07000011
PE28 3,52.369955,-0.023145,296,England,E12000006,E07000011
PE28 4,52.347825,-0.232619,392,England,E12000006,E07000011
PE28 5,52.416781,-0.297621,287,England,E12000006,E07000011
PE28 9,52.3075,-0.103714,225,England,E12000006,E07000011
PE29 1,52.339807,-0.170988,288,England,E12000006,E07000011
PE29 2,52.318662,-0.170564,257,England,E12000006,E07000011
PE29 3,52.331522,-0.184276,229,England,E12000006,E07000011
PE29 6,52.339795,-0.196571,223,England,E12000006,E07000011
PE29 7,52.34253,-0.182646,153,England,E12000006,E07000011
PE29 8,52.328663,-0.198332,4,England,E12000006,E07000011
PE29 9,52.462657,-0.182801,379,England,E12000006,E07000011
PE3 6,52.577713,-0.274393,382,England,E12000006,E06000031
PE3 7,52.590793,-0.271666,194,England,E12000006,E06000031
PE3 8,52.599523,-0.283772,226,England,E12000006,E06000031
PE3 9,52.583838,-0.280371,252,England,E12000006,E06000031
PE30 1,52.755418,0.398061,266,England,E12000006,E07000146
PE30 2,52.762849,0.406214,226,England,E12000006,E07000146
PE30 3,52.775084,0.433783,367,England,E12000006,E07000146
PE30 4,52.752678,0.424685,386,England,E12000006,E07000146
PE30 5,52.747482,0.400413,283,England,E12000006,E07000146
PE30 9,52.757335,0.399637,176,England,E12000006,E07000146
PE31 6,52.834784,0.535254,346,England,E12000006,E07000146
PE31 7,52.891362,0.491886,320,England,E12000006,E07000146
PE31 8,52.904801,0.664179,338,England,E12000006,E07000146
PE32 1,52.731086,0.529789,362,England,E12000006,E07000146
PE32 2,52.726763,0.730996,310,England,E12000006,E07000143
PE33 0,52.689112,0.416597,296,England,E12000006,E07000146
PE33 9,52.616716,0.503561,329,England,E12000006,E07000146
PE34 3,52.699821,0.372134,234,England,E12000006,E07000146
PE34 4,52.75015,0.317897,292,England,E12000006,E07000146
PE35 6,52.827493,0.510454,15,England,E12000006,E07000146
PE36 5,52.930233,0.502248,204,England,E12000006,E07000146
PE36 6,52.947807,0.511393,177,England,E12000006,E07000146
PE36 9,54.615401,0.471104,28,England,E12000006,E07000146
PE37 3,99.999999,0.0,1,England,,
PE37 7,52.649575,0.678527,284,England,E12000006,E07000143
PE37 8,52.635821,0.714075,209,England,E12000006,E07000143
PE37 9,52.648662,0.685498,22,England,E12000006,E07000143
PE38 0,52.562754,0.369953,190,England,E12000006,E07000146
PE38 8,53.298658,0.372413,68,England,E12000006,E07000146
PE38 9,52.606358,0.379996,354,England,E12000006,E07000146
PE4 5,52.621169,-0.282952,124,England,E12000006,E06000031
PE4 6,52.610327,-0.267582,397,England,E12000006,E06000031
PE4 7,52.610411,-0.252273,251,England,E12000006,E06000031
PE5 7,52.577976,-0.345869,66,England,E12000006,E06000031
PE6 0,52.652762,-0.141483,303,England,E12000004,E07000140
PE6 4,52.69417,-0.347167,1,England,E12000004,E07000141
PE6 6,52.6765,-0.312828,26,England,E12000004,E07000141
PE6 7,52.62171,-0.253268,351,England,E12000006,E06000031
PE6 8,52.673262,-0.304827,367,England,E12000004,E07000141
PE6 9,52.678809,-0.327826,214,England,E12000004,E07000141
PE7 0,52.55113,-0.247339,32,England,E12000006,E06000031
PE7 1,52.559275,-0.133096,378,England,E12000006,E07000010
PE7 2,52.55402,-0.10327,189,England,E12000006,E07000010
PE7 3,52.512647,-0.263917,397,England,E12000006,E07000011
PE7 4,52.546373,-0.330801,10,England,E12000006,E06000031
PE7 5,52.535533,-0.222211,1,England,E12000006,E07000011
PE7 7,52.514704,-0.278682,47,England,E12000006,E06000031
PE7 8,52.537911,-0.266111,374,England,E12000006,E06000031
PE8 4,52.488559,-0.465989,201,England,E12000004,E06000061
PE8 5,52.492997,-0.456068,243,England,E12000004,E06000061
PE8 6,52.570824,-0.423108,353,England,E12000006,E06000031
PE8 9,52.551067,-0.368633,36,England,E12000006,E06000031
PE9 1,52.657228,-0.478314,292,England,E12000004,E07000141
PE9 2,52.652949,-0.486778,396,England,E12000004,E07000141
PE9 3,52.631621,-0.488132,307,England,E12000006,E06000031
PE9 4,52.680346,-0.461154,255,England,E12000004,E07000141
PE9 9,53.859166,-0.433621,78,England,E12000004,E07000141
PE99 1,52.614035,-0.287205,14,England,E12000006,E06000031
PH1 0,56.423192,-3.490507,34,Scotland,S99999999,S12000048
PH1 1,56.392215,-3.478407,274,Scotland,S99999999,S12000048
PH1 2,56.403751,-3.464105,285,Scotland,S99999999,S12000048
PH1 3,56.418299,-3.50646,389,Scotland,S99999999,S12000048
PH1 4,56.502437,-3.479142,215,Scotland,S99999999,S12000048
PH1 5,56.399006,-3.435785,358,Scotland,S99999999,S12000048
PH10 6,56.585077,-3.346155,328,Scotland,S99999999,S12000048
PH10 7,56.639576,-3.376169,199,Scotland,S99999999,S12000048
PH10 9,56.588563,-3.334332,23,Scotland,S99999999,S12000048
PH11 8,56.639536,-3.235846,208,Scotland,S99999999,S12000048
PH12 8,56.575844,-3.156769,104,Scotland,S99999999,S12000048
PH13 9,56.538994,-3.277329,201,Scotland,S99999999,S12000048
PH14 9,56.450747,-3.187706,77,Scotland,S99999999,S12000048
PH15 2,56.611049,-3.93126,225,Scotland,S99999999,S12000048
PH16 5,56.706352,-3.800915,258,Scotland,S99999999,S12000048
PH16 9,56.696833,-3.715731,12,Scotland,S99999999,S12000048
PH17 2,56.686094,-4.368379,15,Scotland,S99999999,S12000048
PH18 5,56.775299,-3.893151,49,Scotland,S99999999,S12000048
PH19 1,56.934483,-4.25468,8,Scotland,S99999999,S12000017
PH2 0,56.372397,-3.47433,304,Scotland,S99999999,S12000048
PH2 1,56.56733,-3.416059,238,Scotland,S99999999,S12000048
PH2 6,56.440834,-3.392657,314,Scotland,S99999999,S12000048
PH2 7,56.395947,-3.339662,327,Scotland,S99999999,S12000048
PH2 8,56.38675,-3.427807,223,Scotland,S99999999,S12000048
PH2 9,56.33126,-3.403314,286,Scotland,S99999999,S12000048
PH20 1,57.055785,-4.14764,64,Scotland,S99999999,S12000017
PH21 1,57.090108,-4.020864,125,Scotland,S99999999,S12000017
PH22 1,57.198593,-3.812801,155,Scotland,S99999999,S12000017
PH23 3,57.28706,-3.800091,38,Scotland,S99999999,S12000017
PH24 3,57.258449,-3.74093,27,Scotland,S99999999,S12000017
PH25 3,57.264022,-3.647849,38,Scotland,S99999999,S12000017
PH26 3,57.329596,-3.605981,154,Scotland,S99999999,S12000017
PH26 9,57.330717,-3.609046,7,Scotland,S99999999,S12000017
PH3 1,56.301275,-3.705244,291,Scotland,S99999999,S12000048
PH30 4,56.792201,-4.601239,1,Scotland,S99999999,S12000017
PH31 4,56.891864,-4.820954,20,Scotland,S99999999,S12000017
PH32 4,57.144015,-4.683879,46,Scotland,S99999999,S12000017
PH33 6,56.81518,-5.106184,345,Scotland,S99999999,S12000017
PH33 7,56.834113,-5.11882,198,Scotland,S99999999,S12000017
PH33 9,56.630935,-4.390767,21,Scotland,S99999999,S12000017
PH34 4,56.914389,-4.928614,33,Scotland,S99999999,S12000017
PH35 4,57.075371,-4.88699,19,Scotland,S99999999,S12000017
PH36 4,56.719384,-5.85535,40,Scotland,S99999999,S12000017
PH37 4,56.841916,-5.494455,6,Scotland,S99999999,S12000017
PH38 4,56.852152,-5.740092,6,Scotland,S99999999,S12000017
PH39 4,56.912054,-5.841878,16,Scotland,S99999999,S12000017
PH4 1,56.263704,-3.779434,46,Scotland,S99999999,S12000048
PH40 4,56.963099,-5.8015,10,Scotland,S99999999,S12000017
PH41 2,56.833895,-6.229044,1,Scotland,S99999999,S12000017
PH41 4,57.007248,-5.818574,41,Scotland,S99999999,S12000017
PH42 4,56.868046,-6.191605,2,Scotland,S99999999,S12000017
PH43 4,57.013629,-6.281956,1,Scotland,S99999999,S12000017
PH44 4,57.056794,-6.503243,1,Scotland,S99999999,S12000017
PH49 4,56.678398,-5.114788,45,Scotland,S99999999,S12000017
PH5 2,56.329425,-3.82972,46,Scotland,S99999999,S12000048
PH50 4,56.714533,-4.965485,48,Scotland,S99999999,S12000017
PH6 2,56.371821,-3.988579,130,Scotland,S99999999,S12000048
PH7 3,56.372752,-3.815727,280,Scotland,S99999999,S12000048
PH7 4,56.373868,-3.854661,154,Scotland,S99999999,S12000048
PH7 9,56.372481,-3.838926,27,Scotland,S99999999,S12000048
PH8 0,56.562537,-3.597333,138,Scotland,S99999999,S12000048
PH9 0,56.654174,-3.699026,55,Scotland,S99999999,S12000048
PL1 1,50.371607,-4.140368,311,England,E12000009,E06000026
PL1 2,50.36813,-4.139694,259,England,E12000009,E06000026
PL1 3,50.367573,-4.152525,315,England,E12000009,E06000026
PL1 4,50.371429,-4.173553,311,England,E12000009,E06000026
PL1 5,50.374503,-4.152657,245,England,E12000009,E06000026
PL1 9,50.365872,-4.109979,185,England,E12000009,E06000026
PL10 1,50.347678,-4.212428,210,England,E12000009,E06000052
PL11 2,50.376057,-4.20764,242,England,E12000009,E06000052
PL11 3,50.36911,-4.319288,167,England,E12000009,E06000052
PL12 4,50.40799,-4.229542,329,England,E12000009,E06000052
PL12 5,50.414997,-4.30896,175,England,E12000009,E06000052
PL12 6,50.429935,-4.2349,367,England,E12000009,E06000052
PL12 9,50.408542,-4.213646,27,England,E12000009,E06000052
PL13 1,50.363919,-4.446571,228,England,E12000009,E06000052
PL13 2,50.354715,-4.495925,276,England,E12000009,E06000052
PL13 9,53.16999,-4.197041,53,England,E12000009,E06000052
PL14 3,50.454368,-4.443475,368,England,E12000009,E06000052
PL14 4,50.440201,-4.485417,296,England,E12000009,E06000052
PL14 5,50.498683,-4.440236,254,England,E12000009,E06000052
PL14 6,50.467254,-4.502339,261,England,E12000009,E06000052
PL14 9,50.456107,-4.463302,128,England,E12000009,E06000052
PL15 0,57.210411,-3.795821,45,England,E12000009,E06000052
PL15 7,50.610819,-4.418597,317,England,E12000009,E06000052
PL15 8,50.651394,-4.411419,351,England,E12000009,E06000052
PL15 9,50.63273,-4.351059,318,England,E12000009,E06000052
PL16 0,50.644966,-4.275741,133,England,E12000009,E07000047
PL17 0,50.505484,-4.303016,28,England,E12000009,E06000052
PL17 7,50.507452,-4.318639,268,England,E12000009,E06000052
PL17 8,50.523483,-4.292696,239,England,E12000009,E06000052
PL18 9,50.515501,-4.22387,258,England,E12000009,E06000052
PL19 0,50.566014,-4.161072,242,England,E12000009,E07000047
PL19 1,50.546051,-4.146274,114,England,E12000009,E07000047
PL19 8,50.548923,-4.169883,280,England,E12000009,E07000047
PL19 9,50.552424,-4.129406,243,England,E12000009,E07000047
PL2 1,50.380796,-4.165158,257,England,E12000009,E06000026
PL2 2,50.391791,-4.164436,257,England,E12000009,E06000026
PL2 3,50.390837,-4.149468,280,England,E12000009,E06000026
PL2 9,55.259104,-3.700725,71,England,E12000009,E06000026
PL20 6,50.514501,-4.052418,276,England,E12000009,E07000047
PL20 7,50.493819,-4.144568,301,England,E12000009,E07000047
PL21 0,50.380251,-3.897016,394,England,E12000009,E07000044
PL21 1,58.018335,-3.32331,26,England,E12000009,E07000044
PL21 9,50.391197,-3.942761,358,England,E12000009,E07000044
PL22 0,50.403844,-4.653559,237,England,E12000009,E06000052
PL23 1,50.33707,-4.636445,198,England,E12000009,E06000052
PL24 2,50.354693,-4.713057,294,England,E12000009,E06000052
PL25 3,50.343428,-4.762408,339,England,E12000009,E06000052
PL25 4,50.339839,-4.783978,317,England,E12000009,E06000052
PL25 5,50.339456,-4.798764,291,England,E12000009,E06000052
PL25 9,50.340342,-4.763957,304,England,E12000009,E06000052
PL26 6,50.280702,-4.79004,252,England,E12000009,E06000052
PL26 7,50.34446,-4.854814,341,England,E12000009,E06000052
PL26 8,50.3897,-4.818775,394,England,E12000009,E06000052
PL27 6,50.539375,-4.865898,313,England,E12000009,E06000052
PL27 7,50.506898,-4.882295,330,England,E12000009,E06000052
PL27 9,50.518101,-4.831369,62,England,E12000009,E06000052
PL28 8,50.532433,-4.967599,271,England,E12000009,E06000052
PL29 3,50.582909,-4.826878,67,England,E12000009,E06000052
PL3 4,50.382054,-4.140863,305,England,E12000009,E06000026
PL3 5,50.388904,-4.12673,311,England,E12000009,E06000026
PL3 6,50.387029,-4.107183,264,England,E12000009,E06000026
PL30 3,50.549668,-4.752998,202,England,E12000009,E06000052
PL30 4,50.509978,-4.673299,211,England,E12000009,E06000052
PL30 5,50.438045,-4.758821,199,England,E12000009,E06000052
PL31 1,50.46581,-4.723055,257,England,E12000009,E06000052
PL31 2,50.471506,-4.721878,336,England,E12000009,E06000052
PL31 9,55.550063,-4.235101,39,England,E12000009,E06000052
PL32 9,50.632098,-4.663753,195,England,E12000009,E06000052
PL33 9,50.622413,-4.731435,89,England,E12000009,E06000052
PL34 0,50.659967,-4.743879,95,England,E12000009,E06000052
PL35 0,50.684389,-4.684926,89,England,E12000009,E06000052
PL4 0,50.368235,-4.125976,264,England,E12000009,E06000026
PL4 6,50.378114,-4.134413,244,England,E12000009,E06000026
PL4 7,50.37995,-4.125941,230,England,E12000009,E06000026
PL4 8,50.375357,-4.129946,299,England,E12000009,E06000026
PL4 9,50.372201,-4.12007,219,England,E12000009,E06000026
PL5 1,50.402334,-4.187879,292,England,E12000009,E06000026
PL5 2,50.413407,-4.174583,247,England,E12000009,E06000026
PL5 3,50.408998,-4.150753,322,England,E12000009,E06000026
PL5 4,50.422653,-4.154311,206,England,E12000009,E06000026
PL5 9,63.584047,-3.059701,64,England,E12000009,E06000026
PL6 5,50.407095,-4.124902,376,England,E12000009,E06000026
PL6 6,50.42696,-4.134019,288,England,E12000009,E06000026
PL6 7,50.431078,-4.109386,309,England,E12000009,E06000026
PL6 8,50.410089,-4.106288,271,England,E12000009,E06000026
PL7 1,50.384526,-4.051201,227,England,E12000009,E06000026
PL7 2,50.389094,-4.04027,263,England,E12000009,E06000026
PL7 3,50.386433,-4.045106,393,England,E12000009,E06000026
PL7 4,50.394025,-4.060666,279,England,E12000009,E06000026
PL7 5,50.406543,-4.025144,178,England,E12000009,E07000044
PL7 9,50.39184,-4.050193,39,England,E12000009,E06000026
PL8 1,50.322883,-4.015782,156,England,E12000009,E07000044
PL8 2,50.348658,-4.020155,212,England,E12000009,E07000044
PL9 0,50.331468,-4.085226,154,England,E12000009,E07000044
PL9 6,50.370659,-4.03578,1,England,E12000009,E07000044
PL9 7,50.363932,-4.099357,273,England,E12000009,E06000026
PL9 8,50.362014,-4.066441,397,England,E12000009,E06000026
PL9 9,50.355231,-4.099056,351,England,E12000009,E06000026
PL95 1,50.436153,-4.105762,1,England,E12000009,E07000044
PL95 8,67.58491,-2.680468,49,England,E12000009,E06000026
PO1 1,50.799829,-1.086847,241,England,E12000008,E06000044
PO1 2,50.794239,-1.096776,318,England,E12000008,E06000044
PO1 3,50.798753,-1.102662,277,England,E12000008,E06000044
PO1 4,50.804398,-1.084984,204,England,E12000008,E06000044
PO1 5,50.802194,-1.075139,240,England,E12000008,E06000044
PO1 9,50.930313,-1.085605,375,England,E12000008,E06000044
PO10 7,50.852842,-0.940394,372,England,E12000008,E07000090
PO10 8,50.850847,-0.918078,355,England,E12000008,E07000225
PO10 9,50.848455,-0.937392,60,England,E12000008,E07000090
PO11 0,50.798254,-0.986051,297,England,E12000008,E07000090
PO11 1,50.789861,-0.986446,54,England,E12000008,E07000090
PO11 9,50.78571,-0.968525,328,England,E12000008,E07000090
PO12 1,50.795629,-1.129591,309,England,E12000008,E07000088
PO12 2,50.788325,-1.147836,318,England,E12000008,E07000088
PO12 3,50.79982,-1.149282,306,England,E12000008,E07000088
PO12 4,50.807625,-1.141871,352,England,E12000008,E07000088
PO12 9,50.803583,-1.146811,166,England,E12000008,E07000088
PO13 0,50.82257,-1.172146,384,England,E12000008,E07000088
PO13 8,50.802395,-1.179682,210,England,E12000008,E07000088
PO13 9,50.805083,-1.186853,343,England,E12000008,E07000088
PO14 1,50.844794,-1.196295,295,England,E12000008,E07000087
PO14 2,50.825309,-1.212154,280,England,E12000008,E07000087
PO14 3,50.832313,-1.220389,294,England,E12000008,E07000087
PO14 4,50.851205,-1.245289,307,England,E12000008,E07000087
PO14 9,50.84373,-1.186847,339,England,E12000008,E07000087
PO15 5,50.85638,-1.219008,311,England,E12000008,E07000087
PO15 6,50.862389,-1.210456,284,England,E12000008,E07000087
PO15 7,50.874453,-1.237339,339,England,E12000008,E07000087
PO16 0,50.848578,-1.18134,307,England,E12000008,E07000087
PO16 7,50.857013,-1.18515,340,England,E12000008,E07000087
PO16 8,50.851952,-1.147241,336,England,E12000008,E07000087
PO16 9,50.843235,-1.132827,302,England,E12000008,E07000087
PO17 4,50.881326,-1.191867,3,England,E12000008,E07000087
PO17 5,50.890589,-1.193598,241,England,E12000008,E07000094
PO17 6,50.883492,-1.140878,140,England,E12000008,E07000094
PO18 0,50.872657,-0.748254,309,England,E12000008,E07000225
PO18 8,50.840392,-0.851208,378,England,E12000008,E07000225
PO18 9,50.888159,-0.84928,175,England,E12000008,E07000225
PO19 1,50.836038,-0.779037,331,England,E12000008,E07000225
PO19 2,50.830323,-0.775276,356,England,E12000008,E07000225
PO19 3,50.840567,-0.79516,282,England,E12000008,E07000225
PO19 4,50.844466,-0.772008,387,England,E12000008,E07000225
PO19 5,50.850021,-0.781836,105,England,E12000008,E07000225
PO19 6,50.845765,-0.772138,244,England,E12000008,E07000225
PO19 7,50.836106,-0.766317,279,England,E12000008,E07000225
PO19 8,50.828483,-0.779513,265,England,E12000008,E07000225
PO19 9,50.831089,-0.780962,385,England,E12000008,E07000225
PO2 0,50.817584,-1.073527,271,England,E12000008,E06000044
PO2 7,50.808906,-1.078619,288,England,E12000008,E06000044
PO2 8,50.816183,-1.085846,254,England,E12000008,E06000044
PO2 9,50.82254,-1.077444,239,England,E12000008,E06000044
PO20 0,50.732846,-0.785084,323,England,E12000008,E07000225
PO20 1,50.815309,-0.762216,168,England,E12000008,E07000225
PO20 2,50.842889,-0.730409,220,England,E12000008,E07000225
PO20 3,50.838769,-0.676016,174,England,E12000008,E07000224
PO20 4,50.730068,-0.793076,22,England,E12000008,E07000225
PO20 6,50.832256,-0.717867,385,England,E12000008,E07000225
PO20 7,50.795811,-0.814529,274,England,E12000008,E07000225
PO20 8,50.773427,-0.863118,294,England,E12000008,E07000225
PO20 9,50.734858,-0.794891,100,England,E12000008,E07000225
PO21 1,50.784629,-0.673395,343,England,E12000008,E07000224
PO21 2,50.785366,-0.683095,347,England,E12000008,E07000224
PO21 3,50.783712,-0.714175,317,England,E12000008,E07000224
PO21 4,50.77638,-0.721724,311,England,E12000008,E07000224
PO21 5,50.79505,-0.694291,311,England,E12000008,E07000224
PO21 9,50.783937,-0.671195,210,England,E12000008,E07000224
PO22 0,50.82844,-0.641008,163,England,E12000008,E07000224
PO22 6,50.794622,-0.624436,230,England,E12000008,E07000224
PO22 7,50.789694,-0.642156,276,England,E12000008,E07000224
PO22 8,50.794492,-0.653814,254,England,E12000008,E07000224
PO22 9,50.799405,-0.677462,292,England,E12000008,E07000224
PO24 1,99.999999,0.0,1,England,,
PO3 5,50.82168,-1.061205,348,England,E12000008,E06000044
PO3 6,50.805336,-1.062039,239,England,E12000008,E06000044
PO30 1,50.696319,-1.298112,315,England,E12000008,E06000046
PO30 2,50.701336,-1.279583,237,England,E12000008,E06000046
PO30 3,50.663031,-1.300945,160,England,E12000008,E06000046
PO30 4,50.671884,-1.398549,195,England,E12000008,E06000046
PO30 5,50.704012,-1.305864,385,England,E12000008,E06000046
PO30 9,50.950618,-1.287368,201,England,E12000008,E06000046
PO31 7,50.754746,-1.300333,334,England,E12000008,E06000046
PO31 8,50.7489,-1.314909,226,England,E12000008,E06000046
PO32 6,50.749754,-1.281535,284,England,E12000008,E06000046
PO33 1,50.715267,-1.13891,318,England,E12000008,E06000046
PO33 2,50.726495,-1.161729,343,England,E12000008,E06000046
PO33 3,50.723671,-1.177421,295,England,E12000008,E06000046
PO33 4,50.719888,-1.218181,208,England,E12000008,E06000046
PO33 9,50.717585,-1.157802,110,England,E12000008,E06000046
PO34 5,50.716124,-1.11404,131,England,E12000008,E06000046
PO35 5,50.687831,-1.088584,198,England,E12000008,E06000046
PO36 0,50.668016,-1.170928,193,England,E12000008,E06000046
PO36 6,51.368728,-1.140352,69,England,E12000008,E06000046
PO36 8,50.655884,-1.153607,213,England,E12000008,E06000046
PO36 9,50.65273,-1.165295,237,England,E12000008,E06000046
PO37 6,50.629696,-1.177385,219,England,E12000008,E06000046
PO37 7,50.636295,-1.178897,188,England,E12000008,E06000046
PO38 1,50.59501,-1.210298,320,England,E12000008,E06000046
PO38 2,50.598333,-1.288364,193,England,E12000008,E06000046
PO38 3,50.629241,-1.244975,182,England,E12000008,E06000046
PO38 9,50.594483,-1.205795,46,England,E12000008,E06000046
PO39 0,50.680514,-1.539457,129,England,E12000008,E06000046
PO4 0,50.788185,-1.075904,291,England,E12000008,E06000044
PO4 8,50.795623,-1.058917,366,England,E12000008,E06000044
PO4 9,50.788304,-1.060165,352,England,E12000008,E06000044
PO40 0,50.682807,-1.525149,16,England,E12000008,E06000046
PO40 9,50.682732,-1.52219,326,England,E12000008,E06000046
PO41 0,50.699846,-1.478087,170,England,E12000008,E06000046
PO5 1,50.792646,-1.083317,259,England,E12000008,E06000044
PO5 2,50.785893,-1.083595,285,England,E12000008,E06000044
PO5 3,50.787748,-1.091348,259,England,E12000008,E06000044
PO5 4,50.794176,-1.089045,187,England,E12000008,E06000044
PO6 1,50.844629,-1.041151,282,England,E12000008,E06000044
PO6 2,50.843428,-1.059608,288,England,E12000008,E06000044
PO6 3,50.847104,-1.073985,312,England,E12000008,E06000044
PO6 4,50.849193,-1.099324,320,England,E12000008,E06000044
PO6 9,50.844715,-1.069656,72,England,E12000008,E06000044
PO7 3,50.879948,-1.044974,85,England,E12000008,E07000094
PO7 4,50.925734,-1.086057,73,England,E12000008,E07000094
PO7 5,50.866664,-1.040549,342,England,E12000008,E07000090
PO7 6,50.90065,-1.06116,351,England,E12000008,E07000094
PO7 7,50.882031,-1.033877,383,England,E12000008,E07000090
PO7 8,50.878532,-1.020505,299,England,E12000008,E07000090
PO7 9,50.887403,-1.043961,143,England,E12000008,E07000090
PO8 0,50.927055,-1.003605,391,England,E12000008,E07000085
PO8 8,50.895497,-1.025161,281,England,E12000008,E07000090
PO8 9,50.905711,-1.018144,392,England,E12000008,E07000085
PO9 1,50.850445,-0.984796,293,England,E12000008,E07000090
PO9 2,50.857576,-0.972997,332,England,E12000008,E07000090
PO9 3,50.857662,-1.002049,270,England,E12000008,E07000090
PO9 4,50.870937,-0.996916,224,England,E12000008,E07000090
PO9 5,50.868837,-0.975117,267,England,E12000008,E07000090
PO9 6,50.889409,-0.958094,118,England,E12000008,E07000085
PO9 9,50.851938,-0.978845,126,England,E12000008,E07000090
PR0 2,53.758821,-2.683904,25,England,E12000002,E07000123
PR1 0,53.747962,-2.732379,231,England,E12000002,E07000126
PR1 1,53.930287,-2.688701,276,England,E12000002,E07000123
PR1 2,53.759894,-2.703585,285,England,E12000002,E07000123
PR1 3,53.756248,-2.699556,325,England,E12000002,E07000123
PR1 4,53.759377,-2.681559,305,England,E12000002,E07000123
PR1 5,53.764965,-2.678963,281,England,E12000002,E07000123
PR1 6,53.769499,-2.691698,265,England,E12000002,E07000123
PR1 7,53.768251,-2.710354,245,England,E12000002,E07000123
PR1 8,53.756646,-2.711751,305,England,E12000002,E07000123
PR1 9,53.739802,-2.712809,378,England,E12000002,E07000126
PR11 1,53.75981,-2.6849,51,England,E12000002,E07000123
PR11 2,54.636723,-2.636174,55,England,E12000002,E07000123
PR2 0,53.754802,-2.707691,390,England,E12000002,E07000123
PR2 1,53.766399,-2.746561,346,England,E12000002,E07000123
PR2 2,53.765638,-2.725501,341,England,E12000002,E07000123
PR2 3,53.78077,-2.725446,374,England,E12000002,E07000123
PR2 4,53.786722,-2.702577,371,England,E12000002,E07000123
PR2 5,53.791892,-2.637,225,England,E12000002,E07000123
PR2 6,53.775872,-2.665248,348,England,E12000002,E07000123
PR2 7,53.7845,-2.73722,119,England,E12000002,E07000123
PR2 8,53.78037,-2.697921,221,England,E12000002,E07000123
PR2 9,53.786191,-2.699381,331,England,E12000002,E07000123
PR25 1,53.689621,-2.713125,215,England,E12000002,E07000126
PR25 2,53.695001,-2.699564,160,England,E12000002,E07000126
PR25 3,53.694447,-2.692468,218,England,E12000002,E07000126
PR25 4,53.699419,-2.683759,129,England,E12000002,E07000126
PR25 5,53.698221,-2.670892,136,England,E12000002,E07000118
PR25 9,53.699507,-2.706458,124,England,E12000002,E07000126
PR26 6,53.707243,-2.71032,118,England,E12000002,E07000126
PR26 7,53.694296,-2.731155,156,England,E12000002,E07000126
PR26 8,53.680164,-2.737191,30,England,E12000002,E07000118
PR26 9,53.66878,-2.775512,105,England,E12000002,E07000118
PR3 0,53.883934,-2.799586,388,England,E12000002,E07000128
PR3 1,53.904054,-2.765561,392,England,E12000002,E07000128
PR3 2,53.846326,-2.616458,319,England,E12000002,E07000124
PR3 3,53.827413,-2.593908,314,England,E12000002,E07000124
PR3 5,53.811175,-2.722888,153,England,E12000002,E07000123
PR3 6,53.908353,-2.895623,112,England,E12000002,E07000128
PR3 8,58.745137,-2.321604,47,England,E12000002,E07000124
PR3 9,62.193545,-2.266365,61,England,E12000002,E07000128
PR4 0,53.792179,-2.772867,385,England,E12000002,E07000123
PR4 1,53.755599,-2.87957,321,England,E12000002,E07000119
PR4 2,53.780901,-2.884737,316,England,E12000002,E07000119
PR4 3,53.798266,-2.882365,326,England,E12000002,E07000119
PR4 4,53.718511,-2.758778,235,England,E12000002,E07000126
PR4 5,53.725503,-2.778812,286,England,E12000002,E07000126
PR4 6,53.689077,-2.841616,342,England,E12000002,E07000127
PR4 7,99.999999,0.0,4,England,,
PR4 8,53.782906,-2.710734,1,England,E12000002,E07000123
PR4 9,58.323995,-2.590025,61,England,E12000002,E07000119
PR5 0,53.742038,-2.612756,184,England,E12000002,E07000126
PR5 1,53.693045,-2.703461,316,England,E12000002,E07000126
PR5 2,53.695207,-2.682059,382,England,E12000002,E07000126
PR5 3,53.693863,-2.725291,292,England,E12000002,E07000126
PR5 4,53.740142,-2.665975,290,England,E12000002,E07000126
PR5 5,53.727068,-2.686471,268,England,E12000002,E07000126
PR5 6,53.728776,-2.658467,362,England,E12000002,E07000126
PR5 7,53.666897,-2.781145,91,England,E12000002,E07000118
PR5 8,53.716593,-2.64252,140,England,E12000002,E07000118
PR5 9,62.450245,-2.158499,69,England,E12000002,E07000126
PR6 0,53.654475,-2.619964,307,England,E12000002,E07000118
PR6 6,53.653198,-2.625206,305,England,E12000002,E07000118
PR6 7,53.684898,-2.635082,374,England,E12000002,E07000118
PR6 8,53.688158,-2.589773,328,England,E12000002,E07000118
PR6 9,53.631913,-2.600869,282,England,E12000002,E07000118
PR7 1,53.657469,-2.637142,301,England,E12000002,E07000118
PR7 2,53.64784,-2.639143,290,England,E12000002,E07000118
PR7 3,53.642129,-2.632072,275,England,E12000002,E07000118
PR7 4,53.62148,-2.628123,219,England,E12000002,E07000118
PR7 5,53.634678,-2.689818,359,England,E12000002,E07000118
PR7 6,53.665196,-2.670929,283,England,E12000002,E07000118
PR7 7,53.679198,-2.661307,197,England,E12000002,E07000118
PR8 1,53.644275,-3.005775,272,England,E12000002,E08000014
PR8 2,53.625482,-3.025782,330,England,E12000002,E08000014
PR8 3,53.603239,-3.029671,317,England,E12000002,E08000014
PR8 4,53.626257,-3.009637,286,England,E12000002,E08000014
PR8 5,53.631032,-2.986507,212,England,E12000002,E08000014
PR8 6,53.637334,-2.984559,333,England,E12000002,E08000014
PR8 9,53.628531,-2.987247,338,England,E12000002,E08000014
PR9 0,53.648845,-2.99804,342,England,E12000002,E08000014
PR9 7,53.649503,-2.969161,279,England,E12000002,E08000014
PR9 8,53.669901,-2.937074,293,England,E12000002,E07000127
PR9 9,53.660219,-2.976219,394,England,E12000002,E08000014
RG1 1,51.45692,-0.973121,315,England,E12000008,E06000038
RG1 2,51.451517,-0.970664,292,England,E12000008,E06000038
RG1 3,51.454171,-0.960342,322,England,E12000008,E06000038
RG1 4,51.453324,-0.963078,307,England,E12000008,E06000038
RG1 5,51.449521,-0.956922,306,England,E12000008,E06000038
RG1 6,51.448743,-0.982653,264,England,E12000008,E06000038
RG1 7,51.454542,-0.980087,381,England,E12000008,E06000038
RG1 8,51.46034,-0.976611,271,England,E12000008,E06000038
RG1 9,51.434792,-0.973191,398,England,E12000008,E06000038
RG10 0,51.464926,-0.854422,330,England,E12000008,E06000041
RG10 8,51.499131,-0.87714,229,England,E12000008,E06000041
RG10 9,51.481273,-0.872666,388,England,E12000008,E06000041
RG11 1,51.415858,-0.834175,371,England,E12000008,E06000041
RG11 2,51.408611,-0.842723,392,England,E12000008,E06000041
RG11 3,51.382647,-0.834301,251,England,E12000008,E06000041
RG11 4,51.385439,-0.86793,342,England,E12000008,E06000041
RG11 5,51.428139,-0.865573,326,England,E12000008,E06000041
RG11 6,51.373831,-0.804762,275,England,E12000008,E06000041
RG11 7,51.367223,-0.793962,185,England,E12000008,E06000036
RG11 9,51.413638,-0.863747,73,England,E12000008,E06000041
RG12 0,51.401383,-0.74149,137,England,E12000008,E06000036
RG12 1,51.417454,-0.761673,382,England,E12000008,E06000036
RG12 2,51.419094,-0.744606,340,England,E12000008,E06000036
RG12 3,51.404728,-0.735888,357,England,E12000008,E06000036
RG12 4,51.400845,-0.761849,395,England,E12000008,E06000036
RG12 5,51.432976,-0.781907,249,England,E12000008,E06000036
RG12 6,51.430638,-0.725751,291,England,E12000008,E06000036
RG12 7,51.401908,-0.756837,386,England,E12000008,E06000036
RG12 8,51.405354,-0.775309,314,England,E12000008,E06000036
RG12 9,51.409217,-0.739763,380,England,E12000008,E06000036
RG13 1,51.406761,-1.329091,285,England,E12000008,E06000037
RG13 2,51.408983,-1.30809,228,England,E12000008,E06000037
RG13 3,51.407622,-1.267844,124,England,E12000008,E06000037
RG13 4,51.401521,-1.256153,391,England,E12000008,E06000037
RG14 1,51.406141,-1.328536,352,England,E12000008,E06000037
RG14 2,51.409579,-1.309913,316,England,E12000008,E06000037
RG14 3,51.427609,-1.327844,41,England,E12000008,E06000037
RG14 5,51.399739,-1.319635,375,England,E12000008,E06000037
RG14 6,51.387122,-1.339246,284,England,E12000008,E06000037
RG14 7,51.39218,-1.317046,391,England,E12000008,E06000037
RG14 9,56.2365,-1.182725,311,England,E12000008,E06000037
RG15 0,51.38088,-1.42703,269,England,E12000008,E06000037
RG15 8,51.34662,-1.254279,276,England,E12000008,E07000084
RG15 9,51.345605,-1.35541,272,England,E12000008,E07000084
RG16 0,51.500891,-1.287685,257,England,E12000008,E06000037
RG16 7,51.494283,-1.509934,292,England,E12000008,E06000037
RG16 8,51.44815,-1.361766,250,England,E12000008,E06000037
RG16 9,51.440136,-1.276791,280,England,E12000008,E06000037
RG17 0,51.414283,-1.507444,369,England,E12000008,E06000037
RG17 1,52.09057,-1.493612,72,England,E12000008,E06000037
RG17 3,99.999999,0.0,1,England,,
RG17 7,51.477424,-1.489934,208,England,E12000008,E06000037
RG17 8,51.503517,-1.527765,136,England,E12000008,E06000037
RG17 9,51.391828,-1.458474,156,England,E12000008,E06000037
RG18 0,51.47274,-1.214285,87,England,E12000008,E06000037
RG18 3,51.410219,-1.253314,188,England,E12000008,E06000037
RG18 4,51.408971,-1.238527,126,England,E12000008,E06000037
RG18 9,51.44129,-1.258901,288,England,E12000008,E06000037
RG19 3,51.405539,-1.243109,210,England,E12000008,E06000037
RG19 4,51.400652,-1.234139,225,England,E12000008,E06000037
RG19 6,51.392187,-1.223847,27,England,E12000008,E06000037
RG19 8,51.37314,-1.254382,186,England,E12000008,E06000037
RG19 9,51.629132,-1.135736,220,England,E12000008,E06000037
RG2 0,51.43635,-0.972532,375,England,E12000008,E06000038
RG2 1,51.380103,-0.897796,2,England,E12000008,E06000041
RG2 6,51.424875,-0.98993,70,England,E12000008,E06000038
RG2 7,51.436732,-0.95878,282,England,E12000008,E06000038
RG2 8,51.423433,-0.960579,286,England,E12000008,E06000038
RG2 9,51.400621,-0.925444,391,England,E12000008,E06000041
RG20 0,51.372812,-1.390414,147,England,E12000008,E06000037
RG20 4,51.352705,-1.280035,91,England,E12000008,E07000084
RG20 5,51.33747,-1.258934,131,England,E12000008,E07000084
RG20 6,51.503596,-1.257162,60,England,E12000008,E06000037
RG20 7,51.505034,-1.331246,154,England,E12000008,E06000037
RG20 8,51.445728,-1.358154,281,England,E12000008,E06000037
RG20 9,51.352442,-1.35137,323,England,E12000008,E07000084
RG21 1,51.263329,-1.091937,365,England,E12000008,E07000084
RG21 2,51.270783,-1.086767,342,England,E12000008,E07000084
RG21 3,51.257608,-1.088608,251,England,E12000008,E07000084
RG21 4,51.26962,-1.084176,222,England,E12000008,E07000084
RG21 5,51.274273,-1.088772,182,England,E12000008,E07000084
RG21 6,51.27223,-1.102304,107,England,E12000008,E07000084
RG21 7,51.266625,-1.091844,297,England,E12000008,E07000084
RG21 8,51.264603,-1.09927,141,England,E12000008,E07000084
RG22 4,51.246651,-1.118196,391,England,E12000008,E07000084
RG22 5,51.252868,-1.134794,321,England,E12000008,E07000084
RG22 6,51.258288,-1.116532,310,England,E12000008,E07000084
RG23 7,51.243818,-1.16338,299,England,E12000008,E07000084
RG23 8,51.270631,-1.125996,213,England,E12000008,E07000084
RG24 0,51.279868,-1.055519,392,England,E12000008,E07000084
RG24 4,51.397246,-1.100639,397,England,E12000008,E07000084
RG24 7,51.270072,-1.048227,161,England,E12000008,E07000084
RG24 8,51.286052,-1.067174,386,England,E12000008,E07000084
RG24 9,51.283921,-1.100161,385,England,E12000008,E07000084
RG25 1,51.245177,-0.946831,256,England,E12000008,E07000089
RG25 2,51.222033,-1.095103,297,England,E12000008,E07000084
RG25 3,51.244105,-1.2574,195,England,E12000008,E07000084
RG26 3,51.354477,-1.127483,266,England,E12000008,E07000084
RG26 4,51.360621,-1.138397,153,England,E12000008,E07000084
RG26 5,51.335976,-1.112946,393,England,E12000008,E07000084
RG26 6,51.35166,-1.137535,328,England,E12000008,E07000084
RG26 9,52.048264,-1.129703,69,England,E12000008,E07000084
RG27 0,51.323027,-0.970518,297,England,E12000008,E07000084
RG27 7,51.988814,-0.951232,228,England,E12000008,E07000089
RG27 8,51.298403,-0.913071,393,England,E12000008,E07000089
RG27 9,51.283027,-0.963399,390,England,E12000008,E07000089
RG28 7,51.234707,-1.332546,275,England,E12000008,E07000084
RG28 8,51.230246,-1.343995,1,England,E12000008,E07000084
RG28 9,54.289564,-1.19784,16,England,E12000008,E07000084
RG29 1,51.249043,-0.947231,336,England,E12000008,E07000089
RG3 1,51.459443,-1.00012,166,England,E12000008,E06000038
RG3 2,51.452983,-1.003199,253,England,E12000008,E06000038
RG3 3,51.434036,-1.018205,242,England,E12000008,E06000038
RG3 4,51.453746,-1.026868,260,England,E12000008,E06000038
RG3 5,51.451862,-1.046563,371,England,E12000008,E06000037
RG3 6,51.467337,-1.037229,359,England,E12000008,E06000038
RG3 7,51.440423,-1.052545,74,England,E12000008,E06000037
RG30 1,51.459471,-0.998701,168,England,E12000008,E06000038
RG30 2,51.454355,-1.001021,343,England,E12000008,E06000038
RG30 3,51.437007,-1.015089,289,England,E12000008,E06000038
RG30 4,51.454369,-1.023127,329,England,E12000008,E06000038
RG30 6,51.463229,-1.021042,152,England,E12000008,E06000038
RG30 9,51.689131,-0.987178,212,England,E12000008,E06000038
RG31 4,51.448517,-1.045208,125,England,E12000008,E06000037
RG31 5,51.458433,-1.045246,205,England,E12000008,E06000038
RG31 6,51.468678,-1.03926,261,England,E12000008,E06000037
RG31 7,51.443509,-1.034579,212,England,E12000008,E06000037
RG4 0,51.474096,-0.944501,324,England,E12000008,E06000038
RG4 5,51.466351,-0.961692,186,England,E12000008,E06000038
RG4 6,51.473356,-0.942681,247,England,E12000008,E06000038
RG4 7,51.474755,-0.987636,349,England,E12000008,E06000038
RG4 8,51.474513,-0.968597,373,England,E12000008,E06000038
RG4 9,51.505766,-0.980992,262,England,E12000008,E07000179
RG40 1,51.413743,-0.826104,367,England,E12000008,E06000041
RG40 2,51.408585,-0.830279,204,England,E12000008,E06000041
RG40 3,51.386526,-0.831535,305,England,E12000008,E06000041
RG40 4,51.381604,-0.86719,322,England,E12000008,E06000041
RG40 5,51.423418,-0.824018,136,England,E12000008,E06000041
RG40 9,54.952313,-0.774521,343,England,E12000008,E06000041
RG41 1,51.42128,-0.847299,185,England,E12000008,E06000041
RG41 2,51.407431,-0.843932,237,England,E12000008,E06000041
RG41 3,51.41334,-0.855194,201,England,E12000008,E06000041
RG41 4,51.402046,-0.860071,152,England,E12000008,E06000041
RG41 5,51.425582,-0.870222,376,England,E12000008,E06000041
RG42 1,51.419928,-0.768624,154,England,E12000008,E06000036
RG42 2,51.42365,-0.754591,185,England,E12000008,E06000036
RG42 3,51.423417,-0.734326,170,England,E12000008,E06000036
RG42 4,51.42544,-0.781419,251,England,E12000008,E06000036
RG42 5,51.437947,-0.777553,151,England,E12000008,E06000036
RG42 6,51.437336,-0.734941,173,England,E12000008,E06000036
RG42 7,51.425159,-0.721649,64,England,E12000008,E06000036
RG42 9,53.658243,-0.734098,390,England,E12000008,E06000036
RG45 6,51.380313,-0.803641,383,England,E12000008,E06000041
RG45 7,51.371931,-0.795996,228,England,E12000008,E06000036
RG45 9,53.211076,-0.794653,27,England,E12000008,E06000041
RG5 3,51.450609,-0.91562,282,England,E12000008,E06000041
RG5 4,51.454459,-0.900692,393,England,E12000008,E06000041
RG6 1,51.452865,-0.935286,263,England,E12000008,E06000041
RG6 2,51.435029,-0.927437,328,England,E12000008,E06000041
RG6 3,51.433455,-0.914461,154,England,E12000008,E06000041
RG6 4,51.431847,-0.936036,216,England,E12000008,E06000041
RG6 5,51.43569,-0.937955,189,England,E12000008,E06000041
RG6 6,51.446006,-0.943871,108,England,E12000008,E06000041
RG6 7,51.441318,-0.925608,204,England,E12000008,E06000041
RG6 9,51.606068,-0.942715,327,England,E12000008,E06000041
RG7 1,51.385132,-0.968125,387,England,E12000008,E06000041
RG7 2,51.359616,-1.058747,180,England,E12000008,E07000084
RG7 3,51.387654,-1.059606,392,England,E12000008,E06000037
RG7 4,51.401039,-1.116768,347,England,E12000008,E06000037
RG7 5,51.420672,-1.129748,341,England,E12000008,E06000037
RG7 6,51.430656,-1.177307,263,England,E12000008,E06000037
RG7 8,51.367397,-1.148605,53,England,E12000008,E06000037
RG8 0,51.532259,-1.098628,323,England,E12000008,E07000179
RG8 1,52.650611,-1.113729,43,England,E12000008,E07000179
RG8 6,52.186654,-1.071553,69,England,E12000008,E06000037
RG8 7,51.491509,-1.083055,336,England,E12000008,E06000037
RG8 8,51.479433,-1.103206,277,England,E12000008,E06000037
RG8 9,51.519259,-1.149694,273,England,E12000008,E06000037
RG9 1,51.532469,-0.906367,384,England,E12000008,E07000179
RG9 2,51.539299,-0.905901,231,England,E12000008,E07000179
RG9 3,51.530625,-0.885737,207,England,E12000008,E07000179
RG9 4,51.522297,-0.927439,260,England,E12000008,E07000179
RG9 5,51.549433,-0.989444,281,England,E12000008,E07000179
RG9 6,51.583186,-0.909927,281,England,E12000008,E06000060
RG9 9,52.065596,-0.89412,183,England,E12000008,E07000179
RH1 1,51.2414,-0.168006,369,England,E12000008,E07000211
RH1 2,51.248257,-0.164711,254,England,E12000008,E07000211
RH1 3,51.257226,-0.14937,269,England,E12000008,E07000211
RH1 4,51.238496,-0.134514,267,England,E12000008,E07000215
RH1 5,51.214147,-0.155839,324,England,E12000008,E07000211
RH1 6,51.233127,-0.172018,356,England,E12000008,E07000211
RH1 9,55.835695,-0.149139,191,England,E12000008,E07000211
RH10 0,53.321247,-0.179668,377,England,E12000008,E07000226
RH10 1,51.117081,-0.179665,384,England,E12000008,E07000226
RH10 2,51.128748,-0.176235,387,England,E12000008,E07000226
RH10 3,51.133738,-0.136819,392,England,E12000008,E07000226
RH10 4,51.117214,-0.111429,395,England,E12000008,E07000228
RH10 5,51.102915,-0.182538,173,England,E12000008,E07000226
RH10 6,51.108795,-0.179548,329,England,E12000008,E07000226
RH10 7,51.111983,-0.155683,393,England,E12000008,E07000226
RH10 8,51.122581,-0.181988,179,England,E12000008,E07000226
RH10 9,51.289026,-0.1781,305,England,E12000008,E07000226
RH11 0,51.121741,-0.211579,325,England,E12000008,E07000226
RH11 6,51.105583,-0.222311,74,England,E12000008,E07000226
RH11 7,51.122334,-0.195991,375,England,E12000008,E07000226
RH11 8,51.108937,-0.207565,391,England,E12000008,E07000226
RH11 9,51.09726,-0.200745,383,England,E12000008,E07000226
RH12 0,51.100186,-0.237625,67,England,E12000008,E07000227
RH12 1,51.062918,-0.333841,373,England,E12000008,E07000227
RH12 2,51.070553,-0.329365,265,England,E12000008,E07000227
RH12 3,51.081504,-0.383922,384,England,E12000008,E07000227
RH12 4,51.083068,-0.298714,396,England,E12000008,E07000227
RH12 5,51.078459,-0.316323,254,England,E12000008,E07000227
RH12 6,51.093301,-0.301924,21,England,E12000008,E07000227
RH12 9,51.067292,-0.321831,371,England,E12000008,E07000227
RH13 0,51.050429,-0.380122,209,England,E12000008,E07000227
RH13 5,51.064398,-0.315219,370,England,E12000008,E07000227
RH13 6,51.054315,-0.29628,326,England,E12000008,E07000227
RH13 7,51.038647,-0.360541,380,England,E12000008,E07000227
RH13 8,50.985757,-0.317334,295,England,E12000008,E07000227
RH13 9,51.031908,-0.344575,286,England,E12000008,E07000227
RH14 0,51.0449,-0.51875,337,England,E12000008,E07000225
RH14 4,56.003724,-0.40594,59,England,E12000008,E07000227
RH14 9,51.021283,-0.450419,393,England,E12000008,E07000227
RH15 0,50.955521,-0.119183,393,England,E12000008,E07000228
RH15 5,59.730691,-0.126473,95,England,E12000008,E07000228
RH15 8,50.962226,-0.138337,387,England,E12000008,E07000228
RH15 9,50.95422,-0.144593,386,England,E12000008,E07000228
RH16 1,51.007495,-0.105833,354,England,E12000008,E07000228
RH16 2,51.009416,-0.084159,308,England,E12000008,E07000228
RH16 3,51.001278,-0.096491,379,England,E12000008,E07000228
RH16 4,50.992644,-0.106313,389,England,E12000008,E07000228
RH16 9,51.006022,-0.104258,321,England,E12000008,E07000228
RH17 1,51.013366,-0.096825,1,England,E12000008,E07000228
RH17 5,51.004532,-0.159514,335,England,E12000008,E07000228
RH17 6,51.048092,-0.139468,297,England,E12000008,E07000228
RH17 7,51.008419,-0.052559,300,England,E12000008,E07000228
RH18 5,51.100794,0.025177,233,England,E12000008,E07000065
RH19 1,51.128189,-0.019106,388,England,E12000008,E07000228
RH19 2,51.137051,-0.024294,348,England,E12000008,E07000228
RH19 3,51.127137,0.003385,393,England,E12000008,E07000228
RH19 4,51.112331,-0.01789,391,England,E12000008,E07000228
RH19 9,55.118853,-0.008921,306,England,E12000008,E07000228
RH2 0,51.2432,-0.195083,341,England,E12000008,E07000211
RH2 2,51.2407,-0.203479,192,England,E12000008,E07000211
RH2 7,51.23217,-0.197779,276,England,E12000008,E07000211
RH2 8,51.222979,-0.214335,243,England,E12000008,E07000211
RH2 9,51.242759,-0.208916,267,England,E12000008,E07000211
RH20 1,50.953087,-0.535212,262,England,E12000008,E07000227
RH20 2,50.952969,-0.479378,334,England,E12000008,E07000227
RH20 3,50.92618,-0.42514,298,England,E12000008,E07000227
RH20 4,50.917327,-0.451581,289,England,E12000008,E07000227
RH20 5,99.999999,0.0,1,England,,
RH20 6,56.727071,-0.443635,34,England,E12000008,E07000227
RH20 9,58.877377,-0.380747,37,England,E12000008,E07000227
RH3 7,51.23265,-0.284351,184,England,E12000008,E07000210
RH4 1,51.23546,-0.329776,342,England,E12000008,E07000210
RH4 2,51.226358,-0.329788,251,England,E12000008,E07000210
RH4 3,51.2261,-0.347046,271,England,E12000008,E07000210
RH4 9,51.233643,-0.32912,256,England,E12000008,E07000210
RH5 4,51.205109,-0.322326,298,England,E12000008,E07000210
RH5 5,51.162694,-0.336651,288,England,E12000008,E07000210
RH5 6,51.222898,-0.371343,261,England,E12000008,E07000210
RH6 0,51.161891,-0.182544,305,England,E12000008,E07000226
RH6 6,55.77835,-0.149038,106,England,E12000008,E07000211
RH6 7,51.17088,-0.16579,287,England,E12000008,E07000211
RH6 8,51.180361,-0.174244,342,England,E12000008,E07000211
RH6 9,51.172472,-0.145191,393,England,E12000008,E07000211
RH7 6,51.17458,-0.018473,301,England,E12000008,E07000215
RH7 7,99.999999,0.0,1,England,,
RH7 9,59.049138,-0.016551,31,England,E12000008,E07000215
RH77 1,51.138771,-0.169752,18,England,E12000008,E07000226
RH8 0,51.254746,0.005371,333,England,E12000008,E07000215
RH8 8,51.257515,-0.004568,121,England,E12000008,E07000215
RH8 9,51.247993,-0.006211,228,England,E12000008,E07000215
RH9 8,51.237025,-0.076567,199,England,E12000008,E07000215
RM1 1,51.577008,0.179081,215,England,E12000007,E09000016
RM1 2,51.57306,0.187572,208,England,E12000007,E09000016
RM1 3,51.5773,0.183181,223,England,E12000007,E09000016
RM1 4,51.589753,0.179473,295,England,E12000007,E09000016
RM10 7,51.554374,0.156363,268,England,E12000007,E09000002
RM10 8,51.54468,0.157321,302,England,E12000007,E09000002
RM10 9,51.537241,0.156051,245,England,E12000007,E09000002
RM11 1,51.566134,0.20716,312,England,E12000007,E09000016
RM11 2,51.576186,0.218848,265,England,E12000007,E09000016
RM11 3,51.567428,0.229321,287,England,E12000007,E09000016
RM12 3,51.56135,0.19432,1,England,E12000007,E09000016
RM12 4,51.558049,0.202991,365,England,E12000007,E09000016
RM12 5,51.546458,0.202357,210,England,E12000007,E09000016
RM12 6,51.553444,0.219684,270,England,E12000007,E09000016
RM12 9,60.695926,0.17558,175,England,E12000007,E09000016
RM13 0,55.975112,0.174495,87,England,E12000007,E09000016
RM13 7,51.53406,0.190566,213,England,E12000007,E09000016
RM13 8,51.523238,0.180335,356,England,E12000007,E09000016
RM13 9,51.518338,0.202627,365,England,E12000007,E09000016
RM14 1,51.565218,0.262533,300,England,E12000007,E09000016
RM14 2,51.550924,0.24522,299,England,E12000007,E09000016
RM14 3,51.552198,0.284592,235,England,E12000007,E09000016
RM14 9,55.845163,0.224763,79,England,E12000007,E09000016
RM15 4,51.502145,0.253101,225,England,E12000006,E06000034
RM15 5,51.510092,0.28283,301,England,E12000006,E06000034
RM15 6,51.514675,0.293039,219,England,E12000006,E06000034
RM15 9,54.689346,0.26272,61,England,E12000006,E06000034
RM16 1,51.481148,0.270444,350,England,E12000006,E06000034
RM16 2,51.494076,0.334952,264,England,E12000006,E06000034
RM16 3,51.50448,0.364901,149,England,E12000006,E06000034
RM16 4,51.485841,0.3662,236,England,E12000006,E06000034
RM16 5,51.498174,0.303627,23,England,E12000006,E06000034
RM16 6,51.486655,0.305345,221,England,E12000006,E06000034
RM17 5,51.48287,0.325535,337,England,E12000006,E06000034
RM17 6,51.476616,0.329558,357,England,E12000006,E06000034
RM17 9,51.479632,0.321607,285,England,E12000006,E06000034
RM18 7,51.462688,0.353002,196,England,E12000006,E06000034
RM18 8,51.471068,0.382743,285,England,E12000006,E06000034
RM19 1,51.482499,0.252305,180,England,E12000006,E06000034
RM2 5,51.581377,0.194372,218,England,E12000007,E09000016
RM2 6,51.583825,0.205081,193,England,E12000007,E09000016
RM20 1,51.485987,0.276805,10,England,E12000006,E06000034
RM20 2,51.486425,0.283428,17,England,E12000006,E06000034
RM20 3,51.478263,0.279059,142,England,E12000006,E06000034
RM20 4,51.477448,0.300319,87,England,E12000006,E06000034
RM3 0,51.595031,0.231358,361,England,E12000007,E09000016
RM3 3,56.142512,0.202889,96,England,E12000007,E09000016
RM3 7,51.605993,0.21288,257,England,E12000007,E09000016
RM3 8,51.602014,0.220018,360,England,E12000007,E09000016
RM3 9,51.60733,0.231279,281,England,E12000007,E09000016
RM4 1,51.633388,0.162144,226,England,E12000006,E07000072
RM5 2,51.60126,0.159672,220,England,E12000007,E09000016
RM5 3,51.595576,0.16991,270,England,E12000007,E09000016
RM50 1,51.570252,0.170664,3,England,E12000007,E09000016
RM50 2,51.570252,0.170664,9,England,E12000007,E09000016
RM50 4,51.570252,0.170664,3,England,E12000007,E09000016
RM6 4,51.572086,0.126361,302,England,E12000007,E09000026
RM6 5,51.581628,0.134648,209,England,E12000007,E09000002
RM6 6,51.573011,0.141631,252,England,E12000007,E09000002
RM7 0,51.566116,0.17336,307,England,E12000007,E09000016
RM7 1,51.570343,0.17086,392,England,E12000007,E09000016
RM7 7,51.579157,0.170696,162,England,E12000007,E09000016
RM7 8,51.587292,0.160732,162,England,E12000007,E09000016
RM7 9,51.573511,0.167493,160,England,E12000007,E09000016
RM8 1,51.563224,0.137678,296,England,E12000007,E09000002
RM8 2,51.55172,0.1215,313,England,E12000007,E09000002
RM8 3,51.556627,0.135377,196,England,E12000007,E09000002
RM9 4,51.538835,0.120742,210,England,E12000007,E09000002
RM9 5,51.548703,0.140198,215,England,E12000007,E09000002
RM9 6,51.533764,0.1422,284,England,E12000007,E09000002
RM9 9,51.553618,0.1422,311,England,E12000007,E09000002
S1 1,53.382409,-1.466624,380,England,E12000003,E08000039
S1 2,53.381549,-1.46787,317,England,E12000003,E08000039
S1 3,53.379236,-1.472861,260,England,E12000003,E08000039
S1 4,53.378659,-1.47335,368,England,E12000003,E08000039
S1 9,53.381269,-1.465203,165,England,E12000003,E08000039
S10 1,53.383396,-1.506627,323,England,E12000003,E08000039
S10 2,53.377545,-1.495362,295,England,E12000003,E08000039
S10 3,53.372006,-1.523415,296,England,E12000003,E08000039
S10 4,53.369906,-1.55367,182,England,E12000003,E08000039
S10 5,53.378628,-1.520699,244,England,E12000003,E08000039
S10 9,53.379227,-1.516162,145,England,E12000003,E08000039
S11 0,53.363499,-1.508446,127,England,E12000003,E08000039
S11 7,53.357667,-1.520829,268,England,E12000003,E08000039
S11 8,53.36704,-1.495887,384,England,E12000003,E08000039
S11 9,53.354642,-1.511484,313,England,E12000003,E08000039
S12 2,53.354031,-1.423712,293,England,E12000003,E08000039
S12 3,53.342055,-1.41329,178,England,E12000003,E08000039
S12 4,53.347719,-1.388,293,England,E12000003,E08000039
S12 9,54.445119,-1.391945,86,England,E12000003,E08000039
S13 7,53.358867,-1.373255,217,England,E12000003,E08000039
S13 8,53.365448,-1.401476,268,England,E12000003,E08000039
S13 9,53.370111,-1.37397,209,England,E12000003,E08000039
S14 1,53.347135,-1.444891,208,England,E12000003,E08000039
S17 3,53.324814,-1.533055,264,England,E12000003,E08000039
S17 4,53.318905,-1.52014,223,England,E12000003,E08000039
S17 9,53.326134,-1.517368,70,England,E12000003,E08000039
S18 1,53.298189,-1.469945,193,England,E12000004,E07000038
S18 2,53.305049,-1.463807,164,England,E12000004,E07000038
S18 3,53.31079,-1.454348,54,England,E12000004,E07000038
S18 4,53.293211,-1.436956,62,England,E12000004,E07000038
S18 5,53.295083,-1.485507,250,England,E12000004,E07000038
S18 6,53.302542,-1.467828,343,England,E12000004,E07000038
S18 7,53.281772,-1.502132,67,England,E12000004,E07000038
S18 8,53.301968,-1.492043,178,England,E12000004,E07000038
S18 9,55.726017,-1.377229,77,England,E12000004,E07000038
S19 5,53.326368,-1.35407,270,England,E12000003,E08000039
S19 6,53.341846,-1.349346,297,England,E12000003,E08000039
S2 1,53.369984,-1.426821,313,England,E12000003,E08000039
S2 2,53.36698,-1.44652,265,England,E12000003,E08000039
S2 3,53.364328,-1.458246,263,England,E12000003,E08000039
S2 4,53.370606,-1.469908,249,England,E12000003,E08000039
S2 5,53.38054,-1.451985,293,England,E12000003,E08000039
S2 9,53.676572,-1.454662,158,England,E12000003,E08000039
S20 1,53.345862,-1.341036,140,England,E12000003,E08000039
S20 2,53.338277,-1.334977,82,England,E12000003,E08000039
S20 3,53.330281,-1.337185,38,England,E12000003,E08000039
S20 4,53.322715,-1.348459,100,England,E12000003,E08000039
S20 5,53.327394,-1.364212,132,England,E12000003,E08000039
S20 6,53.339851,-1.375825,75,England,E12000003,E08000039
S20 7,53.338031,-1.352565,94,England,E12000003,E08000039
S20 8,53.330411,-1.348804,90,England,E12000003,E08000039
S20 9,53.332453,-1.338922,107,England,E12000003,E08000039
S21 1,53.320294,-1.318795,208,England,E12000004,E07000038
S21 2,53.32727,-1.306297,34,England,E12000004,E07000038
S21 3,53.297728,-1.326012,59,England,E12000004,E07000038
S21 4,53.308898,-1.362993,195,England,E12000004,E07000038
S21 5,53.306757,-1.390569,29,England,E12000004,E07000038
S25 1,53.387816,-1.219212,40,England,E12000003,E08000018
S25 2,53.37058,-1.208308,249,England,E12000003,E08000018
S25 3,53.377311,-1.229461,74,England,E12000003,E08000018
S25 4,53.360974,-1.219513,143,England,E12000003,E08000018
S25 5,53.35179,-1.224918,68,England,E12000003,E08000018
S25 9,53.36546,-1.235592,98,England,E12000003,E08000018
S26 1,53.357309,-1.256647,49,England,E12000003,E08000018
S26 2,53.363452,-1.300932,138,England,E12000003,E08000018
S26 3,53.377653,-1.307084,62,England,E12000003,E08000018
S26 4,53.36563,-1.315293,124,England,E12000003,E08000018
S26 5,53.344575,-1.278648,98,England,E12000003,E08000018
S26 6,53.34584,-1.256689,91,England,E12000003,E08000018
S26 7,53.320806,-1.264468,68,England,E12000003,E08000018
S3 7,53.382206,-1.479391,362,England,E12000003,E08000039
S3 8,53.387679,-1.469969,310,England,E12000003,E08000039
S3 9,53.393829,-1.466419,187,England,E12000003,E08000039
S30 1,53.296247,-1.651947,191,England,E12000004,E07000035
S30 2,53.343669,-1.739727,145,England,E12000004,E07000037
S30 3,53.438855,-1.506931,324,England,E12000003,E08000039
S30 4,53.466751,-1.482767,397,England,E12000003,E08000039
S30 5,53.480066,-1.594792,297,England,E12000003,E08000039
S30 6,53.525324,-1.635917,298,England,E12000003,E08000038
S30 7,53.495979,-1.546213,65,England,E12000003,E08000038
S31 0,53.363367,-1.304309,285,England,E12000003,E08000018
S31 7,53.364755,-1.216024,374,England,E12000003,E08000018
S31 8,53.327583,-1.291267,368,England,E12000003,E08000018
S31 9,53.304365,-1.35879,226,England,E12000004,E07000038
S32 1,53.329308,-1.654507,76,England,E12000004,E07000035
S32 2,53.29782,-1.624306,40,England,E12000004,E07000035
S32 3,53.270363,-1.631638,74,England,E12000004,E07000035
S32 4,53.274381,-1.660946,28,England,E12000004,E07000035
S32 5,53.287748,-1.657649,52,England,E12000004,E07000035
S33 0,53.352161,-1.692888,58,England,E12000004,E07000037
S33 6,53.347255,-1.729074,42,England,E12000004,E07000037
S33 7,53.364776,-1.806164,14,England,E12000004,E07000037
S33 8,53.344795,-1.768514,28,England,E12000004,E07000037
S33 9,53.328095,-1.741877,69,England,E12000004,E07000035
S35 0,53.433194,-1.53978,181,England,E12000003,E08000039
S35 1,53.459289,-1.475107,156,England,E12000003,E08000039
S35 2,53.466021,-1.472952,143,England,E12000003,E08000039
S35 3,53.4686,-1.481394,57,England,E12000003,E08000039
S35 4,53.472247,-1.49232,143,England,E12000003,E08000039
S35 5,53.461109,-1.46992,57,England,E12000003,E08000039
S35 7,53.497534,-1.548247,98,England,E12000003,E08000038
S35 8,53.44292,-1.49548,110,England,E12000003,E08000039
S35 9,53.441679,-1.46229,113,England,E12000003,E08000039
S36 0,56.139682,-1.502567,35,England,E12000003,E08000039
S36 1,53.480327,-1.600738,145,England,E12000003,E08000039
S36 2,53.47794,-1.579254,195,England,E12000003,E08000039
S36 3,53.466626,-1.59134,14,England,E12000003,E08000039
S36 4,53.503072,-1.674971,40,England,E12000003,E08000038
S36 6,53.523114,-1.628225,187,England,E12000003,E08000038
S36 7,53.53931,-1.628728,84,England,E12000003,E08000038
S36 8,53.523409,-1.613062,96,England,E12000003,E08000038
S36 9,53.523859,-1.651024,147,England,E12000003,E08000038
S4 7,53.393466,-1.456143,287,England,E12000003,E08000039
S4 8,53.405029,-1.443442,167,England,E12000003,E08000039
S40 1,53.236849,-1.434917,336,England,E12000004,E07000034
S40 2,53.226933,-1.435923,349,England,E12000004,E07000034
S40 3,53.228815,-1.457326,299,England,E12000004,E07000034
S40 4,53.24376,-1.455043,363,England,E12000004,E07000034
S40 9,53.235782,-1.43415,336,England,E12000004,E07000034
S41 0,53.227571,-1.41207,346,England,E12000004,E07000034
S41 7,53.242921,-1.429975,313,England,E12000004,E07000034
S41 8,53.255553,-1.443735,329,England,E12000004,E07000034
S41 9,53.266063,-1.431912,264,England,E12000004,E07000034
S42 5,53.190198,-1.380447,388,England,E12000004,E07000038
S42 6,53.196686,-1.426467,393,England,E12000004,E07000038
S42 7,53.231475,-1.485748,188,England,E12000004,E07000038
S43 1,53.256183,-1.395845,233,England,E12000004,E07000034
S43 2,53.2714,-1.390809,189,England,E12000004,E07000034
S43 3,53.26191,-1.353016,390,England,E12000004,E07000034
S43 4,53.278512,-1.272982,386,England,E12000004,E07000033
S43 9,53.672758,-1.317014,117,England,E12000004,E07000034
S44 5,53.219349,-1.342265,314,England,E12000004,E07000038
S44 6,53.23095,-1.29073,396,England,E12000004,E07000033
S44 9,53.229819,-1.292205,63,England,E12000004,E07000033
S45 0,53.17094,-1.484034,134,England,E12000004,E07000038
S45 8,53.162602,-1.369221,112,England,E12000004,E07000038
S45 9,53.168416,-1.41162,324,England,E12000004,E07000038
S49 1,53.235222,-1.434811,29,England,E12000004,E07000034
S5 0,53.43085,-1.447543,224,England,E12000003,E08000039
S5 5,53.423263,-1.454131,55,England,E12000003,E08000039
S5 6,53.417605,-1.445804,251,England,E12000003,E08000039
S5 7,53.417495,-1.46503,272,England,E12000003,E08000039
S5 8,53.417086,-1.481148,266,England,E12000003,E08000039
S5 9,53.432607,-1.473014,192,England,E12000003,E08000039
S6 1,53.419153,-1.502945,301,England,E12000003,E08000039
S6 2,53.400323,-1.495495,300,England,E12000003,E08000039
S6 3,53.391615,-1.490323,241,England,E12000003,E08000039
S6 4,53.405575,-1.51034,311,England,E12000003,E08000039
S6 5,53.393779,-1.52062,243,England,E12000003,E08000039
S6 6,53.400614,-1.552073,233,England,E12000003,E08000039
S6 9,53.733477,-1.481671,140,England,E12000003,E08000039
S60 1,53.430792,-1.360473,311,England,E12000003,E08000018
S60 2,53.423644,-1.351837,296,England,E12000003,E08000018
S60 3,53.414362,-1.336277,207,England,E12000003,E08000018
S60 4,53.410296,-1.323257,166,England,E12000003,E08000018
S60 5,53.398344,-1.3637,350,England,E12000003,E08000018
S60 8,53.38281,-1.368888,104,England,E12000003,E08000018
S60 9,53.431009,-1.356672,281,England,E12000003,E08000018
S61 1,53.433325,-1.38277,213,England,E12000003,E08000018
S61 2,53.443214,-1.411575,340,England,E12000003,E08000018
S61 3,53.444061,-1.393126,233,England,E12000003,E08000018
S61 4,53.4514,-1.375904,225,England,E12000003,E08000018
S62 5,53.466638,-1.326806,261,England,E12000003,E08000018
S62 6,53.456582,-1.342919,202,England,E12000003,E08000018
S62 7,53.472716,-1.363063,285,England,E12000003,E08000018
S63 0,53.54506,-1.312796,286,England,E12000003,E08000038
S63 3,53.812303,-1.320245,151,England,E12000003,E08000018
S63 5,53.505593,-1.331883,24,England,E12000003,E08000018
S63 6,53.503502,-1.361857,281,England,E12000003,E08000018
S63 7,53.500024,-1.340259,309,England,E12000003,E08000018
S63 8,53.518583,-1.319699,193,England,E12000003,E08000038
S63 9,53.529815,-1.307285,247,England,E12000003,E08000038
S64 0,53.498212,-1.277319,220,England,E12000003,E08000017
S64 5,53.476071,-1.307593,66,England,E12000003,E08000018
S64 8,53.486207,-1.316809,313,England,E12000003,E08000018
S64 9,53.496183,-1.295497,222,England,E12000003,E08000017
S65 1,53.43499,-1.346009,245,England,E12000003,E08000018
S65 2,53.43105,-1.334117,277,England,E12000003,E08000018
S65 3,53.432436,-1.318291,219,England,E12000003,E08000018
S65 4,53.445565,-1.287496,275,England,E12000003,E08000018
S66 0,53.423907,-1.275694,372,England,E12000003,E08000018
S66 1,53.418756,-1.280302,179,England,E12000003,E08000018
S66 2,53.425561,-1.28095,199,England,E12000003,E08000018
S66 3,53.432269,-1.281725,122,England,E12000003,E08000018
S66 6,53.42362,-1.195886,24,England,E12000003,E08000018
S66 7,53.428814,-1.195453,267,England,E12000003,E08000018
S66 8,53.424643,-1.216849,281,England,E12000003,E08000018
S66 9,53.39411,-1.26033,208,England,E12000003,E08000018
S69 5,99.999999,0.0,1,England,,
S7 1,53.360418,-1.483194,243,England,E12000003,E08000039
S7 2,53.347998,-1.497735,208,England,E12000003,E08000039
S70 1,53.549175,-1.479311,304,England,E12000003,E08000038
S70 2,53.55423,-1.483771,249,England,E12000003,E08000038
S70 3,53.543668,-1.451278,226,England,E12000003,E08000038
S70 4,53.53926,-1.467454,259,England,E12000003,E08000038
S70 5,53.522187,-1.473418,286,England,E12000003,E08000038
S70 6,53.546761,-1.494064,273,England,E12000003,E08000038
S70 9,53.551962,-1.482645,279,England,E12000003,E08000038
S71 1,53.563087,-1.474845,293,England,E12000003,E08000038
S71 2,53.566902,-1.454365,268,England,E12000003,E08000038
S71 3,53.580121,-1.465731,291,England,E12000003,E08000038
S71 4,53.597545,-1.455777,300,England,E12000003,E08000038
S71 5,53.555982,-1.43319,262,England,E12000003,E08000038
S72 0,53.549047,-1.350986,110,England,E12000003,E08000038
S72 7,53.576511,-1.379114,182,England,E12000003,E08000038
S72 8,53.578385,-1.415218,374,England,E12000003,E08000038
S72 9,53.59594,-1.39367,172,England,E12000003,E08000038
S73 0,53.516111,-1.394482,365,England,E12000003,E08000038
S73 3,54.338333,-1.374039,57,England,E12000003,E08000038
S73 8,53.526359,-1.408601,280,England,E12000003,E08000038
S73 9,53.535172,-1.38003,220,England,E12000003,E08000038
S74 0,53.501807,-1.449584,243,England,E12000003,E08000038
S74 8,53.499737,-1.421415,107,England,E12000003,E08000038
S74 9,53.502769,-1.440473,236,England,E12000003,E08000038
S75 1,53.564539,-1.508234,244,England,E12000003,E08000038
S75 2,53.558142,-1.500502,280,England,E12000003,E08000038
S75 3,53.53108,-1.512067,313,England,E12000003,E08000038
S75 4,53.554477,-1.564435,240,England,E12000003,E08000038
S75 5,53.585408,-1.529483,258,England,E12000003,E08000038
S75 6,53.586049,-1.502619,226,England,E12000003,E08000038
S8 0,53.347641,-1.485106,354,England,E12000003,E08000039
S8 2,53.58409,-1.476945,200,England,E12000003,E08000039
S8 7,53.327408,-1.485781,267,England,E12000003,E08000039
S8 8,53.336914,-1.469143,276,England,E12000003,E08000039
S8 9,53.354331,-1.47181,231,England,E12000003,E08000039
S80 1,53.305966,-1.125507,332,England,E12000004,E07000171
S80 2,53.301178,-1.111715,304,England,E12000004,E07000171
S80 3,53.297284,-1.146424,241,England,E12000004,E07000171
S80 4,53.273807,-1.208851,353,England,E12000004,E07000033
S80 7,53.312867,-1.127922,1,England,E12000004,E07000171
S80 9,53.304527,-1.122836,158,England,E12000004,E07000171
S81 0,53.318994,-1.108429,335,England,E12000004,E07000171
S81 7,53.323204,-1.129135,301,England,E12000004,E07000171
S81 8,53.346821,-1.137308,351,England,E12000004,E07000171
S81 9,53.36282,-1.120493,310,England,E12000004,E07000171
S9 1,53.412634,-1.4143,346,England,E12000003,E08000039
S9 2,53.398809,-1.429238,178,England,E12000003,E08000039
S9 3,53.390855,-1.430685,273,England,E12000003,E08000039
S9 4,53.383456,-1.414964,230,England,E12000003,E08000039
S9 5,53.391321,-1.413443,168,England,E12000003,E08000039
S9 9,53.392442,-1.43664,50,England,E12000003,E08000039
S94 1,99.999999,0.0,2,England,,
S95 1,53.414362,-1.410957,46,England,E12000003,E08000039
S96 5,53.403008,-1.427026,30,England,E12000003,E08000039
S97 3,53.497747,-1.343144,48,England,E12000003,E08000018
S98 1,53.404263,-1.430852,320,England,E12000003,E08000039
S98 6,53.396662,-1.441983,3,England,E12000003,E08000039
S99 1,55.268064,-1.373814,25,England,E12000003,E08000039
S99 2,63.389098,-1.124349,14,England,E12000003,E08000039
S99 3,65.053234,-1.073255,4,England,E12000003,E08000039
SA1 1,51.627871,-3.938388,381,Wales,W99999999,W06000011
SA1 2,51.635631,-3.938624,214,Wales,W99999999,W06000011
SA1 3,51.620615,-3.944728,256,Wales,W99999999,W06000011
SA1 4,51.619463,-3.954835,187,Wales,W99999999,W06000011
SA1 5,51.623077,-3.946897,259,Wales,W99999999,W06000011
SA1 6,51.628172,-3.9548,343,Wales,W99999999,W06000011
SA1 7,51.643637,-3.912518,168,Wales,W99999999,W06000011
SA1 8,51.623191,-3.919405,233,Wales,W99999999,W06000011
SA1 9,51.643784,-3.926885,335,Wales,W99999999,W06000011
SA10 6,51.656276,-3.845832,304,Wales,W99999999,W06000012
SA10 7,51.671292,-3.820037,277,Wales,W99999999,W06000012
SA10 8,51.697431,-3.775544,194,Wales,W99999999,W06000012
SA10 9,51.772604,-3.693574,128,Wales,W99999999,W06000012
SA11 1,51.65867,-3.804315,304,Wales,W99999999,W06000012
SA11 2,51.64182,-3.817037,267,Wales,W99999999,W06000012
SA11 3,51.661047,-3.788735,319,Wales,W99999999,W06000012
SA11 4,51.704396,-3.709483,119,Wales,W99999999,W06000012
SA11 5,51.745342,-3.629018,197,Wales,W99999999,W06000012
SA11 9,60.51234,-3.109888,71,Wales,W99999999,W06000012
SA12 6,51.594603,-3.800125,280,Wales,W99999999,W06000012
SA12 7,51.603364,-3.818587,225,Wales,W99999999,W06000012
SA12 8,51.613909,-3.801125,186,Wales,W99999999,W06000012
SA12 9,51.622959,-3.757276,208,Wales,W99999999,W06000012
SA13 1,51.593596,-3.779609,325,Wales,W99999999,W06000012
SA13 2,51.581483,-3.74944,261,Wales,W99999999,W06000012
SA13 3,51.656914,-3.634528,196,Wales,W99999999,W06000012
SA13 9,51.59261,-3.779218,87,Wales,W99999999,W06000012
SA14 6,51.776604,-4.103122,208,Wales,W99999999,W06000010
SA14 7,51.802414,-4.088156,218,Wales,W99999999,W06000010
SA14 8,51.698659,-4.121838,343,Wales,W99999999,W06000010
SA14 9,51.679177,-4.115288,247,Wales,W99999999,W06000010
SA15 1,51.679574,-4.154473,298,Wales,W99999999,W06000010
SA15 2,51.673203,-4.161094,238,Wales,W99999999,W06000010
SA15 3,51.686305,-4.159412,277,Wales,W99999999,W06000010
SA15 4,51.693257,-4.182041,176,Wales,W99999999,W06000010
SA15 5,51.762276,-4.189087,231,Wales,W99999999,W06000010
SA15 9,58.583422,-3.571514,98,Wales,W99999999,W06000010
SA16 0,51.689034,-4.254384,288,Wales,W99999999,W06000010
SA17 4,51.737028,-4.269344,234,Wales,W99999999,W06000010
SA17 5,51.771662,-4.300971,248,Wales,W99999999,W06000010
SA18 1,51.799083,-3.889414,258,Wales,W99999999,W06000010
SA18 2,51.798422,-3.971596,311,Wales,W99999999,W06000010
SA18 3,51.795722,-4.011931,325,Wales,W99999999,W06000010
SA18 9,57.463223,-3.515646,34,Wales,W99999999,W06000010
SA19 0,51.891408,-3.988493,24,Wales,W99999999,W06000010
SA19 6,51.881886,-3.985686,222,Wales,W99999999,W06000010
SA19 7,51.955742,-4.003042,266,Wales,W99999999,W06000010
SA19 8,52.022912,-3.937795,273,Wales,W99999999,W06000010
SA19 9,51.916643,-3.855456,194,Wales,W99999999,W06000010
SA2 0,51.623283,-3.969605,327,Wales,W99999999,W06000011
SA2 6,51.625928,-3.948822,1,Wales,W99999999,W06000011
SA2 7,51.622092,-4.021389,273,Wales,W99999999,W06000011
SA2 8,51.615802,-3.989078,180,Wales,W99999999,W06000011
SA2 9,51.623141,-3.986797,186,Wales,W99999999,W06000011
SA20 0,52.00969,-3.788304,267,Wales,W99999999,W06000010
SA20 9,51.993753,-3.791739,2,Wales,W99999999,W06000010
SA3 1,51.585769,-4.20064,148,Wales,W99999999,W06000011
SA3 2,51.575792,-4.081695,72,Wales,W99999999,W06000011
SA3 3,51.579669,-4.039735,103,Wales,W99999999,W06000011
SA3 4,51.575105,-4.002078,338,Wales,W99999999,W06000011
SA3 5,51.586313,-4.006452,264,Wales,W99999999,W06000011
SA3 9,51.626277,-3.945811,54,Wales,W99999999,W06000011
SA31 1,51.859547,-4.308414,302,Wales,W99999999,W06000010
SA31 2,51.856867,-4.291601,186,Wales,W99999999,W06000010
SA31 3,51.853469,-4.323662,262,Wales,W99999999,W06000010
SA31 9,51.85096,-4.305551,101,Wales,W99999999,W06000010
SA32 7,51.919267,-4.182814,237,Wales,W99999999,W06000010
SA32 8,51.848633,-4.159623,194,Wales,W99999999,W06000010
SA33 4,51.797109,-4.497876,257,Wales,W99999999,W06000010
SA33 5,51.829742,-4.404161,210,Wales,W99999999,W06000010
SA33 6,51.922754,-4.389719,239,Wales,W99999999,W06000010
SA34 0,51.85071,-4.618461,252,Wales,W99999999,W06000010
SA34 9,99.999999,0.0,2,Wales,W99999999,
SA35 0,51.973652,-4.56081,45,Wales,W99999999,W06000009
SA36 0,51.957754,-4.608361,11,Wales,W99999999,W06000009
SA37 0,52.017934,-4.595716,64,Wales,W99999999,W06000009
SA38 9,52.041474,-4.470137,220,Wales,W99999999,W06000010
SA39 9,52.020572,-4.248611,124,Wales,W99999999,W06000010
SA4 0,51.720849,-4.054105,100,Wales,W99999999,W06000010
SA4 1,51.699775,-4.02827,393,Wales,W99999999,W06000011
SA4 2,51.668571,-4.047216,368,Wales,W99999999,W06000011
SA4 3,51.639501,-4.074701,354,Wales,W99999999,W06000011
SA4 4,51.668386,-4.039742,306,Wales,W99999999,W06000011
SA4 5,57.524957,-3.530068,66,Wales,W99999999,W06000011
SA4 6,51.663507,-4.055481,162,Wales,W99999999,W06000011
SA4 8,51.711934,-4.032824,193,Wales,W99999999,W06000011
SA4 9,51.675204,-4.00635,191,Wales,W99999999,W06000011
SA40 9,52.085047,-4.169491,124,Wales,W99999999,W06000010
SA41 3,51.998089,-4.703597,118,Wales,W99999999,W06000009
SA42 0,52.015627,-4.853312,161,Wales,W99999999,W06000009
SA43 1,52.092291,-4.647647,256,Wales,W99999999,W06000008
SA43 2,52.088355,-4.584964,261,Wales,W99999999,W06000008
SA43 3,52.07498,-4.685861,149,Wales,W99999999,W06000009
SA43 9,52.082685,-4.657185,19,Wales,W99999999,W06000008
SA44 4,52.067066,-4.317498,282,Wales,W99999999,W06000008
SA44 5,52.049619,-4.388948,278,Wales,W99999999,W06000008
SA44 6,52.151684,-4.416292,209,Wales,W99999999,W06000008
SA44 9,62.331121,-3.412167,28,Wales,W99999999,W06000008
SA45 9,52.205691,-4.358163,104,Wales,W99999999,W06000008
SA46 0,52.229857,-4.245148,151,Wales,W99999999,W06000008
SA47 0,52.190789,-4.296963,78,Wales,W99999999,W06000008
SA48 7,52.13692,-4.134365,231,Wales,W99999999,W06000008
SA48 8,52.150157,-4.087767,210,Wales,W99999999,W06000008
SA48 9,52.123506,-4.088237,30,Wales,W99999999,W06000008
SA5 4,51.644513,-3.996911,215,Wales,W99999999,W06000011
SA5 5,51.649924,-3.974233,188,Wales,W99999999,W06000011
SA5 7,51.664642,-3.960419,174,Wales,W99999999,W06000011
SA5 8,51.639468,-3.960269,187,Wales,W99999999,W06000011
SA5 9,51.646592,-3.947028,172,Wales,W99999999,W06000011
SA6 5,51.700241,-3.897749,247,Wales,W99999999,W06000011
SA6 6,51.674569,-3.929786,307,Wales,W99999999,W06000011
SA6 7,51.663068,-3.937155,159,Wales,W99999999,W06000011
SA6 8,51.657639,-3.924802,243,Wales,W99999999,W06000011
SA61 1,51.79555,-4.975896,309,Wales,W99999999,W06000009
SA61 2,51.804273,-4.972386,289,Wales,W99999999,W06000009
SA61 9,51.792818,-4.97883,69,Wales,W99999999,W06000009
SA62 3,51.759977,-5.080088,281,Wales,W99999999,W06000009
SA62 4,51.789584,-4.928219,195,Wales,W99999999,W06000009
SA62 5,51.914925,-5.022147,288,Wales,W99999999,W06000009
SA62 6,51.871218,-5.159772,317,Wales,W99999999,W06000009
SA63 4,51.870259,-4.862202,95,Wales,W99999999,W06000009
SA64 0,52.002014,-5.010774,112,Wales,W99999999,W06000009
SA65 0,51.996079,-4.977547,14,Wales,W99999999,W06000009
SA65 9,51.988387,-4.970089,230,Wales,W99999999,W06000009
SA66 7,51.877725,-4.745179,179,Wales,W99999999,W06000009
SA67 7,51.803272,-4.734712,122,Wales,W99999999,W06000009
SA67 8,51.77622,-4.733211,277,Wales,W99999999,W06000009
SA67 9,54.909638,-4.437468,31,Wales,W99999999,W06000009
SA68 0,51.731048,-4.763618,166,Wales,W99999999,W06000009
SA69 9,51.709632,-4.706914,173,Wales,W99999999,W06000009
SA7 0,51.670662,-3.900705,48,Wales,W99999999,W06000011
SA7 4,51.70444,-4.706291,1,Wales,W99999999,W06000009
SA7 9,51.662092,-3.890976,384,Wales,W99999999,W06000011
SA70 7,51.665518,-4.718682,278,Wales,W99999999,W06000009
SA70 8,51.679435,-4.756225,247,Wales,W99999999,W06000009
SA70 9,56.275409,-4.255357,21,Wales,W99999999,W06000009
SA71 4,51.676886,-4.917575,216,Wales,W99999999,W06000009
SA71 5,51.662953,-4.946559,241,Wales,W99999999,W06000009
SA72 4,51.695383,-4.89126,47,Wales,W99999999,W06000009
SA72 6,51.691497,-4.943457,335,Wales,W99999999,W06000009
SA72 9,51.693673,-4.941597,18,Wales,W99999999,W06000009
SA73 1,51.718079,-4.97351,287,Wales,W99999999,W06000009
SA73 2,51.716202,-5.031636,210,Wales,W99999999,W06000009
SA73 3,51.717113,-5.048702,262,Wales,W99999999,W06000009
SA73 9,51.759705,-5.00252,12,Wales,W99999999,W06000009
SA8 3,51.716151,-3.834543,124,Wales,W99999999,W06000012
SA8 4,51.724386,-3.853797,241,Wales,W99999999,W06000012
SA8 9,54.647857,-3.612664,33,Wales,W99999999,W06000012
SA80 8,51.647951,-3.92428,8,Wales,W99999999,W06000011
SA9 1,51.785268,-3.743756,332,Wales,W99999999,W06000023
SA9 2,51.776353,-3.799304,303,Wales,W99999999,W06000012
SA9 5,81.895718,-1.442155,8,Wales,W99999999,
SA99 1,51.670002,-3.945464,71,Wales,W99999999,W06000011
SE1 0,51.501382,-0.09691,365,England,E12000007,E09000028
SE1 1,51.50042,-0.091404,343,England,E12000007,E09000028
SE1 2,51.500183,-0.07771,390,England,E12000007,E09000028
SE1 3,51.498137,-0.080716,387,England,E12000007,E09000028
SE1 4,51.496316,-0.085974,373,England,E12000007,E09000028
SE1 5,51.490887,-0.075386,395,England,E12000007,E09000028
SE1 6,51.495273,-0.095407,332,England,E12000007,E09000028
SE1 7,51.496751,-0.107522,388,England,E12000007,E09000022
SE1 8,51.501465,-0.103333,350,England,E12000007,E09000028
SE1 9,51.502034,-0.091935,359,England,E12000007,E09000028
SE10 0,51.49197,0.010971,394,England,E12000007,E09000011
SE10 1,52.948318,0.017475,133,England,E12000007,E09000011
SE10 8,51.476507,-0.008863,385,England,E12000007,E09000011
SE10 9,51.483046,-0.003295,357,England,E12000007,E09000011
SE11 4,51.489623,-0.105384,341,England,E12000007,E09000022
SE11 5,51.48741,-0.112757,285,England,E12000007,E09000022
SE11 6,51.492255,-0.112618,200,England,E12000007,E09000022
SE11 9,56.529238,-0.088202,77,England,E12000007,E09000028
SE12 0,51.442808,0.022247,266,England,E12000007,E09000023
SE12 2,58.385537,0.045181,70,England,E12000007,E09000011
SE12 8,51.4534,0.022169,261,England,E12000007,E09000023
SE12 9,51.441288,0.030693,249,England,E12000007,E09000023
SE13 5,51.459456,-0.00481,349,England,E12000007,E09000023
SE13 6,51.454704,-0.009432,355,England,E12000007,E09000023
SE13 7,51.463585,-0.015822,397,England,E12000007,E09000023
SE13 9,59.14486,-0.011219,120,England,E12000007,E09000023
SE14 5,51.475195,-0.047095,383,England,E12000007,E09000023
SE14 6,51.476026,-0.038094,347,England,E12000007,E09000023
SE14 9,56.866352,-0.040437,90,England,E12000007,E09000023
SE15 1,51.479177,-0.061311,275,England,E12000007,E09000028
SE15 2,51.473089,-0.060842,334,England,E12000007,E09000028
SE15 3,51.464621,-0.059662,345,England,E12000007,E09000028
SE15 4,51.467676,-0.070545,294,England,E12000007,E09000028
SE15 5,51.473656,-0.071514,346,England,E12000007,E09000028
SE15 6,51.478794,-0.075091,370,England,E12000007,E09000028
SE15 9,57.477736,-0.062124,202,England,E12000007,E09000028
SE16 1,51.500275,-0.041625,369,England,E12000007,E09000028
SE16 2,51.492724,-0.05526,318,England,E12000007,E09000028
SE16 3,51.491133,-0.06592,333,England,E12000007,E09000028
SE16 4,51.49803,-0.065185,325,England,E12000007,E09000028
SE16 5,51.501696,-0.048539,183,England,E12000007,E09000028
SE16 6,51.499845,-0.047768,160,England,E12000007,E09000028
SE16 7,51.496269,-0.049353,293,England,E12000007,E09000028
SE16 9,60.686945,-0.064939,153,England,E12000007,E09000028
SE17 1,51.491112,-0.093714,383,England,E12000007,E09000028
SE17 2,51.487081,-0.089844,367,England,E12000007,E09000028
SE17 3,51.487196,-0.100087,349,England,E12000007,E09000028
SE17 9,59.409289,-0.082358,98,England,E12000007,E09000028
SE18 1,51.486917,0.087521,281,England,E12000007,E09000011
SE18 2,51.479136,0.086268,246,England,E12000007,E09000011
SE18 3,51.479205,0.068802,310,England,E12000007,E09000011
SE18 4,51.478278,0.055957,236,England,E12000007,E09000011
SE18 5,51.491003,0.054499,284,England,E12000007,E09000011
SE18 6,51.490288,0.068321,393,England,E12000007,E09000011
SE18 7,51.487108,0.076092,274,England,E12000007,E09000011
SE18 9,51.490118,0.075607,284,England,E12000007,E09000011
SE19 1,51.422007,-0.083651,314,England,E12000007,E09000022
SE19 2,51.415552,-0.07994,307,England,E12000007,E09000008
SE19 3,51.417061,-0.091432,354,England,E12000007,E09000008
SE19 9,59.210234,-0.069935,106,England,E12000007,E09000008
SE1P 4,51.492789,-0.080128,400,England,E12000007,E09000028
SE1P 5,51.492763,-0.080126,400,England,E12000007,E09000028
SE1P 6,67.182435,-0.054209,371,England,E12000007,E09000028
SE2 0,51.485965,0.114399,268,England,E12000007,E09000011
SE2 8,61.834878,0.082212,61,England,E12000007,E09000011
SE2 9,51.494838,0.115735,344,England,E12000007,E09000011
SE20 7,51.412756,-0.054811,355,England,E12000007,E09000006
SE20 8,51.413074,-0.061648,375,England,E12000007,E09000006
SE20 9,60.135553,-0.044068,78,England,E12000007,E09000006
SE21 7,51.442656,-0.084675,157,England,E12000007,E09000028
SE21 8,51.436382,-0.090488,318,England,E12000007,E09000028
SE21 9,57.102164,-0.076971,60,England,E12000007,E09000028
SE22 0,51.452045,-0.068087,286,England,E12000007,E09000028
SE22 2,57.581379,-0.063703,103,England,E12000007,E09000028
SE22 8,51.455482,-0.076571,348,England,E12000007,E09000028
SE22 9,51.456444,-0.072054,242,England,E12000007,E09000028
SE23 1,51.443661,-0.045178,274,England,E12000007,E09000023
SE23 2,51.436589,-0.04748,327,England,E12000007,E09000023
SE23 3,51.4413,-0.055436,371,England,E12000007,E09000023
SE23 9,59.825066,-0.044035,110,England,E12000007,E09000023
SE24 0,51.458211,-0.102225,272,England,E12000007,E09000022
SE24 4,52.425358,-0.09474,51,England,E12000007,E09000028
SE24 9,51.453143,-0.09879,265,England,E12000007,E09000022
SE25 4,51.398828,-0.071715,342,England,E12000007,E09000008
SE25 5,51.3945,-0.076593,295,England,E12000007,E09000008
SE25 6,51.400119,-0.083029,361,England,E12000007,E09000008
SE25 9,57.525633,-0.069885,119,England,E12000007,E09000008
SE26 4,51.429624,-0.052062,300,England,E12000007,E09000023
SE26 5,51.424885,-0.046168,302,England,E12000007,E09000023
SE26 6,51.427934,-0.062417,347,England,E12000007,E09000023
SE26 9,61.433485,-0.043622,102,England,E12000007,E09000023
SE27 0,51.429592,-0.104358,342,England,E12000007,E09000022
SE27 7,57.28146,-0.087377,83,England,E12000007,E09000022
SE27 9,51.431495,-0.098747,290,England,E12000007,E09000022
SE28 0,51.497121,0.090411,273,England,E12000007,E09000011
SE28 8,51.504309,0.114309,343,England,E12000007,E09000011
SE28 9,60.707639,0.08464,79,England,E12000007,E09000011
SE3 0,51.467761,0.011686,293,England,E12000007,E09000023
SE3 3,58.062994,0.008591,103,England,E12000007,E09000023
SE3 7,51.475911,0.014083,307,England,E12000007,E09000011
SE3 8,51.470095,0.030658,267,England,E12000007,E09000011
SE3 9,51.462255,0.01893,390,England,E12000007,E09000011
SE4 1,51.461361,-0.032227,374,England,E12000007,E09000023
SE4 2,51.461901,-0.038875,339,England,E12000007,E09000023
SE4 9,58.191265,-0.030728,101,England,E12000007,E09000023
SE5 0,51.4794,-0.09541,318,England,E12000007,E09000028
SE5 5,51.473866,-0.0952,238,England,E12000007,E09000028
SE5 7,51.476597,-0.089351,356,England,E12000007,E09000028
SE5 8,51.469573,-0.088473,356,England,E12000007,E09000028
SE5 9,51.471226,-0.098369,296,England,E12000007,E09000022
SE6 1,51.439288,-0.004952,340,England,E12000007,E09000023
SE6 2,51.439317,-0.016262,332,England,E12000007,E09000023
SE6 3,51.430978,-0.021487,257,England,E12000007,E09000023
SE6 4,51.442504,-0.026142,344,England,E12000007,E09000023
SE6 9,51.43883,-0.019972,317,England,E12000007,E09000023
SE7 7,51.484376,0.027444,366,England,E12000007,E09000011
SE7 8,51.48601,0.038739,293,England,E12000007,E09000011
SE7 9,63.000356,0.013743,59,England,E12000007,E09000011
SE8 3,51.48385,-0.026749,306,England,E12000007,E09000023
SE8 4,51.475812,-0.025234,278,England,E12000007,E09000023
SE8 5,51.484892,-0.035004,311,England,E12000007,E09000023
SE8 9,56.333127,-0.023211,90,England,E12000007,E09000023
SE9 1,51.456165,0.056936,302,England,E12000007,E09000011
SE9 2,51.446757,0.072064,257,England,E12000007,E09000011
SE9 3,51.434796,0.061954,289,England,E12000007,E09000011
SE9 4,51.433909,0.044766,294,England,E12000007,E09000006
SE9 5,51.448128,0.047018,228,England,E12000007,E09000011
SE9 6,51.45758,0.044767,250,England,E12000007,E09000011
SE9 9,52.807841,0.051237,143,England,E12000007,E09000011
SE99 7,51.478247,-0.081672,16,England,E12000007,E09000028
SG1 1,51.900496,-0.197312,342,England,E12000006,E07000243
SG1 2,51.905017,-0.213982,376,England,E12000006,E07000243
SG1 3,51.910573,-0.202673,313,England,E12000006,E07000243
SG1 4,51.921096,-0.191086,380,England,E12000006,E07000243
SG1 5,51.912706,-0.184875,287,England,E12000006,E07000243
SG1 6,51.92441,-0.176878,100,England,E12000006,E07000099
SG1 9,52.073011,-0.202169,272,England,E12000006,E07000243
SG10 6,51.843021,0.066044,136,England,E12000006,E07000242
SG11 1,51.871569,0.001133,274,England,E12000006,E07000242
SG11 2,51.883657,0.056842,213,England,E12000006,E07000242
SG12 0,51.82902,-0.043518,376,England,E12000006,E07000242
SG12 4,60.21553,-0.018809,149,England,E12000006,E07000242
SG12 7,51.815043,-0.014118,298,England,E12000006,E07000242
SG12 8,51.800349,0.018788,313,England,E12000006,E07000242
SG12 9,51.80561,-0.02672,327,England,E12000006,E07000242
SG13 6,51.79798,-0.014657,1,England,E12000006,E07000242
SG13 7,51.795358,-0.058697,389,England,E12000006,E07000242
SG13 8,51.778682,-0.087794,296,England,E12000006,E07000242
SG13 9,52.196988,-0.073843,240,England,E12000006,E07000242
SG14 1,51.79681,-0.079116,306,England,E12000006,E07000242
SG14 2,51.802464,-0.104256,303,England,E12000006,E07000242
SG14 3,51.818216,-0.090117,310,England,E12000006,E07000242
SG15 6,52.011748,-0.262414,170,England,E12000006,E06000056
SG16 6,52.013262,-0.299537,243,England,E12000006,E06000056
SG17 5,52.034532,-0.331077,394,England,E12000006,E06000056
SG17 9,52.036322,-0.353562,74,England,E12000006,E06000056
SG18 0,52.091331,-0.259578,262,England,E12000006,E06000056
SG18 1,54.543063,-0.248984,39,England,E12000006,E06000056
SG18 8,52.083809,-0.247612,381,England,E12000006,E06000056
SG18 9,52.073987,-0.286752,327,England,E12000006,E06000056
SG19 1,52.130479,-0.290656,316,England,E12000006,E06000056
SG19 2,52.132704,-0.241463,368,England,E12000006,E06000056
SG19 3,52.159097,-0.187888,229,England,E12000006,E07000012
SG19 9,59.687236,-0.242969,57,England,E12000006,E06000056
SG2 0,51.906738,-0.174079,223,England,E12000006,E07000243
SG2 7,51.906715,-0.146241,267,England,E12000006,E07000242
SG2 8,51.8835,-0.179365,312,England,E12000006,E07000243
SG2 9,51.894352,-0.174595,322,England,E12000006,E07000243
SG3 6,51.861357,-0.182634,323,England,E12000006,E07000099
SG4 0,51.95572,-0.259802,297,England,E12000006,E07000099
SG4 7,51.933628,-0.236137,279,England,E12000006,E07000099
SG4 8,51.873036,-0.275093,361,England,E12000006,E07000099
SG4 9,51.944553,-0.268133,326,England,E12000006,E07000099
SG5 1,51.952148,-0.276184,352,England,E12000006,E07000099
SG5 2,51.951346,-0.285182,300,England,E12000006,E07000099
SG5 3,51.965943,-0.325305,340,England,E12000006,E07000099
SG5 4,52.007451,-0.235799,314,England,E12000006,E06000056
SG5 9,59.421862,-0.184436,128,England,E12000006,E07000243
SG6 1,51.983386,-0.213929,348,England,E12000006,E07000099
SG6 2,51.971305,-0.210367,312,England,E12000006,E07000099
SG6 3,51.974617,-0.229214,308,England,E12000006,E07000099
SG6 4,51.986667,-0.233485,345,England,E12000006,E07000099
SG6 9,51.980699,-0.213078,193,England,E12000006,E07000099
SG7 2,51.907322,-0.15813,1,England,E12000006,E07000243
SG7 5,52.021994,-0.173343,255,England,E12000006,E07000099
SG7 6,51.986445,-0.182359,321,England,E12000006,E07000099
SG8 0,52.089053,-0.091417,238,England,E12000006,E07000012
SG8 1,60.191012,-0.026887,112,England,E12000006,E07000099
SG8 5,52.072159,-0.03295,377,England,E12000006,E07000099
SG8 6,52.08976,0.017231,309,England,E12000006,E07000012
SG8 7,52.065394,0.013193,292,England,E12000006,E07000099
SG8 8,52.023152,0.038903,228,England,E12000006,E07000099
SG8 9,52.040602,-0.029252,284,England,E12000006,E07000099
SG9 0,51.951872,0.008857,259,England,E12000006,E07000242
SG9 9,51.931425,-0.024945,346,England,E12000006,E07000242
SK1 1,53.41071,-2.158602,266,England,E12000002,E08000007
SK1 2,53.41428,-2.149253,138,England,E12000002,E08000007
SK1 3,53.405057,-2.155927,295,England,E12000002,E08000007
SK1 4,53.405206,-2.143511,171,England,E12000002,E08000007
SK1 9,53.40716,-2.160751,95,England,E12000002,E08000007
SK10 1,53.261029,-2.121593,303,England,E12000002,E06000049
SK10 2,53.271676,-2.123197,384,England,E12000002,E06000049
SK10 3,53.265059,-2.150488,290,England,E12000002,E06000049
SK10 4,53.28785,-2.162203,384,England,E12000002,E06000049
SK10 5,53.291035,-2.098425,355,England,E12000002,E06000049
SK10 9,53.261584,-2.124675,396,England,E12000002,E06000049
SK11 0,53.220148,-2.102768,248,England,E12000002,E06000049
SK11 6,53.258328,-2.127121,303,England,E12000002,E06000049
SK11 7,53.251551,-2.124992,384,England,E12000002,E06000049
SK11 8,53.255575,-2.142352,349,England,E12000002,E06000049
SK11 9,53.244233,-2.226438,255,England,E12000002,E06000049
SK12 1,53.349002,-2.124465,395,England,E12000002,E06000049
SK12 2,53.358246,-2.036571,214,England,E12000002,E06000049
SK12 3,53.365572,-2.011638,128,England,E12000004,E07000037
SK12 4,53.369258,-1.99497,174,England,E12000004,E07000037
SK12 5,53.381933,-1.958753,136,England,E12000004,E07000037
SK12 6,53.326214,-1.921196,278,England,E12000004,E07000037
SK12 7,53.329122,-1.98747,209,England,E12000004,E07000037
SK13 0,53.447611,-1.987244,122,England,E12000004,E07000037
SK13 1,53.465607,-1.968276,215,England,E12000004,E07000037
SK13 2,53.458037,-1.979694,104,England,E12000004,E07000037
SK13 5,53.432347,-1.993585,51,England,E12000004,E07000037
SK13 6,53.442373,-1.971084,221,England,E12000004,E07000037
SK13 7,53.447641,-1.948674,179,England,E12000004,E07000037
SK13 8,53.441524,-1.946401,332,England,E12000004,E07000037
SK13 9,53.86794,-1.944233,330,England,E12000004,E07000037
SK14 1,53.449269,-2.078156,238,England,E12000002,E08000008
SK14 2,53.452742,-2.074909,231,England,E12000002,E08000008
SK14 3,53.448823,-2.042098,276,England,E12000002,E08000008
SK14 4,53.460762,-2.073744,358,England,E12000002,E08000008
SK14 5,53.441652,-2.072651,274,England,E12000002,E08000008
SK14 6,53.448115,-2.016267,243,England,E12000002,E08000008
SK14 7,53.466472,-1.965255,176,England,E12000004,E07000037
SK14 8,53.460162,-1.988302,183,England,E12000002,E08000008
SK14 9,54.606183,-2.02695,121,England,E12000002,E08000008
SK15 1,53.485919,-2.063901,291,England,E12000002,E08000008
SK15 2,53.479482,-2.049305,306,England,E12000002,E08000008
SK15 3,53.495388,-2.035831,267,England,E12000002,E08000008
SK15 9,54.812763,-2.000666,35,England,E12000002,E08000008
SK16 4,53.474371,-2.090272,315,England,E12000002,E08000008
SK16 5,53.471005,-2.072857,260,England,E12000002,E08000008
SK17 0,53.170871,-1.873202,215,England,E12000005,E07000198
SK17 1,53.744378,-1.892866,97,England,E12000004,E07000037
SK17 6,53.257625,-1.918104,362,England,E12000004,E07000037
SK17 7,53.261084,-1.898961,230,England,E12000004,E07000037
SK17 8,53.285235,-1.817268,253,England,E12000004,E07000035
SK17 9,53.242447,-1.889798,354,England,E12000004,E07000037
SK2 5,53.397567,-2.124572,348,England,E12000002,E08000007
SK2 6,53.397776,-2.149686,291,England,E12000002,E08000007
SK2 7,53.391184,-2.139922,221,England,E12000002,E08000007
SK2 9,71.32774,-1.330191,52,England,E12000002,E08000007
SK22 1,53.38464,-1.994043,63,England,E12000004,E07000037
SK22 2,53.38071,-1.948856,104,England,E12000004,E07000037
SK22 3,53.367614,-2.015323,110,England,E12000004,E07000037
SK22 4,53.371339,-2.004046,202,England,E12000004,E07000037
SK22 9,53.353467,-1.986044,13,England,E12000004,E07000037
SK23 0,53.325346,-1.912434,221,England,E12000004,E07000037
SK23 6,53.339274,-1.937181,107,England,E12000004,E07000037
SK23 7,53.480349,-1.974756,308,England,E12000004,E07000037
SK23 9,53.318912,-1.92491,90,England,E12000004,E07000037
SK3 0,53.402524,-2.17995,353,England,E12000002,E08000007
SK3 3,58.161907,-1.940993,49,England,E12000002,E08000007
SK3 8,53.395122,-2.16214,322,England,E12000002,E08000007
SK3 9,53.402038,-2.169903,236,England,E12000002,E08000007
SK4 1,53.415136,-2.165707,269,England,E12000002,E08000007
SK4 2,53.414164,-2.178604,251,England,E12000002,E08000007
SK4 3,53.414091,-2.195139,275,England,E12000002,E08000007
SK4 4,53.420353,-2.182664,268,England,E12000002,E08000007
SK4 5,53.429873,-2.174078,179,England,E12000002,E08000007
SK4 9,58.63734,-1.918936,98,England,E12000002,E08000007
SK5 6,53.440472,-2.15879,370,England,E12000002,E08000007
SK5 7,53.425538,-2.158105,261,England,E12000002,E08000007
SK5 8,53.428196,-2.135791,174,England,E12000002,E08000007
SK5 9,63.59967,-1.688719,32,England,E12000002,E08000007
SK6 0,54.528068,-2.051172,42,England,E12000002,E08000007
SK6 1,53.424373,-2.098547,261,England,E12000002,E08000007
SK6 2,53.421677,-2.11553,276,England,E12000002,E08000007
SK6 3,53.411585,-2.10105,155,England,E12000002,E08000007
SK6 4,53.415996,-2.084147,215,England,E12000002,E08000007
SK6 5,53.403121,-2.045624,241,England,E12000002,E08000007
SK6 6,53.39695,-2.070005,232,England,E12000002,E08000007
SK6 7,53.388245,-2.063199,272,England,E12000002,E08000007
SK6 8,53.368708,-2.076056,131,England,E12000002,E08000007
SK6 9,60.297849,-1.757636,54,England,E12000002,E08000007
SK7 0,63.07381,-1.714365,96,England,E12000002,E08000007
SK7 1,53.350521,-2.165303,321,England,E12000002,E08000007
SK7 2,53.363011,-2.161775,243,England,E12000002,E08000007
SK7 3,53.372965,-2.162469,239,England,E12000002,E08000007
SK7 4,53.381647,-2.118466,263,England,E12000002,E08000007
SK7 5,53.377055,-2.133405,228,England,E12000002,E08000007
SK7 6,53.372901,-2.113295,209,England,E12000002,E08000007
SK7 9,74.751775,-1.154932,24,England,E12000002,E08000007
SK8 1,53.39134,-2.216848,257,England,E12000002,E08000007
SK8 2,53.393801,-2.203617,232,England,E12000002,E08000007
SK8 3,53.372967,-2.223899,366,England,E12000002,E08000007
SK8 4,53.390317,-2.231401,284,England,E12000002,E08000007
SK8 5,53.382093,-2.191381,268,England,E12000002,E08000007
SK8 6,53.370394,-2.199525,289,England,E12000002,E08000007
SK8 7,53.368893,-2.186201,271,England,E12000002,E08000007
SK8 9,60.051258,-1.900938,126,England,E12000002,E08000007
SK9 0,59.304499,-1.945661,164,England,E12000002,E06000049
SK9 1,53.32432,-2.232469,237,England,E12000002,E06000049
SK9 2,53.332372,-2.216199,344,England,E12000002,E06000049
SK9 3,53.348427,-2.215382,307,England,E12000002,E06000049
SK9 4,53.339367,-2.235509,176,England,E12000002,E06000049
SK9 5,53.32753,-2.241395,234,England,E12000002,E06000049
SK9 6,53.320111,-2.246557,190,England,E12000002,E06000049
SK9 7,53.302713,-2.23945,370,England,E12000002,E06000049
SL0 0,51.532265,-0.520581,278,England,E12000008,E06000060
SL0 1,55.23813,-0.502728,13,England,E12000008,E06000060
SL0 9,51.512741,-0.510484,248,England,E12000008,E06000060
SL1 0,51.752054,-0.582477,398,England,E12000008,E06000039
SL1 1,51.508189,-0.588358,366,England,E12000008,E06000039
SL1 2,51.507349,-0.601977,380,England,E12000008,E06000039
SL1 3,51.516462,-0.602143,389,England,E12000008,E06000039
SL1 4,51.519655,-0.619923,342,England,E12000008,E06000039
SL1 5,51.514403,-0.635582,310,England,E12000008,E06000039
SL1 6,51.5229,-0.645161,188,England,E12000008,E06000039
SL1 7,51.527395,-0.651644,196,England,E12000008,E06000060
SL1 8,51.540273,-0.65306,220,England,E12000008,E06000060
SL1 9,51.50889,-0.616831,90,England,E12000008,E06000039
SL2 1,51.527061,-0.613604,310,England,E12000008,E06000039
SL2 2,51.532194,-0.633322,214,England,E12000008,E06000039
SL2 3,51.550684,-0.611425,369,England,E12000008,E06000060
SL2 4,51.540319,-0.58531,260,England,E12000008,E06000060
SL2 5,51.51574,-0.581368,392,England,E12000008,E06000039
SL3 0,51.484465,-0.527958,277,England,E12000008,E06000039
SL3 3,51.508272,-0.584601,183,England,E12000008,E06000039
SL3 6,51.52817,-0.561901,218,England,E12000008,E06000060
SL3 7,51.502844,-0.566495,382,England,E12000008,E06000039
SL3 8,51.500416,-0.547813,393,England,E12000008,E06000039
SL3 9,51.48643,-0.571655,256,England,E12000008,E06000040
SL4 1,51.48133,-0.609809,341,England,E12000008,E06000040
SL4 2,51.458682,-0.604944,295,England,E12000008,E06000040
SL4 3,51.476264,-0.617998,345,England,E12000008,E06000040
SL4 4,51.470255,-0.64968,396,England,E12000008,E06000040
SL4 5,51.48267,-0.634498,381,England,E12000008,E06000040
SL4 6,51.492773,-0.622446,242,England,E12000008,E06000040
SL4 9,55.923029,-0.554504,142,England,E12000008,E06000040
SL5 0,51.397962,-0.637467,297,England,E12000008,E06000040
SL5 5,51.84359,-0.647465,110,England,E12000008,E06000040
SL5 7,51.411059,-0.662471,340,England,E12000008,E06000040
SL5 8,51.413752,-0.68945,329,England,E12000008,E06000036
SL5 9,51.397666,-0.658976,384,England,E12000008,E06000040
SL6 0,51.524023,-0.686292,259,England,E12000008,E06000060
SL6 1,51.519771,-0.717449,382,England,E12000008,E06000040
SL6 2,51.505011,-0.71383,388,England,E12000008,E06000040
SL6 3,51.505709,-0.750068,389,England,E12000008,E06000040
SL6 4,51.517012,-0.738699,339,England,E12000008,E06000040
SL6 5,51.527185,-0.757089,217,England,E12000008,E06000040
SL6 6,51.526247,-0.741701,349,England,E12000008,E06000040
SL6 7,51.529607,-0.724939,388,England,E12000008,E06000040
SL6 8,51.526966,-0.711239,394,England,E12000008,E06000040
SL6 9,51.551055,-0.726753,363,England,E12000008,E06000040
SL60 1,56.725817,-0.638004,270,England,E12000008,E06000040
SL7 1,51.57231,-0.769452,388,England,E12000008,E06000060
SL7 2,51.569313,-0.790997,330,England,E12000008,E06000060
SL7 3,51.582497,-0.775254,339,England,E12000008,E06000060
SL7 9,58.566166,-0.66328,90,England,E12000008,E06000060
SL8 5,51.577828,-0.708873,391,England,E12000008,E06000060
SL9 0,51.611219,-0.55003,290,England,E12000008,E06000060
SL9 1,57.741292,-0.483579,118,England,E12000008,E06000060
SL9 7,51.580203,-0.555607,295,England,E12000008,E06000060
SL9 8,51.590585,-0.556286,367,England,E12000008,E06000060
SL9 9,51.603029,-0.559555,344,England,E12000008,E06000060
SL95 1,51.499116,-0.538775,25,England,E12000008,E06000039
SM1 1,51.364677,-0.194652,273,England,E12000007,E09000029
SM1 2,51.364384,-0.20238,329,England,E12000007,E09000029
SM1 3,51.372162,-0.187212,271,England,E12000007,E09000029
SM1 4,51.363525,-0.1877,369,England,E12000007,E09000029
SM1 9,51.359984,-0.193161,335,England,E12000007,E09000029
SM2 5,51.354233,-0.189206,321,England,E12000007,E09000029
SM2 6,51.354087,-0.198244,341,England,E12000007,E09000029
SM2 7,51.349854,-0.211805,186,England,E12000007,E09000029
SM3 2,51.369597,-0.159675,1,England,E12000007,E09000029
SM3 8,51.362876,-0.218127,243,England,E12000007,E09000029
SM3 9,51.375959,-0.211183,285,England,E12000007,E09000029
SM4 4,51.391968,-0.214849,255,England,E12000007,E09000024
SM4 5,51.394567,-0.196896,254,England,E12000007,E09000024
SM4 6,51.390849,-0.189239,256,England,E12000007,E09000024
SM4 9,51.396995,-0.199126,115,England,E12000007,E09000024
SM5 1,51.381368,-0.173948,238,England,E12000007,E09000029
SM5 2,51.370741,-0.163791,306,England,E12000007,E09000029
SM5 3,51.360394,-0.163827,240,England,E12000007,E09000029
SM5 4,51.351153,-0.164201,182,England,E12000007,E09000029
SM5 9,56.450502,-0.136793,86,England,E12000007,E09000029
SM6 0,51.357775,-0.15167,316,England,E12000007,E09000029
SM6 6,58.748616,-0.12957,79,England,E12000007,E09000029
SM6 7,51.371953,-0.152567,244,England,E12000007,E09000029
SM6 8,51.362519,-0.143223,303,England,E12000007,E09000029
SM6 9,51.354978,-0.138887,319,England,E12000007,E09000029
SM7 1,51.323704,-0.216405,220,England,E12000008,E07000211
SM7 2,51.321547,-0.202991,240,England,E12000008,E07000211
SM7 3,51.323516,-0.183429,190,England,E12000008,E07000211
SM7 9,59.434737,-0.169224,54,England,E12000008,E07000211
SN1 1,51.559355,-1.773467,275,England,E12000009,E06000030
SN1 2,51.563936,-1.76856,266,England,E12000009,E06000030
SN1 3,51.554223,-1.772486,299,England,E12000009,E06000030
SN1 4,51.549854,-1.780154,244,England,E12000009,E06000030
SN1 5,51.55802,-1.781029,262,England,E12000009,E06000030
SN1 7,51.544371,-1.803665,102,England,E12000009,E06000030
SN10 1,51.350478,-2.006294,295,England,E12000009,E06000054
SN10 2,51.361888,-1.988614,328,England,E12000009,E06000054
SN10 3,51.344949,-1.955061,292,England,E12000009,E06000054
SN10 4,51.296785,-1.977611,243,England,E12000009,E06000054
SN10 5,51.32938,-2.006592,321,England,E12000009,E06000054
SN10 9,51.352522,-1.995755,110,England,E12000009,E06000054
SN11 0,51.431788,-2.006143,311,England,E12000009,E06000054
SN11 7,57.914098,-1.738477,30,England,E12000009,E06000054
SN11 8,51.438931,-1.983797,368,England,E12000009,E06000054
SN11 9,51.449124,-2.013975,272,England,E12000009,E06000054
SN12 6,51.361748,-2.125456,391,England,E12000009,E06000054
SN12 7,51.376711,-2.128042,310,England,E12000009,E06000054
SN12 8,51.383659,-2.164935,259,England,E12000009,E06000054
SN12 9,56.360282,-1.920491,39,England,E12000009,E06000054
SN13 0,51.433812,-2.201686,243,England,E12000009,E06000054
SN13 7,70.878998,-1.28646,5,England,E12000009,E06000054
SN13 8,51.417815,-2.24418,214,England,E12000009,E06000054
SN13 9,51.426026,-2.191504,377,England,E12000009,E06000054
SN14 0,51.456528,-2.138605,390,England,E12000009,E06000054
SN14 6,51.499751,-2.154091,327,England,E12000009,E06000054
SN14 7,51.487317,-2.220722,201,England,E12000009,E06000054
SN14 8,51.458031,-2.284154,271,England,E12000009,E06000054
SN14 9,51.414755,-2.251976,188,England,E12000009,E06000054
SN15 1,51.466275,-2.1191,335,England,E12000009,E06000054
SN15 2,51.424816,-2.099609,280,England,E12000009,E06000054
SN15 3,51.454401,-2.106993,393,England,E12000009,E06000054
SN15 4,51.507324,-2.022501,306,England,E12000009,E06000054
SN15 5,51.523899,-2.06204,223,England,E12000009,E06000054
SN15 9,51.463216,-2.131342,329,England,E12000009,E06000054
SN16 0,51.577932,-2.131132,272,England,E12000009,E06000054
SN16 1,64.639805,-1.418717,37,England,E12000009,E06000054
SN16 9,51.599988,-2.05611,394,England,E12000009,E06000054
SN17 1,51.546184,-1.842634,132,England,E12000009,E06000030
SN17 2,51.54618,-1.842639,128,England,E12000009,E06000030
SN17 3,51.546242,-1.842468,146,England,E12000009,E06000030
SN17 4,51.546536,-1.842438,2,England,E12000009,E06000030
SN17 5,51.546536,-1.842438,1,England,E12000009,E06000030
SN17 6,51.546536,-1.842438,17,England,E12000009,E06000030
SN17 7,99.999999,0.0,1,England,,
SN17 9,99.999999,0.0,4,England,,
SN2 1,51.572903,-1.783074,310,England,E12000009,E06000030
SN2 2,51.573778,-1.802332,340,England,E12000009,E06000030
SN2 3,51.591657,-1.801418,381,England,E12000009,E06000030
SN2 4,51.61177,-1.789433,72,England,E12000009,E06000030
SN2 5,51.5936,-1.781972,172,England,E12000009,E06000030
SN2 6,51.583098,-1.767645,367,England,E12000009,E06000030
SN2 7,51.585908,-1.763006,197,England,E12000009,E06000030
SN2 8,51.57208,-1.762394,152,England,E12000009,E06000030
SN2 9,51.553597,-1.735966,288,England,E12000009,E06000030
SN25 1,51.591954,-1.813374,193,England,E12000009,E06000030
SN25 2,51.604842,-1.818655,326,England,E12000009,E06000030
SN25 3,51.584878,-1.79713,176,England,E12000009,E06000030
SN25 4,51.592346,-1.784882,217,England,E12000009,E06000030
SN25 5,51.583931,-1.76035,27,England,E12000009,E06000030
SN25 6,51.5973,-1.753872,7,England,E12000009,E06000030
SN26 7,51.610399,-1.779541,53,England,E12000009,E06000030
SN26 8,51.6145,-1.797564,27,England,E12000009,E06000030
SN3 0,51.56118,-1.705624,21,England,E12000009,E06000030
SN3 1,51.549597,-1.759524,304,England,E12000009,E06000030
SN3 2,51.554339,-1.749765,252,England,E12000009,E06000030
SN3 3,51.562542,-1.748197,284,England,E12000009,E06000030
SN3 4,51.57905,-1.73961,384,England,E12000009,E06000030
SN3 5,51.560214,-1.726572,176,England,E12000009,E06000030
SN3 6,51.545815,-1.730805,212,England,E12000009,E06000030
SN3 9,56.511555,-1.552203,127,England,E12000009,E06000030
SN38 0,51.556304,-1.782649,3,England,E12000009,E06000030
SN38 1,51.566421,-1.816574,126,England,E12000009,E06000030
SN38 2,51.55594,-1.776887,31,England,E12000009,E06000030
SN38 3,51.557099,-1.793127,20,England,E12000009,E06000030
SN38 4,51.553733,-1.78075,14,England,E12000009,E06000030
SN38 5,51.55749,-1.775861,8,England,E12000009,E06000030
SN38 6,51.55641,-1.774925,7,England,E12000009,E06000030
SN38 7,51.556543,-1.74953,58,England,E12000009,E06000030
SN38 8,51.556547,-1.763881,12,England,E12000009,E06000030
SN38 9,51.540414,-1.776678,13,England,E12000009,E06000030
SN4 0,51.529651,-1.742717,325,England,E12000009,E06000030
SN4 4,52.245083,-1.872295,272,England,E12000009,E06000054
SN4 6,51.5395,-2.152785,1,England,E12000009,E06000054
SN4 7,51.534035,-1.896934,275,England,E12000009,E06000054
SN4 8,51.542338,-1.885225,285,England,E12000009,E06000054
SN4 9,51.519248,-1.809646,230,England,E12000009,E06000030
SN42 7,99.999999,0.0,22,England,,
SN5 0,51.58017,-1.902448,18,England,E12000009,E06000054
SN5 1,59.014581,-1.538456,78,England,E12000009,E06000030
SN5 3,51.572294,-1.858628,45,England,E12000009,E06000054
SN5 4,51.587342,-1.861314,183,England,E12000009,E06000054
SN5 5,51.570946,-1.834387,303,England,E12000009,E06000030
SN5 6,51.55802,-1.838203,201,England,E12000009,E06000030
SN5 7,51.561442,-1.820908,230,England,E12000009,E06000030
SN5 8,51.55262,-1.828933,297,England,E12000009,E06000030
SN5 9,51.575582,-1.848672,391,England,E12000009,E06000030
SN6 6,51.642451,-1.873667,275,England,E12000009,E06000054
SN6 7,51.617481,-1.71556,280,England,E12000009,E06000030
SN6 8,51.588643,-1.655316,310,England,E12000008,E07000180
SN7 7,51.642842,-1.58498,388,England,E12000008,E07000180
SN7 8,51.65828,-1.542653,313,England,E12000008,E07000180
SN7 9,68.578196,-1.028515,40,England,E12000008,E07000180
SN8 1,51.425791,-1.745036,350,England,E12000009,E06000054
SN8 2,51.451746,-1.649541,311,England,E12000009,E06000054
SN8 3,51.360339,-1.633922,356,England,E12000009,E06000054
SN8 4,51.399863,-1.759971,214,England,E12000009,E06000054
SN8 9,58.105021,-1.49504,109,England,E12000009,E06000054
SN80 1,99.999999,0.0,1,England,,
SN86 6,99.999999,0.0,1,England,,
SN9 1,72.239808,-0.990641,7,England,E12000009,E06000054
SN9 5,51.34312,-1.767016,246,England,E12000009,E06000054
SN9 6,51.308395,-1.80484,188,England,E12000009,E06000054
SN99 8,51.551996,-1.722535,18,England,E12000009,E06000030
SN99 9,51.559026,-1.777316,11,England,E12000009,E06000030
SO1 0,50.90707,-1.42009,227,England,E12000008,E06000045
SO1 1,50.902502,-1.395297,274,England,E12000008,E06000045
SO1 2,50.91828,-1.411274,285,England,E12000008,E06000045
SO1 3,50.91561,-1.430315,276,England,E12000008,E06000045
SO1 4,50.92204,-1.446163,240,England,E12000008,E06000045
SO1 5,50.921084,-1.424753,270,England,E12000008,E06000045
SO1 6,50.935215,-1.43557,278,England,E12000008,E06000045
SO1 7,50.945546,-1.41091,195,England,E12000008,E06000045
SO1 8,50.945727,-1.447918,171,England,E12000008,E06000045
SO1 9,50.930681,-1.462271,285,England,E12000008,E06000045
SO14 0,50.913302,-1.393822,323,England,E12000008,E06000045
SO14 1,50.905663,-1.396993,131,England,E12000008,E06000045
SO14 2,50.901976,-1.402701,171,England,E12000008,E06000045
SO14 3,50.900877,-1.395766,333,England,E12000008,E06000045
SO14 5,50.907221,-1.388445,130,England,E12000008,E06000045
SO14 6,50.918322,-1.398362,167,England,E12000008,E06000045
SO14 7,50.90796,-1.403255,139,England,E12000008,E06000045
SO15 0,50.916582,-1.453272,114,England,E12000008,E06000045
SO15 1,50.909026,-1.421101,189,England,E12000008,E06000045
SO15 2,50.914688,-1.411386,385,England,E12000008,E06000045
SO15 3,50.915152,-1.427776,296,England,E12000008,E06000045
SO15 4,50.917644,-1.443516,101,England,E12000008,E06000045
SO15 5,50.919949,-1.424974,371,England,E12000008,E06000045
SO15 7,50.925773,-1.421096,97,England,E12000008,E06000045
SO15 8,50.91757,-1.435006,122,England,E12000008,E06000045
SO15 9,59.28277,-1.186968,223,England,E12000008,E06000045
SO16 0,50.940999,-1.467982,87,England,E12000008,E07000093
SO16 2,50.937558,-1.3867,47,England,E12000008,E06000045
SO16 3,50.93914,-1.398434,269,England,E12000008,E06000045
SO16 4,50.923624,-1.444369,248,England,E12000008,E06000045
SO16 5,50.93537,-1.438264,193,England,E12000008,E06000045
SO16 6,50.930403,-1.431284,213,England,E12000008,E06000045
SO16 7,50.940586,-1.413515,285,England,E12000008,E06000045
SO16 8,50.942086,-1.446291,241,England,E12000008,E06000045
SO16 9,50.927447,-1.457297,305,England,E12000008,E06000045
SO17 1,50.926028,-1.402154,285,England,E12000008,E06000045
SO17 2,50.923576,-1.392776,222,England,E12000008,E06000045
SO17 3,50.931451,-1.393969,97,England,E12000008,E06000045
SO18 1,50.922099,-1.37604,257,England,E12000008,E06000045
SO18 2,50.936247,-1.365831,287,England,E12000008,E06000045
SO18 3,50.928911,-1.345561,118,England,E12000008,E07000086
SO18 4,50.920735,-1.367625,141,England,E12000008,E06000045
SO18 5,50.918562,-1.346298,221,England,E12000008,E06000045
SO18 6,50.918165,-1.356502,85,England,E12000008,E06000045
SO18 9,50.917095,-1.388071,293,England,E12000008,E06000045
SO19 0,50.899987,-1.341149,99,England,E12000008,E06000045
SO19 1,50.900077,-1.345665,55,England,E12000008,E06000045
SO19 2,50.90312,-1.369084,150,England,E12000008,E06000045
SO19 4,50.914205,-1.369099,30,England,E12000008,E06000045
SO19 5,50.912565,-1.347901,50,England,E12000008,E06000045
SO19 6,50.908189,-1.334708,276,England,E12000008,E06000045
SO19 7,50.908478,-1.369928,200,England,E12000008,E06000045
SO19 8,50.904422,-1.354294,197,England,E12000008,E06000045
SO19 9,50.893472,-1.370802,373,England,E12000008,E06000045
SO2 0,50.913658,-1.396529,267,England,E12000008,E06000045
SO2 1,50.925896,-1.393871,341,England,E12000008,E06000045
SO2 2,50.933411,-1.36599,254,England,E12000008,E06000045
SO2 3,50.940092,-1.39184,281,England,E12000008,E06000045
SO2 4,50.921833,-1.370065,310,England,E12000008,E06000045
SO2 5,50.917894,-1.347021,280,England,E12000008,E06000045
SO2 6,50.908576,-1.33318,243,England,E12000008,E06000045
SO2 7,50.904857,-1.367859,253,England,E12000008,E06000045
SO2 8,50.901702,-1.346791,291,England,E12000008,E06000045
SO2 9,50.891713,-1.366982,241,England,E12000008,E06000045
SO20 6,51.102436,-1.458083,247,England,E12000008,E07000093
SO20 8,51.129027,-1.553482,214,England,E12000008,E07000093
SO21 1,51.034065,-1.291469,375,England,E12000008,E07000094
SO21 2,51.046502,-1.351224,257,England,E12000008,E07000094
SO21 3,51.14422,-1.312609,303,England,E12000008,E07000094
SO21 4,51.047725,-1.348006,1,England,E12000008,E07000094
SO22 4,51.053964,-1.332886,268,England,E12000008,E07000094
SO22 5,51.065274,-1.333545,319,England,E12000008,E07000094
SO22 6,51.078312,-1.328608,327,England,E12000008,E07000094
SO23 0,51.062659,-1.301107,166,England,E12000008,E07000094
SO23 3,51.067004,-1.298492,332,England,E12000008,E07000094
SO23 5,51.067557,-1.297333,73,England,E12000008,E07000094
SO23 6,51.070099,-1.329137,1,England,E12000008,E07000094
SO23 7,51.08062,-1.306267,365,England,E12000008,E07000094
SO23 8,51.063532,-1.308672,374,England,E12000008,E07000094
SO23 9,51.058694,-1.312379,309,England,E12000008,E07000094
SO24 0,51.06988,-1.135706,250,England,E12000008,E07000094
SO24 4,56.679758,-1.029489,35,England,E12000008,E07000094
SO24 9,51.096391,-1.159855,350,England,E12000008,E07000094
SO25 1,51.067557,-1.297333,10,England,E12000008,E07000094
SO3 1,50.960782,-1.1945,288,England,E12000008,E07000094
SO3 2,50.927358,-1.235502,320,England,E12000008,E07000094
SO3 3,50.929269,-1.338028,262,England,E12000008,E07000086
SO3 4,50.914917,-1.301985,369,England,E12000008,E07000086
SO3 5,50.869644,-1.331585,260,England,E12000008,E07000086
SO3 6,50.861528,-1.279492,396,England,E12000008,E07000087
SO3 7,50.87864,-1.277206,109,England,E12000008,E07000087
SO3 8,50.888803,-1.317238,128,England,E12000008,E07000086
SO3 9,50.851996,-1.291312,141,England,E12000008,E07000087
SO30 0,50.911299,-1.301649,192,England,E12000008,E07000086
SO30 2,50.919423,-1.286221,384,England,E12000008,E07000086
SO30 3,50.928294,-1.329391,241,England,E12000008,E07000086
SO30 4,50.916826,-1.306896,199,England,E12000008,E07000086
SO30 9,57.88089,-1.122742,127,England,E12000008,E07000086
SO31 0,58.585906,-1.073621,121,England,E12000008,E07000087
SO31 1,50.881166,-1.275138,97,England,E12000008,E07000087
SO31 4,50.863809,-1.312146,186,England,E12000008,E07000086
SO31 5,50.875754,-1.337571,210,England,E12000008,E07000086
SO31 6,50.86405,-1.273158,310,England,E12000008,E07000087
SO31 7,50.872823,-1.281604,270,England,E12000008,E07000087
SO31 8,50.88595,-1.310554,249,England,E12000008,E07000086
SO31 9,50.856744,-1.287832,268,England,E12000008,E07000087
SO32 1,50.956674,-1.223449,351,England,E12000008,E07000094
SO32 2,50.933592,-1.233093,392,England,E12000008,E07000094
SO32 3,50.956835,-1.155937,126,England,E12000008,E07000094
SO4 0,50.747124,-1.602039,344,England,E12000008,E07000091
SO4 1,50.821628,-1.370372,357,England,E12000008,E07000091
SO4 2,50.915191,-1.529926,309,England,E12000008,E07000091
SO4 3,50.921682,-1.501079,383,England,E12000008,E07000091
SO4 4,50.903745,-1.475055,283,England,E12000008,E07000091
SO4 5,50.860047,-1.413134,336,England,E12000008,E07000091
SO4 6,50.859004,-1.396447,325,England,E12000008,E07000091
SO4 7,50.850002,-1.561511,297,England,E12000008,E07000091
SO4 8,50.761672,-1.549675,259,England,E12000008,E07000091
SO4 9,50.757596,-1.545904,330,England,E12000008,E07000091
SO40 0,50.921206,-1.520735,182,England,E12000008,E07000091
SO40 2,50.927037,-1.529442,226,England,E12000008,E07000091
SO40 3,50.924577,-1.497668,278,England,E12000008,E07000091
SO40 4,50.896563,-1.456964,173,England,E12000008,E07000091
SO40 7,50.907544,-1.52072,163,England,E12000008,E07000091
SO40 8,50.920034,-1.510559,226,England,E12000008,E07000091
SO40 9,50.913745,-1.491457,207,England,E12000008,E07000091
SO41 0,50.73984,-1.593028,373,England,E12000008,E07000091
SO41 1,55.303019,-1.40136,130,England,E12000008,E07000091
SO41 3,50.7548,-1.54019,157,England,E12000008,E07000091
SO41 5,50.771601,-1.520362,86,England,E12000008,E07000091
SO41 6,50.777081,-1.595918,127,England,E12000008,E07000091
SO41 8,50.758663,-1.556914,291,England,E12000008,E07000091
SO41 9,50.759052,-1.544996,397,England,E12000008,E07000091
SO42 7,50.806181,-1.538707,218,England,E12000008,E07000091
SO43 7,50.889002,-1.582172,179,England,E12000008,E07000091
SO45 1,50.823229,-1.36821,250,England,E12000008,E07000091
SO45 2,50.835714,-1.388008,195,England,E12000008,E07000091
SO45 3,50.853898,-1.396436,196,England,E12000008,E07000091
SO45 4,50.856663,-1.409421,197,England,E12000008,E07000091
SO45 5,50.864834,-1.412604,245,England,E12000008,E07000091
SO45 6,50.8677,-1.398929,166,England,E12000008,E07000091
SO45 9,59.602126,-1.151059,45,England,E12000008,E07000091
SO5 0,51.000096,-1.547372,241,England,E12000008,E07000093
SO5 1,50.996367,-1.38192,290,England,E12000008,E07000086
SO5 2,50.985469,-1.37449,228,England,E12000008,E07000086
SO5 3,50.974753,-1.387335,331,England,E12000008,E07000086
SO5 4,50.977052,-1.356179,315,England,E12000008,E07000086
SO5 5,50.966562,-1.358941,364,England,E12000008,E07000086
SO5 6,50.969981,-1.326661,234,England,E12000008,E07000086
SO5 7,50.964902,-1.301058,219,England,E12000008,E07000086
SO5 8,50.991891,-1.486546,371,England,E12000008,E07000093
SO5 9,50.980705,-1.449458,209,England,E12000008,E07000093
SO50 0,50.977185,-1.366723,291,England,E12000008,E07000086
SO50 3,99.999999,0.0,1,England,,
SO50 4,50.98031,-1.355923,252,England,E12000008,E07000086
SO50 5,50.965379,-1.358981,308,England,E12000008,E07000086
SO50 6,50.974058,-1.335662,225,England,E12000008,E07000086
SO50 7,50.963242,-1.302203,263,England,E12000008,E07000086
SO50 8,50.966781,-1.317275,167,England,E12000008,E07000086
SO50 9,50.968462,-1.365952,327,England,E12000008,E07000086
SO51 0,51.015499,-1.507238,260,England,E12000008,E07000093
SO51 1,55.946072,-1.348273,89,England,E12000008,E07000093
SO51 5,50.988234,-1.480254,146,England,E12000008,E07000093
SO51 6,50.980933,-1.560527,198,England,E12000008,E07000093
SO51 7,50.995777,-1.484012,213,England,E12000008,E07000093
SO51 8,50.989415,-1.492002,356,England,E12000008,E07000093
SO51 9,50.990141,-1.463832,111,England,E12000008,E07000093
SO52 5,99.999999,0.0,1,England,,
SO52 7,99.999999,0.0,1,England,,
SO52 9,50.977597,-1.436876,217,England,E12000008,E07000093
SO53 1,50.991798,-1.382996,178,England,E12000008,E07000086
SO53 2,50.984422,-1.373947,280,England,E12000008,E07000086
SO53 3,50.973875,-1.380985,275,England,E12000008,E07000086
SO53 4,50.981095,-1.390718,246,England,E12000008,E07000093
SO53 5,50.996712,-1.377748,179,England,E12000008,E07000086
SO9 1,50.911844,-1.405081,188,England,E12000008,E06000045
SO9 2,50.912255,-1.405177,101,England,E12000008,E06000045
SO9 3,50.912239,-1.405763,139,England,E12000008,E06000045
SO9 4,50.910541,-1.408692,200,England,E12000008,E06000045
SO9 5,50.910085,-1.402993,97,England,E12000008,E06000045
SO9 7,50.915701,-1.408924,395,England,E12000008,E06000045
SO97 4,50.948479,-1.361951,19,England,E12000008,E07000086
SP1 1,51.071556,-1.787579,252,England,E12000009,E06000054
SP1 2,51.066996,-1.792521,317,England,E12000009,E06000054
SP1 3,51.080585,-1.792253,389,England,E12000009,E06000054
SP10 1,51.210516,-1.475243,260,England,E12000008,E07000093
SP10 2,51.203849,-1.479789,310,England,E12000008,E07000093
SP10 3,51.209795,-1.497234,383,England,E12000008,E07000093
SP10 4,51.219967,-1.489865,175,England,E12000008,E07000093
SP10 5,51.218013,-1.468971,232,England,E12000008,E07000093
SP10 9,51.206297,-1.482998,221,England,E12000008,E07000093
SP11 0,51.263259,-1.488936,260,England,E12000008,E07000093
SP11 6,51.225923,-1.436693,395,England,E12000008,E07000093
SP11 7,51.184238,-1.502543,275,England,E12000008,E07000093
SP11 8,51.201071,-1.568608,246,England,E12000008,E07000093
SP11 9,51.250632,-1.596795,349,England,E12000009,E06000054
SP2 0,51.087965,-1.865877,248,England,E12000009,E06000054
SP2 2,51.228151,-1.790609,298,England,E12000009,E06000054
SP2 7,51.07223,-1.808188,358,England,E12000009,E06000054
SP2 8,51.059401,-1.806943,281,England,E12000009,E06000054
SP2 9,51.082979,-1.828547,237,England,E12000009,E06000054
SP3 4,51.158621,-1.903499,261,England,E12000009,E06000054
SP3 5,51.074161,-2.015411,261,England,E12000009,E06000054
SP3 6,51.070768,-2.084625,298,England,E12000009,E06000054
SP4 0,51.144307,-1.716935,180,England,E12000009,E06000054
SP4 4,58.796839,-1.518813,19,England,E12000009,E06000054
SP4 5,58.510607,-1.475359,20,England,E12000009,E06000054
SP4 6,51.107102,-1.781185,303,England,E12000009,E06000054
SP4 7,51.168262,-1.771191,393,England,E12000009,E06000054
SP4 8,51.191586,-1.788255,269,England,E12000009,E06000054
SP4 9,51.199742,-1.75643,269,England,E12000009,E06000054
SP5 1,51.077507,-1.661539,255,England,E12000009,E06000054
SP5 2,50.995511,-1.68886,280,England,E12000009,E06000054
SP5 3,51.024189,-1.741058,291,England,E12000009,E06000054
SP5 4,51.036218,-1.828344,161,England,E12000009,E06000054
SP5 5,50.994269,-1.989838,242,England,E12000009,E06000054
SP6 1,50.931068,-1.798589,290,England,E12000008,E07000091
SP6 2,50.938961,-1.763653,219,England,E12000008,E07000091
SP6 3,50.937627,-1.838082,255,England,E12000008,E07000091
SP6 9,55.134758,-1.635688,35,England,E12000008,E07000091
SP7 0,50.9816,-2.187257,213,England,E12000009,E06000059
SP7 7,60.034222,-1.787907,38,England,E12000009,E06000059
SP7 8,51.007155,-2.191048,322,England,E12000009,E06000059
SP7 9,51.024295,-2.177387,234,England,E12000009,E06000054
SP8 4,51.038466,-2.275902,381,England,E12000009,E06000059
SP8 5,51.03447,-2.30655,286,England,E12000009,E06000059
SP8 9,51.036535,-2.272463,21,England,E12000009,E06000059
SP9 7,51.232825,-1.663559,367,England,E12000009,E06000054
SP9 9,51.231914,-1.668521,8,England,E12000009,E06000054
SR1 1,54.907236,-1.383994,293,England,E12000001,E08000024
SR1 2,54.906995,-1.372374,209,England,E12000001,E08000024
SR1 3,54.906162,-1.388479,177,England,E12000001,E08000024
SR2 0,54.870425,-1.37011,306,England,E12000001,E08000024
SR2 7,54.89866,-1.389393,316,England,E12000001,E08000024
SR2 8,54.898323,-1.374736,233,England,E12000001,E08000024
SR2 9,54.886552,-1.377949,233,England,E12000001,E08000024
SR3 1,54.884506,-1.406165,316,England,E12000001,E08000024
SR3 2,54.866802,-1.408728,393,England,E12000001,E08000024
SR3 3,54.877831,-1.43084,273,England,E12000001,E08000024
SR3 4,54.886533,-1.428158,162,England,E12000001,E08000024
SR4 0,54.904499,-1.440837,214,England,E12000001,E08000024
SR4 6,54.908613,-1.41146,296,England,E12000001,E08000024
SR4 7,54.902631,-1.406522,281,England,E12000001,E08000024
SR4 8,54.896016,-1.430339,214,England,E12000001,E08000024
SR4 9,54.892304,-1.447051,204,England,E12000001,E08000024
SR43 1,54.910186,-1.425559,1,England,E12000001,E08000024
SR43 2,99.999999,0.0,7,England,,
SR43 3,99.999999,0.0,5,England,,
SR43 4,99.999999,0.0,187,England,,
SR5 1,54.921141,-1.390789,216,England,E12000001,E08000024
SR5 2,54.921874,-1.403627,249,England,E12000001,E08000024
SR5 3,54.919231,-1.446386,281,England,E12000001,E08000024
SR5 4,54.929137,-1.451708,200,England,E12000001,E08000024
SR5 5,54.926248,-1.425417,227,England,E12000001,E08000024
SR5 9,54.916564,-1.416412,374,England,E12000001,E08000024
SR6 0,54.917268,-1.376119,206,England,E12000001,E08000024
SR6 7,54.951439,-1.38608,308,England,E12000001,E08000023
SR6 8,54.934157,-1.381267,163,England,E12000001,E08000024
SR6 9,54.925706,-1.377419,238,England,E12000001,E08000024
SR7 0,54.842684,-1.365336,185,England,E12000001,E06000047
SR7 1,54.83759,-1.335087,32,England,E12000001,E06000047
SR7 7,54.834584,-1.337266,320,England,E12000001,E06000047
SR7 8,54.828548,-1.359229,247,England,E12000001,E06000047
SR7 9,54.818065,-1.389331,255,England,E12000001,E06000047
SR8 1,54.752573,-1.343952,209,England,E12000001,E06000047
SR8 2,54.762098,-1.351706,229,England,E12000001,E06000047
SR8 3,54.785663,-1.338743,295,England,E12000001,E06000047
SR8 4,54.764296,-1.316913,235,England,E12000001,E06000047
SR8 5,54.761667,-1.331758,212,England,E12000001,E06000047
SR8 9,54.764198,-1.337222,82,England,E12000001,E06000047
SR88 1,54.756729,-1.334936,2,England,E12000001,E06000047
SR88 2,54.756729,-1.334936,1,England,E12000001,E06000047
SR9 9,54.911817,-1.408539,25,England,E12000001,E08000024
SS0 0,51.555735,0.685214,247,England,E12000006,E06000033
SS0 7,51.53994,0.699952,309,England,E12000006,E06000033
SS0 8,51.540498,0.68749,205,England,E12000006,E06000033
SS0 9,51.54711,0.690575,350,England,E12000006,E06000033
SS1 1,51.538152,0.71034,246,England,E12000006,E06000033
SS1 2,51.537778,0.723451,392,England,E12000006,E06000033
SS1 3,51.537438,0.751694,298,England,E12000006,E06000033
SS1 7,99.999999,0.0,1,England,,
SS1 9,51.672132,0.71031,377,England,E12000006,E06000033
SS11 7,51.623763,0.531757,280,England,E12000006,E07000070
SS11 8,51.611227,0.540357,353,England,E12000006,E07000066
SS11 9,54.187805,0.496237,94,England,E12000006,E07000066
SS12 0,51.608571,0.512536,233,England,E12000006,E07000066
SS12 9,51.603466,0.527661,290,England,E12000006,E07000066
SS13 1,51.581825,0.507622,286,England,E12000006,E07000066
SS13 2,51.571218,0.517749,173,England,E12000006,E07000066
SS13 3,51.569107,0.499939,230,England,E12000006,E07000066
SS14 0,51.952263,0.455304,381,England,E12000006,E07000066
SS14 1,51.570273,0.471353,352,England,E12000006,E07000066
SS14 2,51.576529,0.469744,299,England,E12000006,E07000066
SS14 3,51.582183,0.480823,322,England,E12000006,E07000066
SS14 9,51.581717,0.47355,28,England,E12000006,E07000066
SS15 4,51.586166,0.436971,141,England,E12000006,E07000066
SS15 5,51.574169,0.435312,390,England,E12000006,E07000066
SS15 6,51.576168,0.416858,293,England,E12000006,E07000066
SS16 4,51.562094,0.482651,299,England,E12000006,E07000066
SS16 5,51.563045,0.451619,324,England,E12000006,E07000066
SS16 6,51.564214,0.415589,253,England,E12000006,E07000066
SS17 0,51.510669,0.424478,277,England,E12000006,E06000034
SS17 1,51.525319,0.448099,35,England,E12000006,E06000034
SS17 7,51.524635,0.445597,271,England,E12000006,E06000034
SS17 8,51.526763,0.427721,225,England,E12000006,E06000034
SS17 9,51.529481,0.467789,181,England,E12000006,E06000034
SS2 4,51.546476,0.733193,322,England,E12000006,E06000033
SS2 5,51.548772,0.715162,302,England,E12000006,E06000033
SS2 6,51.554018,0.701389,378,England,E12000006,E06000033
SS22 7,51.553762,0.712359,48,England,E12000006,E06000033
SS22 8,51.556984,0.706841,55,England,E12000006,E06000033
SS3 0,51.556243,0.793533,251,England,E12000006,E07000075
SS3 3,73.903603,0.409645,26,England,E12000006,E06000033
SS3 8,51.538795,0.783011,158,England,E12000006,E06000033
SS3 9,51.534851,0.791047,386,England,E12000006,E06000033
SS4 1,51.58387,0.704221,381,England,E12000006,E07000075
SS4 2,51.59665,0.763776,85,England,E12000006,E07000075
SS4 3,51.60537,0.707204,235,England,E12000006,E07000075
SS4 9,51.582508,0.709113,54,England,E12000006,E07000075
SS5 4,51.599233,0.656843,347,England,E12000006,E07000075
SS5 5,51.608704,0.661941,190,England,E12000006,E07000075
SS5 6,51.620639,0.619336,193,England,E12000006,E07000075
SS5 9,56.524087,0.589736,59,England,E12000006,E07000075
SS6 0,59.905941,0.498676,64,England,E12000006,E07000075
SS6 7,51.58203,0.605,336,England,E12000006,E07000075
SS6 8,51.586263,0.617749,318,England,E12000006,E07000075
SS6 9,51.595508,0.596783,355,England,E12000006,E07000075
SS7 1,51.557119,0.576143,289,England,E12000006,E07000069
SS7 2,51.557706,0.608133,281,England,E12000006,E07000069
SS7 3,51.568984,0.585843,345,England,E12000006,E07000069
SS7 4,51.571968,0.557629,209,England,E12000006,E07000069
SS7 5,51.559234,0.556542,308,England,E12000006,E07000069
SS7 9,51.567327,0.576826,148,England,E12000006,E07000069
SS8 0,51.518536,0.574075,262,England,E12000006,E07000069
SS8 1,57.373298,0.520387,58,England,E12000006,E07000069
SS8 7,51.51856,0.603063,307,England,E12000006,E07000069
SS8 8,51.524257,0.603755,211,England,E12000006,E07000069
SS8 9,51.525892,0.580151,364,England,E12000006,E07000069
SS9 0,65.006167,0.483746,54,England,E12000006,E06000033
SS9 1,51.543951,0.661398,303,England,E12000006,E06000033
SS9 2,51.545687,0.643198,310,England,E12000006,E06000033
SS9 3,51.550452,0.650197,290,England,E12000006,E06000033
SS9 4,51.560227,0.650412,271,England,E12000006,E06000033
SS9 5,51.567767,0.653376,333,England,E12000006,E06000033
SS99 0,51.5402,0.719908,15,England,E12000006,E06000033
SS99 1,51.54622,0.706106,52,England,E12000006,E06000033
SS99 2,51.549063,0.711584,13,England,E12000006,E06000033
SS99 3,51.550364,0.711657,9,England,E12000006,E06000033
SS99 4,51.548232,0.711522,7,England,E12000006,E06000033
SS99 5,51.547801,0.711306,15,England,E12000006,E06000033
SS99 6,51.552909,0.707149,137,England,E12000006,E06000033
SS99 7,51.542111,0.718097,4,England,E12000006,E06000033
SS99 8,51.547429,0.712396,5,England,E12000006,E06000033
SS99 9,51.542182,0.717761,77,England,E12000006,E06000033
ST1 1,53.023448,-2.176343,184,England,E12000005,E06000021
ST1 2,53.02726,-2.170275,194,England,E12000005,E06000021
ST1 3,53.019689,-2.170483,285,England,E12000005,E06000021
ST1 4,53.019186,-2.183763,223,England,E12000005,E06000021
ST1 5,53.025663,-2.185748,299,England,E12000005,E06000021
ST1 6,53.03388,-2.162994,311,England,E12000005,E06000021
ST10 1,52.984163,-1.986644,355,England,E12000005,E07000198
ST10 2,53.018303,-1.985486,202,England,E12000005,E07000198
ST10 3,53.026453,-1.893194,123,England,E12000005,E07000198
ST10 4,52.953187,-1.954843,266,England,E12000005,E07000198
ST10 9,55.28018,-1.88915,41,England,E12000005,E07000198
ST11 9,52.966693,-2.067124,285,England,E12000005,E07000198
ST12 9,52.953888,-2.172289,145,England,E12000005,E07000197
ST13 5,53.102577,-2.023687,269,England,E12000005,E07000198
ST13 6,53.109183,-2.016275,213,England,E12000005,E07000198
ST13 7,53.078303,-1.991814,268,England,E12000005,E07000198
ST13 8,53.113813,-2.041618,318,England,E12000005,E07000198
ST13 9,53.106328,-2.025969,77,England,E12000005,E07000198
ST14 5,52.93325,-1.872363,203,England,E12000005,E07000193
ST14 7,52.90287,-1.874509,264,England,E12000005,E07000193
ST14 8,52.886455,-1.864394,331,England,E12000005,E07000193
ST14 9,53.77023,-1.831327,54,England,E12000005,E07000193
ST15 0,52.894671,-2.168452,377,England,E12000005,E07000197
ST15 8,52.905165,-2.135493,397,England,E12000005,E07000197
ST15 9,54.194772,-2.090841,108,England,E12000005,E07000197
ST16 1,52.818299,-2.134465,393,England,E12000005,E07000197
ST16 2,52.807864,-2.120264,265,England,E12000005,E07000197
ST16 3,52.813074,-2.107904,393,England,E12000005,E07000197
ST16 9,52.927116,-2.116795,381,England,E12000005,E07000197
ST17 0,52.785777,-2.071425,352,England,E12000005,E07000197
ST17 4,52.793781,-2.102924,362,England,E12000005,E07000197
ST17 9,52.789445,-2.125383,396,England,E12000005,E07000197
ST18 0,52.824174,-2.029965,395,England,E12000005,E07000197
ST18 9,52.799365,-2.16537,253,England,E12000005,E07000197
ST19 5,52.723033,-2.111242,287,England,E12000005,E07000196
ST19 9,52.708004,-2.185988,240,England,E12000005,E07000196
ST2 0,53.011943,-2.128275,263,England,E12000005,E06000021
ST2 7,53.049496,-2.142807,208,England,E12000005,E06000021
ST2 8,53.032164,-2.138766,176,England,E12000005,E06000021
ST2 9,53.019972,-2.14141,213,England,E12000005,E06000021
ST20 0,52.798668,-2.255039,274,England,E12000005,E07000197
ST21 6,52.868917,-2.262938,252,England,E12000005,E07000197
ST3 1,52.988752,-2.129418,270,England,E12000005,E06000021
ST3 2,52.98567,-2.146582,253,England,E12000005,E06000021
ST3 3,52.972856,-2.155955,185,England,E12000005,E06000021
ST3 4,52.978529,-2.131278,275,England,E12000005,E06000021
ST3 5,52.99057,-2.116787,325,England,E12000005,E06000021
ST3 6,52.98494,-2.095805,248,England,E12000005,E06000021
ST3 7,52.967717,-2.104384,376,England,E12000005,E06000021
ST3 9,53.758236,-2.080918,121,England,E12000005,E06000021
ST4 1,53.004702,-2.183293,182,England,E12000005,E06000021
ST4 2,53.007689,-2.171044,322,England,E12000005,E06000021
ST4 3,52.99655,-2.153387,240,England,E12000005,E06000021
ST4 4,52.996299,-2.18097,293,England,E12000005,E06000021
ST4 5,52.996162,-2.19585,239,England,E12000005,E06000021
ST4 6,53.002932,-2.206981,262,England,E12000005,E06000021
ST4 7,53.00844,-2.194832,266,England,E12000005,E06000021
ST4 8,52.971128,-2.186589,392,England,E12000005,E06000021
ST4 9,53.007664,-2.179122,305,England,E12000005,E06000021
ST5 0,53.025063,-2.218534,297,England,E12000005,E07000195
ST5 1,53.011218,-2.223826,292,England,E12000005,E07000195
ST5 2,53.009121,-2.23611,300,England,E12000005,E07000195
ST5 3,52.996435,-2.231854,280,England,E12000005,E07000195
ST5 4,52.986377,-2.231883,187,England,E12000005,E07000195
ST5 5,52.982041,-2.290407,185,England,E12000005,E07000195
ST5 6,53.019879,-2.266561,255,England,E12000005,E07000195
ST5 7,53.040893,-2.250433,305,England,E12000005,E07000195
ST5 8,53.035654,-2.229732,263,England,E12000005,E07000195
ST5 9,53.023464,-2.233903,231,England,E12000005,E07000195
ST55 9,53.016107,-2.250771,198,England,E12000005,E07000195
ST6 1,53.049888,-2.18272,241,England,E12000005,E06000021
ST6 2,53.040818,-2.185886,201,England,E12000005,E06000021
ST6 3,53.041714,-2.199921,228,England,E12000005,E06000021
ST6 4,53.049679,-2.208305,248,England,E12000005,E06000021
ST6 5,53.066108,-2.213841,306,England,E12000005,E06000021
ST6 6,53.068145,-2.196086,319,England,E12000005,E06000021
ST6 7,53.057739,-2.187295,210,England,E12000005,E06000021
ST6 8,53.066462,-2.156636,297,England,E12000005,E06000021
ST6 9,53.519067,-2.183736,101,England,E12000005,E06000021
ST7 1,53.080971,-2.255425,303,England,E12000005,E07000195
ST7 2,53.095815,-2.308002,394,England,E12000002,E06000049
ST7 3,53.106615,-2.260731,295,England,E12000002,E06000049
ST7 4,53.091238,-2.224324,357,England,E12000005,E07000195
ST7 8,53.051042,-2.297142,196,England,E12000005,E07000195
ST7 9,53.541815,-2.236579,103,England,E12000005,E07000195
ST8 6,53.115325,-2.176014,290,England,E12000005,E07000198
ST8 7,53.115594,-2.161486,322,England,E12000005,E07000198
ST8 9,54.455125,-2.11187,35,England,E12000005,E07000198
ST9 0,53.02593,-2.092033,190,England,E12000005,E07000198
ST9 9,53.070011,-2.113376,225,England,E12000005,E07000198
SW10 0,51.481639,-0.181633,392,England,E12000007,E09000020
SW10 1,57.474287,-0.160941,81,England,E12000007,E09000020
SW10 9,51.485849,-0.184314,388,England,E12000007,E09000020
SW11 1,51.595052,-0.166986,366,England,E12000007,E09000032
SW11 2,51.4657,-0.17071,367,England,E12000007,E09000032
SW11 3,51.470254,-0.171587,392,England,E12000007,E09000032
SW11 4,51.474086,-0.160999,320,England,E12000007,E09000032
SW11 5,51.467206,-0.158717,391,England,E12000007,E09000032
SW11 6,51.457836,-0.163102,296,England,E12000007,E09000032
SW11 7,51.481381,-0.133691,85,England,E12000007,E09000032
SW11 8,51.481487,-0.145175,89,England,E12000007,E09000032
SW11 9,56.166887,-0.148461,289,England,E12000007,E09000032
SW12 0,51.445923,-0.142451,249,England,E12000007,E09000022
SW12 2,59.983281,-0.124874,91,England,E12000007,E09000032
SW12 8,51.447258,-0.155687,347,England,E12000007,E09000032
SW12 9,51.445227,-0.149141,330,England,E12000007,E09000032
SW13 0,51.469931,-0.251971,259,England,E12000007,E09000027
SW13 1,99.999999,0.0,1,England,,
SW13 3,56.489696,-0.238558,58,England,E12000007,E09000027
SW13 8,51.480656,-0.238448,66,England,E12000007,E09000027
SW13 9,51.477788,-0.246602,278,England,E12000007,E09000027
SW14 7,51.465824,-0.270988,272,England,E12000007,E09000027
SW14 8,51.466641,-0.263141,327,England,E12000007,E09000027
SW14 9,51.469278,-0.266082,70,England,E12000007,E09000027
SW15 1,51.464474,-0.220401,329,England,E12000007,E09000032
SW15 2,51.459609,-0.212879,379,England,E12000007,E09000032
SW15 3,51.450059,-0.229837,322,England,E12000007,E09000032
SW15 4,51.450341,-0.240068,204,England,E12000007,E09000032
SW15 5,51.459104,-0.238898,288,England,E12000007,E09000032
SW15 6,51.460052,-0.224412,334,England,E12000007,E09000032
SW15 9,57.360301,-0.191984,181,England,E12000007,E09000032
SW16 1,51.432081,-0.133288,341,England,E12000007,E09000022
SW16 2,51.430654,-0.124059,391,England,E12000007,E09000022
SW16 3,51.420499,-0.12031,260,England,E12000007,E09000022
SW16 4,51.411631,-0.125698,366,England,E12000007,E09000008
SW16 5,51.418096,-0.133993,376,England,E12000007,E09000022
SW16 6,51.425115,-0.138123,337,England,E12000007,E09000022
SW16 9,58.765841,-0.110935,245,England,E12000007,E09000022
SW17 0,51.431244,-0.175099,392,England,E12000007,E09000032
SW17 1,60.964063,-0.133072,163,England,E12000007,E09000032
SW17 6,51.42965,-0.153721,40,England,E12000007,E09000032
SW17 7,51.435732,-0.163722,353,England,E12000007,E09000032
SW17 8,51.43112,-0.160018,365,England,E12000007,E09000032
SW17 9,51.424354,-0.162621,369,England,E12000007,E09000032
SW18 1,51.45803,-0.193789,382,England,E12000007,E09000032
SW18 2,51.453403,-0.185847,308,England,E12000007,E09000032
SW18 3,51.445979,-0.182982,304,England,E12000007,E09000032
SW18 4,51.448653,-0.192706,379,England,E12000007,E09000032
SW18 5,51.44675,-0.200632,330,England,E12000007,E09000032
SW18 9,51.738827,-0.190314,335,England,E12000007,E09000032
SW19 1,51.418145,-0.196786,355,England,E12000007,E09000024
SW19 2,51.415937,-0.186192,353,England,E12000007,E09000024
SW19 3,51.41312,-0.203483,366,England,E12000007,E09000024
SW19 4,51.419663,-0.216578,359,England,E12000007,E09000024
SW19 5,51.429776,-0.217817,252,England,E12000007,E09000024
SW19 6,51.438138,-0.21537,319,England,E12000007,E09000032
SW19 7,51.424442,-0.208061,242,England,E12000007,E09000024
SW19 8,51.424946,-0.199851,391,England,E12000007,E09000024
SW19 9,58.07463,-0.184172,270,England,E12000007,E09000024
SW1A 0,51.496291,-0.12845,13,England,E12000007,E09000033
SW1A 1,51.502605,-0.139066,188,England,E12000007,E09000033
SW1A 2,51.501695,-0.127906,154,England,E12000007,E09000033
SW1E 5,51.496712,-0.1411,195,England,E12000007,E09000033
SW1E 6,51.496982,-0.139085,180,England,E12000007,E09000033
SW1H 0,51.497082,-0.13497,191,England,E12000007,E09000033
SW1H 9,51.498425,-0.13375,173,England,E12000007,E09000033
SW1P 1,51.486787,-0.136298,375,England,E12000007,E09000032
SW1P 2,51.493803,-0.133647,283,England,E12000007,E09000033
SW1P 3,51.495472,-0.130207,242,England,E12000007,E09000033
SW1P 4,51.49187,-0.131189,295,England,E12000007,E09000033
SW1P 9,51.481072,-0.13441,400,England,E12000007,E09000032
SW1V 1,51.493285,-0.141025,272,England,E12000007,E09000033
SW1V 2,51.491287,-0.136961,301,England,E12000007,E09000033
SW1V 3,51.488087,-0.137551,292,England,E12000007,E09000033
SW1V 4,51.490187,-0.142718,255,England,E12000007,E09000033
SW1W 0,51.495406,-0.144566,235,England,E12000007,E09000033
SW1W 8,51.491133,-0.150429,310,England,E12000007,E09000033
SW1W 9,51.49364,-0.1472,270,England,E12000007,E09000033
SW1X 0,51.496281,-0.157412,143,England,E12000007,E09000020
SW1X 1,51.49892,-0.148708,1,England,E12000007,E09000033
SW1X 7,51.499338,-0.151748,272,England,E12000007,E09000033
SW1X 8,51.496997,-0.151237,268,England,E12000007,E09000033
SW1X 9,51.496575,-0.155291,242,England,E12000007,E09000020
SW1Y 4,51.505731,-0.134147,308,England,E12000007,E09000033
SW1Y 5,51.504593,-0.134248,160,England,E12000007,E09000033
SW1Y 6,51.505252,-0.137303,214,England,E12000007,E09000033
SW2 1,51.455968,-0.117372,313,England,E12000007,E09000022
SW2 2,51.450392,-0.116607,330,England,E12000007,E09000022
SW2 3,51.443721,-0.117634,318,England,E12000007,E09000022
SW2 4,51.446303,-0.126946,346,England,E12000007,E09000022
SW2 5,51.456182,-0.123319,301,England,E12000007,E09000022
SW2 9,51.454245,-0.122218,244,England,E12000007,E09000022
SW20 0,51.414092,-0.232516,341,England,E12000007,E09000024
SW20 2,58.13169,-0.183938,123,England,E12000007,E09000024
SW20 8,51.413423,-0.22023,335,England,E12000007,E09000024
SW20 9,51.405637,-0.220676,190,England,E12000007,E09000024
SW3 1,51.495585,-0.163913,233,England,E12000007,E09000020
SW3 2,51.492573,-0.16491,295,England,E12000007,E09000020
SW3 3,51.490015,-0.166382,301,England,E12000007,E09000020
SW3 4,51.486833,-0.161729,301,England,E12000007,E09000020
SW3 5,51.485118,-0.168516,348,England,E12000007,E09000020
SW3 6,51.487683,-0.170711,244,England,E12000007,E09000020
SW3 9,61.837563,-0.109256,131,England,E12000007,E09000022
SW4 0,51.464276,-0.142649,285,England,E12000007,E09000022
SW4 4,58.667969,-0.118353,128,England,E12000007,E09000022
SW4 6,51.467481,-0.133216,302,England,E12000007,E09000022
SW4 7,51.461937,-0.132727,321,England,E12000007,E09000022
SW4 8,51.453953,-0.135148,248,England,E12000007,E09000022
SW4 9,51.458002,-0.141994,296,England,E12000007,E09000022
SW5 0,51.49054,-0.187939,326,England,E12000007,E09000020
SW5 5,58.867503,-0.155665,46,England,E12000007,E09000020
SW5 9,51.489378,-0.191517,382,England,E12000007,E09000020
SW6 1,51.482237,-0.197085,358,England,E12000007,E09000013
SW6 2,51.47457,-0.189345,391,England,E12000007,E09000013
SW6 3,51.472083,-0.199522,346,England,E12000007,E09000013
SW6 4,51.475625,-0.200545,357,England,E12000007,E09000013
SW6 5,51.477072,-0.202978,274,England,E12000007,E09000013
SW6 6,51.478119,-0.211441,340,England,E12000007,E09000013
SW6 7,51.480961,-0.20497,352,England,E12000007,E09000013
SW6 9,56.908227,-0.176225,286,England,E12000007,E09000013
SW7 1,51.499769,-0.16928,260,England,E12000007,E09000033
SW7 2,51.496805,-0.174367,260,England,E12000007,E09000020
SW7 3,51.492768,-0.176676,244,England,E12000007,E09000020
SW7 4,51.495591,-0.182133,301,England,E12000007,E09000020
SW7 5,51.497041,-0.179561,273,England,E12000007,E09000020
SW7 7,99.999999,0.0,1,England,,
SW7 9,54.767786,-0.162742,89,England,E12000007,E09000020
SW8 1,51.479363,-0.123046,371,England,E12000007,E09000022
SW8 2,51.476729,-0.129354,333,England,E12000007,E09000022
SW8 3,51.470859,-0.144325,252,England,E12000007,E09000032
SW8 4,51.476368,-0.138413,297,England,E12000007,E09000032
SW8 5,51.480505,-0.133869,169,England,E12000007,E09000032
SW8 9,58.47016,-0.111563,111,England,E12000007,E09000022
SW9 0,51.472505,-0.115435,322,England,E12000007,E09000022
SW9 1,52.652366,-0.110792,123,England,E12000007,E09000022
SW9 6,51.474096,-0.109875,332,England,E12000007,E09000022
SW9 7,51.468047,-0.10993,323,England,E12000007,E09000022
SW9 8,51.463305,-0.112056,324,England,E12000007,E09000022
SW9 9,51.467598,-0.120429,360,England,E12000007,E09000022
SW95 9,51.480478,-0.136307,62,England,E12000007,E09000032
SW99 0,51.472404,-0.115648,2,England,E12000007,E09000022
SY1 1,52.708186,-2.753889,316,England,E12000005,E06000051
SY1 2,52.716236,-2.748254,316,England,E12000005,E06000051
SY1 3,52.733931,-2.74077,314,England,E12000005,E06000051
SY1 4,52.730689,-2.725818,292,England,E12000005,E06000051
SY1 9,52.711639,-2.746602,373,England,E12000005,E06000051
SY10 0,52.812828,-3.338002,161,Wales,W99999999,W06000023
SY10 1,52.845618,-3.04207,139,England,E12000005,E06000051
SY10 7,52.892171,-3.079001,286,England,E12000005,E06000051
SY10 8,52.801958,-3.028523,228,England,E12000005,E06000051
SY10 9,52.826305,-3.097491,240,England,E12000005,E06000051
SY11 1,52.859835,-3.053551,301,England,E12000005,E06000051
SY11 2,52.855304,-3.044545,354,England,E12000005,E06000051
SY11 3,52.912077,-3.018368,222,England,E12000005,E06000051
SY11 4,52.853291,-2.9931,232,England,E12000005,E06000051
SY12 0,52.900603,-2.87593,241,England,E12000005,E06000051
SY12 2,81.137585,-1.216225,5,England,,
SY12 9,52.904985,-2.922428,187,England,E12000005,E06000051
SY13 1,52.968047,-2.684309,339,England,E12000005,E06000051
SY13 2,52.914895,-2.696625,257,England,E12000005,E06000051
SY13 3,52.949879,-2.741058,177,Wales,W99999999,W06000006
SY13 4,52.975707,-2.644197,214,England,E12000005,E06000051
SY13 9,62.794228,-2.122573,67,England,E12000005,E06000051
SY14 7,53.018303,-2.797647,176,England,E12000002,E06000050
SY14 8,53.035662,-2.735647,223,England,E12000002,E06000050
SY15 6,52.560433,-3.134692,285,Wales,W99999999,W06000023
SY16 1,52.510242,-3.320457,220,Wales,W99999999,W06000023
SY16 2,52.517539,-3.313513,224,Wales,W99999999,W06000023
SY16 3,52.552818,-3.336413,189,Wales,W99999999,W06000023
SY16 4,52.498531,-3.273452,168,Wales,W99999999,W06000023
SY16 9,62.011458,-2.650614,30,Wales,W99999999,W06000023
SY17 5,52.517029,-3.461725,206,Wales,W99999999,W06000023
SY18 6,52.442134,-3.549539,246,Wales,W99999999,W06000023
SY18 9,99.999999,0.0,1,Wales,W99999999,
SY19 7,52.571988,-3.595483,66,Wales,W99999999,W06000023
SY2 2,52.704317,-2.732535,1,England,E12000005,E06000051
SY2 5,52.711723,-2.727583,350,England,E12000005,E06000051
SY2 6,52.697928,-2.733952,297,England,E12000005,E06000051
SY20 0,59.361926,-3.294489,14,Wales,W99999999,W06000023
SY20 8,52.582968,-3.839655,274,Wales,W99999999,W06000023
SY20 9,52.654129,-3.795307,209,Wales,W99999999,W06000002
SY21 0,52.66296,-3.372241,224,Wales,W99999999,W06000023
SY21 1,74.850263,-1.671217,32,Wales,W99999999,W06000023
SY21 7,52.661084,-3.145281,323,Wales,W99999999,W06000023
SY21 8,52.637847,-3.139001,277,Wales,W99999999,W06000023
SY21 9,52.678116,-3.181785,192,Wales,W99999999,W06000023
SY22 5,52.763978,-3.273192,119,Wales,W99999999,W06000023
SY22 6,52.755859,-3.148257,326,Wales,W99999999,W06000023
SY23 1,52.410049,-4.077944,261,Wales,W99999999,W06000008
SY23 2,52.415785,-4.079311,170,Wales,W99999999,W06000008
SY23 3,52.414696,-4.025371,368,Wales,W99999999,W06000008
SY23 4,52.353312,-4.009583,262,Wales,W99999999,W06000008
SY23 5,52.287774,-4.143262,154,Wales,W99999999,W06000008
SY23 9,57.232113,-3.633375,69,Wales,W99999999,W06000008
SY24 5,52.469026,-4.025333,168,Wales,W99999999,W06000008
SY25 6,52.237308,-3.935566,244,Wales,W99999999,W06000008
SY3 0,52.675596,-2.770334,198,England,E12000005,E06000051
SY3 5,52.712534,-2.799355,181,England,E12000005,E06000051
SY3 6,52.69879,-2.774534,66,England,E12000005,E06000051
SY3 7,52.701443,-2.749595,271,England,E12000005,E06000051
SY3 8,52.711622,-2.777533,367,England,E12000005,E06000051
SY3 9,52.694191,-2.766022,233,England,E12000005,E06000051
SY4 1,52.764105,-2.881428,163,England,E12000005,E06000051
SY4 2,52.792442,-2.852176,157,England,E12000005,E06000051
SY4 3,52.78037,-2.760685,237,England,E12000005,E06000051
SY4 4,52.758305,-2.666597,309,England,E12000005,E06000051
SY4 5,52.848692,-2.723551,340,England,E12000005,E06000051
SY4 9,52.814631,-2.730008,37,England,E12000005,E06000051
SY5 0,52.633473,-2.911387,331,England,E12000005,E06000051
SY5 6,52.651424,-2.6531,225,England,E12000005,E06000051
SY5 7,52.630498,-2.746628,196,England,E12000005,E06000051
SY5 8,52.671088,-2.819111,206,England,E12000005,E06000051
SY5 9,52.691844,-2.933738,275,England,E12000005,E06000051
SY6 1,52.533888,-2.812253,1,England,E12000005,E06000051
SY6 6,52.537203,-2.809073,234,England,E12000005,E06000051
SY6 7,52.533711,-2.768436,138,England,E12000005,E06000051
SY6 9,79.620157,-1.217266,7,England,,
SY7 0,52.379997,-2.913395,200,England,E12000005,E06000051
SY7 7,64.335276,-2.130212,44,England,E12000005,E06000051
SY7 8,52.445312,-2.964138,207,England,E12000005,E06000051
SY7 9,52.446974,-2.786833,233,England,E12000005,E06000051
SY8 1,52.368982,-2.710626,368,England,E12000005,E06000051
SY8 2,52.388722,-2.728641,191,England,E12000005,E06000051
SY8 3,52.372583,-2.625821,202,England,E12000005,E06000051
SY8 4,52.323468,-2.711618,182,England,E12000005,E06000019
SY8 9,52.369485,-2.703356,87,England,E12000005,E06000051
SY9 5,52.496126,-2.982471,149,England,E12000005,E06000051
SY99 8,57.44159,-2.474598,10,England,E12000005,E06000051
TA1 1,51.018936,-3.103671,359,England,E12000009,E06000066
TA1 2,51.016131,-3.080201,323,England,E12000009,E06000066
TA1 3,51.010737,-3.096472,358,England,E12000009,E06000066
TA1 4,51.008911,-3.1143,314,England,E12000009,E06000066
TA1 5,51.012089,-3.127782,213,England,E12000009,E06000066
TA1 9,57.308166,-2.719724,351,England,E12000009,E06000066
TA10 0,51.022905,-2.857071,203,England,E12000009,E06000066
TA10 1,52.993904,-2.72266,25,England,E12000009,E06000066
TA10 9,51.041158,-2.805454,304,England,E12000009,E06000066
TA11 6,51.063736,-2.71881,299,England,E12000009,E06000066
TA11 7,51.054963,-2.688484,193,England,E12000009,E06000066
TA11 9,52.314048,-2.679458,39,England,E12000009,E06000066
TA12 6,50.974204,-2.772335,217,England,E12000009,E06000066
TA13 5,50.947121,-2.810639,178,England,E12000009,E06000066
TA14 6,50.947948,-2.751134,113,England,E12000009,E06000066
TA15 6,50.951424,-2.722127,32,England,E12000009,E06000066
TA16 5,50.907724,-2.793133,63,England,E12000009,E06000066
TA17 8,50.908206,-2.836085,36,England,E12000009,E06000066
TA18 7,50.89055,-2.778974,256,England,E12000009,E06000066
TA18 8,50.874558,-2.797889,233,England,E12000009,E06000066
TA18 9,51.86442,-2.730659,50,England,E12000009,E06000066
TA19 0,50.929992,-2.894967,253,England,E12000009,E06000066
TA19 9,50.937551,-2.933322,306,England,E12000009,E06000066
TA2 6,51.028402,-3.126576,301,England,E12000009,E06000066
TA2 7,51.030558,-3.099934,278,England,E12000009,E06000066
TA2 8,51.039321,-3.078994,326,England,E12000009,E06000066
TA20 1,50.877338,-2.960117,287,England,E12000009,E06000066
TA20 2,50.860105,-2.957158,268,England,E12000009,E06000066
TA20 3,50.899862,-3.012058,227,England,E12000009,E06000066
TA20 4,50.854034,-2.908646,194,England,E12000009,E06000066
TA20 9,51.595298,-2.918461,68,England,E12000009,E06000066
TA21 0,50.982133,-3.285565,219,England,E12000009,E06000066
TA21 1,51.940227,-3.164227,51,England,E12000009,E06000066
TA21 8,50.978499,-3.228518,268,England,E12000009,E06000066
TA21 9,50.973639,-3.221067,282,England,E12000009,E06000066
TA22 9,51.04486,-3.547093,206,England,E12000009,E06000066
TA23 0,51.165166,-3.348777,307,England,E12000009,E06000066
TA24 3,51.220505,-3.580797,1,England,E12000009,E06000066
TA24 5,51.205571,-3.477262,290,England,E12000009,E06000066
TA24 6,51.184098,-3.438417,311,England,E12000009,E06000066
TA24 7,51.135588,-3.591137,248,England,E12000009,E06000066
TA24 8,51.204403,-3.548231,246,England,E12000009,E06000066
TA24 9,52.061055,-3.420336,57,England,E12000009,E06000066
TA3 5,51.010956,-3.039301,247,England,E12000009,E06000066
TA3 6,51.006039,-2.971249,271,England,E12000009,E06000066
TA3 7,50.965774,-3.120857,248,England,E12000009,E06000066
TA4 1,51.021364,-3.201641,249,England,E12000009,E06000066
TA4 2,51.045245,-3.336569,323,England,E12000009,E06000066
TA4 3,51.071227,-3.212034,301,England,E12000009,E06000066
TA4 4,51.140647,-3.282031,260,England,E12000009,E06000066
TA4 9,51.161361,-3.319767,18,England,E12000009,E06000066
TA5 1,51.153656,-3.138195,265,England,E12000009,E06000066
TA5 2,51.133112,-3.048177,300,England,E12000009,E06000066
TA6 3,51.130815,-3.006389,331,England,E12000009,E06000066
TA6 4,51.140188,-2.98525,396,England,E12000009,E06000066
TA6 5,51.125355,-2.98997,257,England,E12000009,E06000066
TA6 6,51.105694,-3.006883,391,England,E12000009,E06000066
TA6 7,51.127727,-3.021367,214,England,E12000009,E06000066
TA6 9,56.675878,-2.663262,229,England,E12000009,E06000066
TA7 0,51.089802,-2.934592,224,England,E12000009,E06000066
TA7 8,51.160627,-2.943261,245,England,E12000009,E06000066
TA7 9,51.140541,-2.863926,221,England,E12000009,E06000066
TA8 1,51.234581,-2.992394,231,England,E12000009,E06000066
TA8 2,51.252563,-2.997058,310,England,E12000009,E06000066
TA8 9,51.854129,-2.955437,79,England,E12000009,E06000066
TA9 3,51.217897,-2.975639,307,England,E12000009,E06000066
TA9 4,51.235797,-2.938569,235,England,E12000009,E06000066
TD1 1,55.619692,-2.821315,247,Scotland,S99999999,S12000026
TD1 2,55.639582,-2.805891,269,Scotland,S99999999,S12000026
TD1 3,55.607091,-2.805505,242,Scotland,S99999999,S12000026
TD1 9,55.617463,-2.809014,28,Scotland,S99999999,S12000026
TD10 6,55.716144,-2.441881,55,Scotland,S99999999,S12000026
TD11 3,55.787013,-2.313597,322,Scotland,S99999999,S12000026
TD11 9,55.776904,-2.345653,13,Scotland,S99999999,S12000026
TD12 4,55.652736,-2.241529,266,Scotland,S99999999,S12000026
TD12 9,55.65574,-2.250001,6,Scotland,S99999999,S12000026
TD13 5,55.933427,-2.377119,44,Scotland,S99999999,S12000026
TD13 9,56.000821,-2.515373,2,Scotland,S99999999,S12000010
TD14 5,55.867031,-2.122852,278,Scotland,S99999999,S12000026
TD14 9,70.580956,-1.394589,6,Scotland,S99999999,S12000026
TD15 1,55.772355,-2.022185,302,England,E12000001,E06000057
TD15 2,55.731445,-2.008157,382,England,E12000001,E06000057
TD15 9,55.770065,-2.00162,54,England,E12000001,E06000057
TD2 6,55.730548,-2.754684,123,Scotland,S99999999,S12000026
TD3 6,55.702442,-2.573479,51,Scotland,S99999999,S12000026
TD3 9,99.999999,0.0,1,Scotland,S99999999,
TD4 6,55.640521,-2.673836,122,Scotland,S99999999,S12000026
TD5 7,55.609889,-2.441619,292,Scotland,S99999999,S12000026
TD5 8,55.561788,-2.388563,221,Scotland,S99999999,S12000026
TD5 9,62.610153,-2.048282,19,Scotland,S99999999,S12000026
TD6 0,55.573588,-2.658562,167,Scotland,S99999999,S12000026
TD6 6,56.364657,-2.644076,57,Scotland,S99999999,S12000026
TD6 9,55.58889,-2.722039,254,Scotland,S99999999,S12000026
TD7 4,55.54259,-2.833278,191,Scotland,S99999999,S12000026
TD7 5,55.530906,-2.917391,148,Scotland,S99999999,S12000026
TD7 9,55.546848,-2.841167,10,Scotland,S99999999,S12000026
TD8 6,55.475952,-2.542973,305,Scotland,S99999999,S12000026
TD8 9,55.47862,-2.553736,3,Scotland,S99999999,S12000026
TD9 0,55.330137,-2.81037,240,Scotland,S99999999,S12000026
TD9 1,66.566387,-2.093157,8,Scotland,S99999999,S12000026
TD9 7,55.425165,-2.81696,162,Scotland,S99999999,S12000026
TD9 8,55.435619,-2.725741,240,Scotland,S99999999,S12000026
TD9 9,55.41593,-2.769976,224,Scotland,S99999999,S12000026
TF1 1,52.699722,-2.513041,309,England,E12000005,E06000020
TF1 2,52.695303,-2.516035,226,England,E12000005,E06000020
TF1 3,52.707341,-2.52226,250,England,E12000005,E06000020
TF1 4,52.705016,-2.485956,393,England,E12000005,E06000020
TF1 5,52.699419,-2.480611,287,England,E12000005,E06000020
TF1 6,52.710196,-2.500592,256,England,E12000005,E06000020
TF1 7,52.71545,-2.473155,73,England,E12000005,E06000020
TF1 9,52.699908,-2.519883,93,England,E12000005,E06000020
TF10 0,52.762197,-2.390412,27,England,E12000005,E06000020
TF10 7,52.768597,-2.377144,389,England,E12000005,E06000020
TF10 8,52.783983,-2.41793,212,England,E12000005,E06000020
TF10 9,52.749316,-2.365707,160,England,E12000005,E06000020
TF11 8,52.678686,-2.354465,331,England,E12000005,E06000051
TF11 9,52.639408,-2.379889,201,England,E12000005,E06000051
TF12 5,52.612961,-2.48079,263,England,E12000005,E06000051
TF13 6,52.580747,-2.5802,223,England,E12000005,E06000051
TF13 9,78.951495,-1.086488,9,England,,
TF2 0,52.688806,-2.455512,67,England,E12000005,E06000020
TF2 2,52.664882,-2.444791,256,England,E12000005,E06000020
TF2 5,52.685395,-2.40608,8,England,E12000005,E06000020
TF2 6,52.696791,-2.453923,286,England,E12000005,E06000020
TF2 7,52.708316,-2.440226,256,England,E12000005,E06000020
TF2 8,52.717222,-2.433571,268,England,E12000005,E06000020
TF2 9,52.69242,-2.429766,377,England,E12000005,E06000020
TF3 1,52.652648,-2.441907,298,England,E12000005,E06000020
TF3 2,52.666197,-2.440899,180,England,E12000005,E06000020
TF3 3,52.673462,-2.430454,79,England,E12000005,E06000020
TF3 4,52.672838,-2.448034,180,England,E12000005,E06000020
TF3 5,52.681541,-2.474391,157,England,E12000005,E06000020
TF4 2,52.668328,-2.471578,340,England,E12000005,E06000020
TF4 3,52.654375,-2.468429,351,England,E12000005,E06000020
TF5 0,52.715064,-2.53682,138,England,E12000005,E06000020
TF6 2,99.999999,0.0,1,England,,
TF6 5,52.689797,-2.556884,115,England,E12000005,E06000020
TF6 6,52.75413,-2.554497,244,England,E12000005,E06000020
TF7 4,52.637485,-2.435252,322,England,E12000005,E06000020
TF7 5,52.636699,-2.460853,322,England,E12000005,E06000020
TF7 9,52.900521,-2.429886,188,England,E12000005,E06000020
TF8 7,52.630422,-2.479092,223,England,E12000005,E06000020
TF9 1,52.902762,-2.488606,262,England,E12000005,E06000051
TF9 2,52.865626,-2.467615,290,England,E12000005,E06000051
TF9 3,52.897083,-2.516138,346,England,E12000005,E06000051
TF9 4,52.929436,-2.398327,261,England,E12000005,E07000195
TF9 9,52.905361,-2.484784,94,England,E12000005,E06000051
TN1 1,51.134364,0.265612,364,England,E12000008,E07000116
TN1 2,51.139504,0.270543,358,England,E12000008,E07000116
TN10 3,51.210635,0.276823,254,England,E12000008,E07000115
TN10 4,51.209629,0.292502,231,England,E12000008,E07000115
TN11 0,51.207569,0.324165,258,England,E12000008,E07000115
TN11 8,51.18946,0.202526,231,England,E12000008,E07000111
TN11 9,51.218047,0.269034,281,England,E12000008,E07000115
TN12 0,51.164839,0.541486,322,England,E12000008,E07000110
TN12 5,51.212818,0.377384,174,England,E12000008,E07000115
TN12 6,51.179802,0.377588,397,England,E12000008,E07000116
TN12 7,51.152925,0.377124,188,England,E12000008,E07000116
TN12 8,51.140668,0.428616,148,England,E12000008,E07000116
TN12 9,51.177123,0.48477,313,England,E12000008,E07000110
TN13 1,51.267653,0.190141,384,England,E12000008,E07000111
TN13 2,51.28115,0.171058,349,England,E12000008,E07000111
TN13 3,51.280624,0.190919,372,England,E12000008,E07000111
TN13 6,51.350747,0.250306,1,England,E12000008,E07000111
TN13 9,51.270325,0.191818,381,England,E12000008,E07000111
TN14 5,51.297157,0.189288,302,England,E12000008,E07000111
TN14 6,51.25641,0.156839,211,England,E12000008,E07000111
TN14 7,51.321511,0.139766,284,England,E12000008,E07000111
TN15 0,51.274307,0.238471,263,England,E12000008,E07000111
TN15 6,51.319587,0.236951,350,England,E12000008,E07000111
TN15 7,51.315111,0.299386,234,England,E12000008,E07000115
TN15 8,51.28875,0.306386,279,England,E12000008,E07000115
TN15 9,51.282796,0.27256,97,England,E12000008,E07000115
TN16 1,51.275479,0.0739,314,England,E12000008,E07000111
TN16 2,51.294887,0.040343,151,England,E12000008,E07000215
TN16 3,51.312892,0.033204,362,England,E12000007,E09000006
TN16 9,51.832255,0.033386,94,England,E12000007,E09000006
TN17 1,51.11626,0.46725,137,England,E12000008,E07000116
TN17 2,51.111142,0.530005,260,England,E12000008,E07000116
TN17 3,51.094062,0.533289,224,England,E12000008,E07000116
TN17 4,51.06355,0.598036,214,England,E12000008,E07000116
TN17 9,52.074197,0.524384,100,England,E12000008,E07000116
TN18 4,51.047741,0.507738,252,England,E12000008,E07000116
TN18 5,51.04168,0.548756,170,England,E12000008,E07000116
TN19 7,51.004398,0.413415,284,England,E12000008,E07000064
TN2 3,51.146775,0.284096,390,England,E12000008,E07000116
TN2 4,51.144604,0.307921,327,England,E12000008,E07000116
TN2 5,51.126269,0.266642,376,England,E12000008,E07000116
TN2 9,51.231639,0.21129,337,England,E12000008,E07000116
TN20 6,51.030737,0.253913,236,England,E12000008,E07000065
TN21 0,50.95423,0.234182,342,England,E12000008,E07000065
TN21 1,51.616428,0.248042,76,England,E12000008,E07000065
TN21 8,50.970833,0.262696,357,England,E12000008,E07000065
TN21 9,50.949844,0.303504,217,England,E12000008,E07000065
TN22 1,50.974344,0.098685,316,England,E12000008,E07000065
TN22 2,50.982605,0.088007,118,England,E12000008,E07000065
TN22 3,51.005598,0.062436,309,England,E12000008,E07000065
TN22 4,50.993514,0.13838,193,England,E12000008,E07000065
TN22 5,50.960726,0.11013,395,England,E12000008,E07000065
TN22 9,51.323185,0.085856,138,England,E12000008,E07000065
TN23 1,51.145916,0.869415,347,England,E12000008,E07000105
TN23 2,51.136582,0.852863,373,England,E12000008,E07000105
TN23 3,51.139307,0.854358,367,England,E12000008,E07000105
TN23 4,51.142625,0.85647,168,England,E12000008,E07000105
TN23 5,51.135693,0.849328,302,England,E12000008,E07000105
TN23 6,51.134327,0.864968,72,England,E12000008,E07000105
TN23 7,51.14067,0.869912,114,England,E12000008,E07000105
TN23 8,51.132803,0.823984,30,England,E12000008,E07000105
TN23 9,54.354082,0.818409,396,England,E12000008,E07000105
TN24 0,51.139068,0.895575,386,England,E12000008,E07000105
TN24 8,51.15078,0.87504,349,England,E12000008,E07000105
TN24 9,51.162228,0.88493,309,England,E12000008,E07000105
TN25 4,51.183795,0.872418,224,England,E12000008,E07000105
TN25 5,51.168334,0.953221,194,England,E12000008,E07000105
TN25 6,51.116995,0.980771,289,England,E12000008,E07000105
TN25 7,51.100629,0.912559,186,England,E12000008,E07000105
TN26 1,51.138796,0.828469,137,England,E12000008,E07000105
TN26 2,51.063156,0.842562,216,England,E12000008,E07000105
TN26 3,51.110734,0.765292,285,England,E12000008,E07000105
TN27 0,51.193376,0.785662,248,England,E12000008,E07000105
TN27 8,51.129552,0.678422,232,England,E12000008,E07000105
TN27 9,51.172119,0.668088,311,England,E12000008,E07000110
TN28 8,50.983379,0.95,355,England,E12000008,E07000112
TN28 9,51.717884,0.928047,67,England,E12000008,E07000112
TN29 0,51.021265,0.968951,309,England,E12000008,E07000112
TN29 9,50.964705,0.896784,310,England,E12000008,E07000112
TN3 0,51.14584,0.221762,287,England,E12000008,E07000116
TN3 8,51.105029,0.375829,132,England,E12000008,E07000116
TN3 9,51.112585,0.222468,298,England,E12000008,E07000065
TN30 6,51.0755,0.68799,311,England,E12000008,E07000105
TN30 7,51.045319,0.707259,194,England,E12000008,E07000105
TN30 9,52.264266,0.673271,41,England,E12000008,E07000105
TN31 6,50.971671,0.636827,342,England,E12000008,E07000064
TN31 7,50.951634,0.744706,344,England,E12000008,E07000064
TN31 9,51.405783,0.724633,108,England,E12000008,E07000064
TN32 5,50.97884,0.488194,317,England,E12000008,E07000064
TN33 0,50.920094,0.499097,367,England,E12000008,E07000064
TN33 3,51.443498,0.479947,93,England,E12000008,E07000064
TN33 9,50.898166,0.439561,251,England,E12000008,E07000064
TN34 1,50.858902,0.574866,372,England,E12000008,E07000062
TN34 2,50.87228,0.578323,311,England,E12000008,E07000062
TN34 3,50.861884,0.588875,341,England,E12000008,E07000062
TN34 4,99.999999,0.0,1,England,,
TN34 9,54.505796,0.533538,229,England,E12000008,E07000062
TN35 4,50.890325,0.614418,280,England,E12000008,E07000064
TN35 5,50.868705,0.603585,236,England,E12000008,E07000062
TN36 4,50.921689,0.70166,121,England,E12000008,E07000064
TN37 6,50.859814,0.559098,307,England,E12000008,E07000062
TN37 7,50.880758,0.553923,357,England,E12000008,E07000062
TN38 0,50.858281,0.5492,397,England,E12000008,E07000062
TN38 1,51.345002,0.54292,206,England,E12000008,E07000062
TN38 8,50.862957,0.529284,104,England,E12000008,E07000062
TN38 9,50.872844,0.541811,314,England,E12000008,E07000062
TN39 3,50.84041,0.456823,370,England,E12000008,E07000064
TN39 4,50.847059,0.445695,356,England,E12000008,E07000064
TN39 5,50.858489,0.464269,139,England,E12000008,E07000064
TN4 0,51.159065,0.259539,337,England,E12000008,E07000116
TN4 8,51.135962,0.248477,363,England,E12000008,E07000116
TN4 9,51.146526,0.266933,371,England,E12000008,E07000116
TN40 1,50.840734,0.478366,333,England,E12000008,E07000064
TN40 2,50.849869,0.486832,349,England,E12000008,E07000064
TN40 9,55.330061,0.430071,219,England,E12000008,E07000064
TN5 6,51.074131,0.328092,312,England,E12000008,E07000065
TN5 7,51.059556,0.398079,236,England,E12000008,E07000064
TN6 1,51.056512,0.156752,386,England,E12000008,E07000065
TN6 2,51.055036,0.172055,395,England,E12000008,E07000065
TN6 3,51.046932,0.193538,334,England,E12000008,E07000065
TN6 9,60.635016,0.128867,184,England,E12000008,E07000065
TN7 4,51.091392,0.110311,138,England,E12000008,E07000065
TN8 5,51.193025,0.064298,281,England,E12000008,E07000111
TN8 6,51.211773,0.065787,298,England,E12000008,E07000111
TN8 7,51.173463,0.11164,198,England,E12000008,E07000111
TN8 9,51.875691,0.063276,72,England,E12000008,E07000111
TN9 1,51.19543,0.277881,376,England,E12000008,E07000115
TN9 2,51.187625,0.271258,347,England,E12000008,E07000115
TN9 9,51.594526,0.285006,362,England,E12000008,E07000115
TQ1 1,50.467485,-3.524229,322,England,E12000009,E06000027
TQ1 2,50.463413,-3.514615,259,England,E12000009,E06000027
TQ1 3,50.47454,-3.523673,330,England,E12000009,E06000027
TQ1 4,50.480815,-3.533383,351,England,E12000009,E06000027
TQ1 9,50.483568,-3.548392,214,England,E12000009,E06000027
TQ10 9,50.42432,-3.817813,208,England,E12000009,E07000044
TQ11 0,50.480568,-3.780369,185,England,E12000009,E07000045
TQ12 1,50.530021,-3.618295,393,England,E12000009,E07000045
TQ12 2,50.53142,-3.607948,308,England,E12000009,E07000045
TQ12 3,50.549462,-3.596415,360,England,E12000009,E07000045
TQ12 4,50.525396,-3.583442,329,England,E12000009,E07000045
TQ12 5,50.500208,-3.606666,370,England,E12000009,E07000045
TQ12 6,50.542319,-3.65193,394,England,E12000009,E07000045
TQ12 9,50.529248,-3.598158,241,England,E12000009,E07000045
TQ13 0,50.593265,-3.604344,279,England,E12000009,E07000045
TQ13 7,50.523859,-3.754815,315,England,E12000009,E07000045
TQ13 8,50.666931,-3.810133,282,England,E12000009,E07000047
TQ13 9,50.589237,-3.681601,394,England,E12000009,E07000045
TQ14 0,50.539521,-3.50988,104,England,E12000009,E07000045
TQ14 4,58.98912,-2.898935,41,England,E12000009,E07000045
TQ14 8,50.550644,-3.496527,373,England,E12000009,E07000045
TQ14 9,50.552738,-3.51752,338,England,E12000009,E07000045
TQ2 5,50.46779,-3.535567,339,England,E12000009,E06000027
TQ2 6,50.465771,-3.550859,334,England,E12000009,E06000027
TQ2 7,50.482973,-3.554365,329,England,E12000009,E06000027
TQ2 8,50.490624,-3.536361,247,England,E12000009,E06000027
TQ3 1,50.45175,-3.577259,275,England,E12000009,E06000027
TQ3 2,50.443136,-3.565356,298,England,E12000009,E06000027
TQ3 3,50.437666,-3.58003,393,England,E12000009,E06000027
TQ4 5,50.430727,-3.570109,267,England,E12000009,E06000027
TQ4 6,50.42432,-3.561122,203,England,E12000009,E06000027
TQ4 7,50.419483,-3.580557,375,England,E12000009,E06000027
TQ4 9,51.4693,-3.493005,96,England,E12000009,E06000027
TQ5 0,50.389134,-3.54231,215,England,E12000009,E06000027
TQ5 5,50.394518,-3.516782,50,England,E12000009,E06000027
TQ5 8,50.395276,-3.520513,245,England,E12000009,E06000027
TQ5 9,50.391654,-3.511701,343,England,E12000009,E06000027
TQ6 0,50.344031,-3.596779,275,England,E12000009,E07000044
TQ6 6,50.351303,-3.581996,19,England,E12000009,E07000044
TQ6 9,50.350866,-3.586518,284,England,E12000009,E07000044
TQ7 1,50.284175,-3.776337,275,England,E12000009,E07000044
TQ7 2,50.271344,-3.70502,264,England,E12000009,E07000044
TQ7 3,50.263684,-3.825061,271,England,E12000009,E07000044
TQ7 4,50.314793,-3.835016,244,England,E12000009,E07000044
TQ7 9,50.284108,-3.776783,41,England,E12000009,E07000044
TQ8 8,50.240281,-3.772197,215,England,E12000009,E07000044
TQ9 5,50.43155,-3.685922,396,England,E12000009,E07000044
TQ9 6,50.440483,-3.679134,349,England,E12000009,E07000044
TQ9 7,50.377558,-3.708336,324,England,E12000009,E07000044
TQ9 9,50.435421,-3.690978,149,England,E12000009,E07000044
TR1 1,50.264829,-5.043034,391,England,E12000009,E06000052
TR1 2,50.260228,-5.053068,375,England,E12000009,E06000052
TR1 3,50.263556,-5.068824,383,England,E12000009,E06000052
TR1 9,50.25527,-5.046154,300,England,E12000009,E06000052
TR10 8,50.167487,-5.106357,285,England,E12000009,E06000052
TR10 9,50.164408,-5.137728,175,England,E12000009,E06000052
TR11 2,50.157091,-5.083084,326,England,E12000009,E06000052
TR11 3,50.152907,-5.074228,328,England,E12000009,E06000052
TR11 4,50.149606,-5.07968,310,England,E12000009,E06000052
TR11 5,50.14372,-5.10867,383,England,E12000009,E06000052
TR11 9,56.832745,-4.416885,97,England,E12000009,E06000052
TR12 6,50.064098,-5.140804,252,England,E12000009,E06000052
TR12 7,50.023334,-5.230256,240,England,E12000009,E06000052
TR13 0,50.130772,-5.266854,287,England,E12000009,E06000052
TR13 3,54.503258,-4.810064,34,England,E12000009,E06000052
TR13 8,50.10125,-5.27086,381,England,E12000009,E06000052
TR13 9,50.098671,-5.327105,274,England,E12000009,E06000052
TR14 0,50.20995,-5.307022,239,England,E12000009,E06000052
TR14 4,50.214615,-5.292389,110,England,E12000009,E06000052
TR14 7,50.212391,-5.299102,286,England,E12000009,E06000052
TR14 8,50.216434,-5.293094,355,England,E12000009,E06000052
TR14 9,50.195349,-5.280279,124,England,E12000009,E06000052
TR15 1,50.23875,-5.226232,272,England,E12000009,E06000052
TR15 2,50.231293,-5.224925,286,England,E12000009,E06000052
TR15 3,50.229911,-5.257977,336,England,E12000009,E06000052
TR15 9,59.804121,-4.221532,52,England,E12000009,E06000052
TR16 4,50.251165,-5.260035,244,England,E12000009,E06000052
TR16 5,50.240296,-5.19533,283,England,E12000009,E06000052
TR16 6,50.20776,-5.215927,244,England,E12000009,E06000052
TR17 0,50.125345,-5.470449,107,England,E12000009,E06000052
TR18 2,50.120878,-5.537629,353,England,E12000009,E06000052
TR18 3,50.127457,-5.539167,237,England,E12000009,E06000052
TR18 4,50.115958,-5.543039,288,England,E12000009,E06000052
TR18 5,50.103907,-5.550045,205,England,E12000009,E06000052
TR18 9,50.11938,-5.540576,132,England,E12000009,E06000052
TR19 6,50.078703,-5.585486,289,England,E12000009,E06000052
TR19 7,50.124325,-5.667429,295,England,E12000009,E06000052
TR2 4,50.299359,-4.950451,289,England,E12000009,E06000052
TR2 5,50.211624,-4.961302,302,England,E12000009,E06000052
TR20 8,50.138035,-5.540611,340,England,E12000009,E06000052
TR20 9,50.121779,-5.423873,247,England,E12000009,E06000052
TR21 0,49.947662,-6.189662,103,England,E12000009,E06000053
TR22 0,49.893567,-6.342048,2,England,E12000009,E06000053
TR23 0,49.953852,-6.352692,2,England,E12000009,E06000053
TR24 0,49.955464,-6.335502,18,England,E12000009,E06000053
TR25 0,49.963425,-6.291109,4,England,E12000009,E06000053
TR26 1,50.211496,-5.484656,291,England,E12000009,E06000052
TR26 2,50.201102,-5.476932,329,England,E12000009,E06000052
TR26 3,50.189147,-5.476049,143,England,E12000009,E06000052
TR26 9,61.268638,-4.272542,18,England,E12000009,E06000052
TR27 4,50.187817,-5.413453,253,England,E12000009,E06000052
TR27 5,50.194995,-5.386446,193,England,E12000009,E06000052
TR27 6,50.166454,-5.416988,230,England,E12000009,E06000052
TR27 9,53.505278,-5.059507,30,England,E12000009,E06000052
TR3 6,50.234333,-5.084435,320,England,E12000009,E06000052
TR3 7,50.203441,-5.137016,259,England,E12000009,E06000052
TR4 8,50.263801,-5.166605,337,England,E12000009,E06000052
TR4 9,50.31168,-5.08653,255,England,E12000009,E06000052
TR5 0,50.307183,-5.187908,224,England,E12000009,E06000052
TR6 0,50.342552,-5.153098,206,England,E12000009,E06000052
TR7 1,50.413283,-5.088451,366,England,E12000009,E06000052
TR7 2,50.410919,-5.074647,306,England,E12000009,E06000052
TR7 3,50.419066,-5.054012,202,England,E12000009,E06000052
TR7 9,59.677606,-4.130817,91,England,E12000009,E06000052
TR8 4,50.420702,-5.028848,376,England,E12000009,E06000052
TR8 5,50.376971,-5.058713,288,England,E12000009,E06000052
TR9 6,50.414045,-4.941471,320,England,E12000009,E06000052
TR93 0,50.129377,-5.502804,83,England,E12000009,E06000052
TS1 1,54.577063,-1.235933,222,England,E12000001,E06000002
TS1 2,54.574423,-1.234757,231,England,E12000001,E06000002
TS1 3,54.569831,-1.234096,217,England,E12000001,E06000002
TS1 4,54.569308,-1.246263,251,England,E12000001,E06000002
TS1 5,54.57345,-1.244971,197,England,E12000001,E06000002
TS1 9,54.575765,-1.242825,185,England,E12000001,E06000002
TS10 1,54.612639,-1.075072,278,England,E12000001,E06000003
TS10 2,54.602045,-1.058,312,England,E12000001,E06000003
TS10 3,54.611974,-1.057447,239,England,E12000001,E06000003
TS10 4,54.598916,-1.076009,316,England,E12000001,E06000003
TS10 5,54.605674,-1.094502,246,England,E12000001,E06000003
TS10 9,54.600255,-1.08298,76,England,E12000001,E06000003
TS11 1,54.591959,-1.023459,1,England,E12000001,E06000003
TS11 6,54.592042,-1.042584,140,England,E12000001,E06000003
TS11 7,54.591368,-1.016435,145,England,E12000001,E06000003
TS11 8,54.580671,-1.04251,147,England,E12000001,E06000003
TS12 1,54.579628,-0.977843,245,England,E12000001,E06000003
TS12 2,54.564208,-0.961553,395,England,E12000001,E06000003
TS12 3,54.535299,-0.965707,151,England,E12000001,E06000003
TS12 9,58.350419,-0.885065,24,England,E12000001,E06000003
TS13 4,54.554082,-0.887859,316,England,E12000001,E06000003
TS13 5,54.542295,-0.788767,132,England,E12000003,E06000065
TS14 6,54.537116,-1.057203,280,England,E12000001,E06000003
TS14 7,54.528561,-1.054178,162,England,E12000001,E06000003
TS14 8,54.528495,-1.076281,186,England,E12000001,E06000003
TS14 9,54.529732,-1.057086,16,England,E12000001,E06000003
TS15 0,54.461169,-1.2916,121,England,E12000003,E06000065
TS15 9,54.502333,-1.345857,396,England,E12000001,E06000004
TS16 0,54.527198,-1.357361,312,England,E12000001,E06000004
TS16 9,54.522535,-1.347187,105,England,E12000001,E06000004
TS17 0,54.526368,-1.308516,391,England,E12000001,E06000004
TS17 5,54.525238,-1.324425,199,England,E12000001,E06000004
TS17 6,54.557844,-1.304811,210,England,E12000001,E06000004
TS17 7,54.555156,-1.295837,113,England,E12000001,E06000004
TS17 8,54.547144,-1.298813,205,England,E12000001,E06000004
TS17 9,54.537806,-1.290999,210,England,E12000001,E06000004
TS18 1,54.564955,-1.316285,302,England,E12000001,E06000004
TS18 2,54.570625,-1.30154,294,England,E12000001,E06000004
TS18 3,54.555299,-1.321942,352,England,E12000001,E06000004
TS18 4,54.564154,-1.332198,181,England,E12000001,E06000004
TS18 5,54.557197,-1.349085,199,England,E12000001,E06000004
TS19 0,54.57467,-1.332048,328,England,E12000001,E06000004
TS19 1,54.571052,-1.318924,396,England,E12000001,E06000004
TS19 7,54.567529,-1.355789,255,England,E12000001,E06000004
TS19 8,54.583268,-1.35278,374,England,E12000001,E06000004
TS19 9,54.587968,-1.339097,172,England,E12000001,E06000004
TS2 1,54.583416,-1.237462,295,England,E12000001,E06000002
TS20 1,54.590598,-1.318838,324,England,E12000001,E06000004
TS20 2,54.580612,-1.310258,339,England,E12000001,E06000004
TS21 1,54.578872,-1.403618,251,England,E12000001,E06000004
TS21 2,54.644752,-1.453172,131,England,E12000001,E06000047
TS21 3,54.638522,-1.416462,178,England,E12000001,E06000047
TS21 4,54.67475,-1.427753,92,England,E12000001,E06000047
TS22 5,54.623358,-1.325321,382,England,E12000001,E06000004
TS23 1,54.592651,-1.291223,228,England,E12000001,E06000004
TS23 2,54.606157,-1.294605,261,England,E12000001,E06000004
TS23 3,54.616756,-1.282615,359,England,E12000001,E06000004
TS23 4,54.601929,-1.272459,97,England,E12000001,E06000004
TS24 0,54.697608,-1.196091,340,England,E12000001,E06000001
TS24 4,54.683062,-1.207773,163,England,E12000001,E06000001
TS24 7,54.683203,-1.208949,253,England,E12000001,E06000001
TS24 8,54.692913,-1.218592,234,England,E12000001,E06000001
TS24 9,54.70807,-1.23142,200,England,E12000001,E06000001
TS25 1,54.666554,-1.205838,328,England,E12000001,E06000001
TS25 2,54.65145,-1.224089,246,England,E12000001,E06000001
TS25 3,54.658904,-1.238419,218,England,E12000001,E06000001
TS25 4,54.668072,-1.240274,192,England,E12000001,E06000001
TS25 5,54.670889,-1.223138,260,England,E12000001,E06000001
TS26 0,54.69282,-1.241523,366,England,E12000001,E06000001
TS26 8,54.687726,-1.223233,232,England,E12000001,E06000001
TS26 9,54.681693,-1.22187,215,England,E12000001,E06000001
TS27 3,54.699809,-1.269759,180,England,E12000001,E06000001
TS27 4,54.737474,-1.298503,253,England,E12000001,E06000047
TS28 5,54.725811,-1.374837,200,England,E12000001,E06000047
TS29 6,54.711129,-1.42004,210,England,E12000001,E06000047
TS3 0,54.552719,-1.189633,244,England,E12000001,E06000002
TS3 6,54.571562,-1.213497,174,England,E12000001,E06000002
TS3 7,54.557719,-1.206734,232,England,E12000001,E06000002
TS3 8,54.566563,-1.198945,223,England,E12000001,E06000002
TS3 9,54.564108,-1.186987,213,England,E12000001,E06000002
TS4 2,54.563492,-1.225094,349,England,E12000001,E06000002
TS4 3,54.548969,-1.221777,283,England,E12000001,E06000002
TS5 4,54.559788,-1.262566,223,England,E12000001,E06000002
TS5 5,54.556671,-1.253115,207,England,E12000001,E06000002
TS5 6,54.561128,-1.241458,255,England,E12000001,E06000002
TS5 7,54.547809,-1.246582,256,England,E12000001,E06000002
TS5 8,54.539328,-1.257534,311,England,E12000001,E06000002
TS6 0,54.555772,-1.158977,304,England,E12000001,E06000003
TS6 1,54.567848,-1.161408,43,England,E12000001,E06000003
TS6 6,54.577312,-1.174506,294,England,E12000001,E06000003
TS6 7,54.574948,-1.147032,216,England,E12000001,E06000003
TS6 8,54.567702,-1.135232,112,England,E12000001,E06000003
TS6 9,54.563714,-1.148931,289,England,E12000001,E06000003
TS7 0,54.525507,-1.178895,267,England,E12000001,E06000002
TS7 8,54.530709,-1.202592,270,England,E12000001,E06000002
TS7 9,54.54573,-1.174631,204,England,E12000001,E06000003
TS8 0,54.519602,-1.22496,177,England,E12000001,E06000002
TS8 8,62.840988,-0.999592,82,England,E12000001,E06000002
TS8 9,54.522788,-1.23507,338,England,E12000001,E06000002
TS9 5,54.474561,-1.197624,255,England,E12000003,E06000065
TS9 6,54.487227,-1.133338,236,England,E12000003,E06000065
TS9 7,54.430475,-1.175105,146,England,E12000003,E06000065
TS90 8,54.575865,-1.244956,10,England,E12000001,E06000002
TW1 1,51.455585,-0.32808,307,England,E12000007,E09000027
TW1 2,51.453751,-0.317142,297,England,E12000007,E09000027
TW1 3,51.449119,-0.326964,288,England,E12000007,E09000027
TW1 4,51.444542,-0.333822,312,England,E12000007,E09000027
TW1 9,51.452479,-0.333756,302,England,E12000007,E09000027
TW10 3,51.483003,-0.284737,1,England,E12000007,E09000027
TW10 5,51.452351,-0.29279,139,England,E12000007,E09000027
TW10 6,51.458718,-0.299502,376,England,E12000007,E09000027
TW10 7,51.44185,-0.31173,301,England,E12000007,E09000027
TW11 0,51.42622,-0.338875,287,England,E12000007,E09000027
TW11 1,55.070337,-0.308056,80,England,E12000007,E09000027
TW11 8,51.428918,-0.335097,381,England,E12000007,E09000027
TW11 9,51.424409,-0.323523,308,England,E12000007,E09000027
TW12 1,51.425873,-0.363589,280,England,E12000007,E09000027
TW12 2,51.41628,-0.369744,357,England,E12000007,E09000027
TW12 3,51.424075,-0.375729,239,England,E12000007,E09000027
TW12 9,54.4896,-0.34662,79,England,E12000007,E09000027
TW13 4,51.440947,-0.417541,334,England,E12000007,E09000018
TW13 5,51.442659,-0.392359,224,England,E12000007,E09000018
TW13 6,51.435139,-0.390343,296,England,E12000007,E09000018
TW13 7,51.438366,-0.40834,226,England,E12000007,E09000018
TW13 9,53.938976,-0.387339,136,England,E12000007,E09000018
TW14 0,51.456305,-0.407527,271,England,E12000007,E09000018
TW14 8,51.449392,-0.434468,277,England,E12000007,E09000018
TW14 9,51.45086,-0.417893,283,England,E12000007,E09000018
TW15 1,51.427125,-0.443578,365,England,E12000008,E07000213
TW15 2,51.431673,-0.459445,333,England,E12000008,E07000213
TW15 3,51.433658,-0.469753,290,England,E12000008,E07000213
TW15 9,64.412264,-0.325848,101,England,E12000008,E07000213
TW16 5,51.413869,-0.407682,245,England,E12000008,E07000213
TW16 6,51.411163,-0.418169,251,England,E12000008,E07000213
TW16 7,51.42171,-0.42363,340,England,E12000008,E07000213
TW16 9,55.21531,-0.388175,64,England,E12000008,E07000213
TW17 0,51.402888,-0.457216,196,England,E12000008,E07000213
TW17 7,56.457637,-0.402184,48,England,E12000008,E07000213
TW17 8,51.397632,-0.439103,260,England,E12000008,E07000213
TW17 9,51.391824,-0.45086,168,England,E12000008,E07000213
TW18 1,51.424439,-0.497063,306,England,E12000008,E07000213
TW18 2,51.424441,-0.506114,292,England,E12000008,E07000213
TW18 3,51.429298,-0.52191,230,England,E12000008,E07000212
TW18 4,51.435105,-0.512083,388,England,E12000008,E07000213
TW18 9,51.4337,-0.527438,163,England,E12000008,E07000212
TW19 5,51.452625,-0.551087,162,England,E12000008,E06000040
TW19 6,51.455611,-0.511574,70,England,E12000008,E07000213
TW19 7,51.451047,-0.479531,305,England,E12000008,E07000213
TW2 5,51.442994,-0.346439,340,England,E12000007,E09000027
TW2 6,51.447097,-0.354347,273,England,E12000007,E09000027
TW2 7,51.45221,-0.349941,285,England,E12000007,E09000027
TW20 0,51.430287,-0.569225,352,England,E12000008,E07000212
TW20 2,53.832407,-0.50391,81,England,E12000008,E07000212
TW20 8,51.422721,-0.531797,299,England,E12000008,E07000212
TW20 9,51.429592,-0.545904,335,England,E12000008,E07000212
TW3 1,51.469507,-0.358941,358,England,E12000007,E09000018
TW3 2,51.462522,-0.359952,266,England,E12000007,E09000018
TW3 3,51.466646,-0.369765,360,England,E12000007,E09000018
TW3 4,51.474416,-0.366395,255,England,E12000007,E09000018
TW3 9,51.47049,-0.36178,383,England,E12000007,E09000018
TW4 5,51.459702,-0.376493,237,England,E12000007,E09000018
TW4 6,51.469061,-0.393279,211,England,E12000007,E09000018
TW4 7,51.471176,-0.384554,292,England,E12000007,E09000018
TW5 0,51.480954,-0.370864,327,England,E12000007,E09000018
TW5 9,51.479644,-0.391008,368,England,E12000007,E09000018
TW6 1,51.470763,-0.452532,241,England,E12000007,E09000017
TW6 2,51.47499,-0.438778,259,England,E12000007,E09000017
TW6 3,51.461403,-0.459734,316,England,E12000007,E09000017
TW7 0,99.999999,0.0,1,England,,
TW7 4,51.478098,-0.33978,331,England,E12000007,E09000018
TW7 5,51.481005,-0.328946,318,England,E12000007,E09000018
TW7 6,51.472937,-0.32972,363,England,E12000007,E09000018
TW7 7,51.464865,-0.331211,271,England,E12000007,E09000018
TW7 9,64.096522,-0.23361,100,England,E12000007,E09000018
TW8 0,51.487278,-0.300499,365,England,E12000007,E09000018
TW8 1,55.640491,-0.28863,70,England,E12000007,E09000018
TW8 8,51.482836,-0.311013,274,England,E12000007,E09000018
TW8 9,51.488045,-0.311986,345,England,E12000007,E09000018
TW9 1,51.461805,-0.302488,377,England,E12000007,E09000027
TW9 2,51.466226,-0.29829,351,England,E12000007,E09000027
TW9 3,51.475538,-0.291667,232,England,E12000007,E09000027
TW9 4,51.470332,-0.287891,256,England,E12000007,E09000027
TW9 9,57.37046,-0.267666,189,England,E12000007,E09000027
TW98 7,99.999999,0.0,30,England,,
TW98 9,99.999999,0.0,28,England,,
UB1 1,51.509578,-0.38219,347,England,E12000007,E09000009
UB1 2,51.518442,-0.374321,350,England,E12000007,E09000009
UB1 3,51.512607,-0.365509,263,England,E12000007,E09000009
UB1 9,52.079649,-0.379642,254,England,E12000007,E09000009
UB10 0,51.535623,-0.458238,373,England,E12000007,E09000017
UB10 8,51.560567,-0.454067,356,England,E12000007,E09000017
UB10 9,51.545351,-0.453809,224,England,E12000007,E09000017
UB11 1,51.515567,-0.45342,140,England,E12000007,E09000017
UB18 7,51.50072,-0.402664,32,England,E12000007,E09000009
UB18 9,51.50072,-0.402664,29,England,E12000007,E09000009
UB2 4,51.502461,-0.371256,379,England,E12000007,E09000009
UB2 5,51.498899,-0.388855,392,England,E12000007,E09000009
UB3 1,51.505595,-0.428309,353,England,E12000007,E09000017
UB3 2,51.516238,-0.423536,345,England,E12000007,E09000017
UB3 3,51.508489,-0.412321,215,England,E12000007,E09000017
UB3 4,51.500188,-0.42017,295,England,E12000007,E09000017
UB3 5,51.488215,-0.431136,181,England,E12000007,E09000017
UB3 9,51.630649,-0.413324,382,England,E12000007,E09000017
UB4 0,51.517655,-0.405628,346,England,E12000007,E09000017
UB4 8,51.527499,-0.42539,305,England,E12000007,E09000017
UB4 9,51.524936,-0.396157,326,England,E12000007,E09000017
UB5 2,99.999999,0.0,1,England,,
UB5 4,51.551758,-0.36353,363,England,E12000007,E09000009
UB5 5,51.543734,-0.378885,334,England,E12000007,E09000009
UB5 6,51.536021,-0.384102,395,England,E12000007,E09000009
UB5 9,51.817409,-0.36881,358,England,E12000007,E09000009
UB6 0,51.550266,-0.341935,371,England,E12000007,E09000009
UB6 7,51.541126,-0.324302,261,England,E12000007,E09000009
UB6 8,51.537378,-0.344244,389,England,E12000007,E09000009
UB6 9,51.532587,-0.360885,354,England,E12000007,E09000009
UB7 0,51.491026,-0.474567,194,England,E12000007,E09000017
UB7 7,51.509948,-0.476389,346,England,E12000007,E09000017
UB7 8,51.51761,-0.468053,217,England,E12000007,E09000017
UB7 9,51.505834,-0.463817,219,England,E12000007,E09000017
UB8 1,51.54647,-0.47951,371,England,E12000007,E09000017
UB8 2,51.535445,-0.48401,389,England,E12000007,E09000017
UB8 3,51.526527,-0.46223,367,England,E12000007,E09000017
UB8 9,51.539653,-0.488606,390,England,E12000007,E09000017
UB9 4,51.557547,-0.498046,118,England,E12000008,E06000060
UB9 5,51.573104,-0.500319,226,England,E12000008,E06000060
UB9 6,51.595185,-0.481901,277,England,E12000007,E09000017
W1 3,51.519658,-0.152191,1,England,E12000007,E09000033
W10 4,51.526679,-0.212562,277,England,E12000007,E09000033
W10 5,51.520264,-0.217188,397,England,E12000007,E09000020
W10 6,51.516535,-0.220354,385,England,E12000007,E09000020
W10 9,55.966462,-0.282809,98,England,E12000007,E09000009
W11 1,51.515895,-0.209478,357,England,E12000007,E09000020
W11 2,51.513994,-0.208223,361,England,E12000007,E09000020
W11 3,51.51054,-0.204424,357,England,E12000007,E09000020
W11 4,51.510342,-0.213489,372,England,E12000007,E09000020
W11 9,54.592476,-0.287805,189,England,E12000007,E09000009
W12 0,51.51328,-0.236674,347,England,E12000007,E09000013
W12 2,57.096716,-0.26868,165,England,E12000007,E09000009
W12 6,51.511632,-0.244009,164,England,E12000007,E09000013
W12 7,51.510637,-0.228636,380,England,E12000007,E09000013
W12 8,51.506223,-0.227317,344,England,E12000007,E09000013
W12 9,51.505107,-0.239923,341,England,E12000007,E09000013
W13 0,51.515649,-0.324667,338,England,E12000007,E09000009
W13 3,55.75057,-0.293507,103,England,E12000007,E09000009
W13 8,51.516429,-0.31902,285,England,E12000007,E09000009
W13 9,51.508102,-0.320275,383,England,E12000007,E09000009
W14 0,51.497534,-0.214526,394,England,E12000007,E09000013
W14 4,55.75709,-0.193857,148,England,E12000007,E09000013
W14 8,51.497325,-0.209194,396,England,E12000007,E09000013
W14 9,51.491036,-0.209335,393,England,E12000007,E09000013
W1A 0,51.519146,-0.128206,48,England,E12000007,E09000033
W1A 1,51.518724,-0.131478,339,England,E12000007,E09000033
W1A 2,51.518011,-0.134197,399,England,E12000007,E09000033
W1A 3,51.51845,-0.132007,334,England,E12000007,E09000033
W1A 4,51.517738,-0.133598,363,England,E12000007,E09000033
W1A 5,51.518694,-0.129557,400,England,E12000007,E09000033
W1A 6,51.519047,-0.128502,400,England,E12000007,E09000033
W1A 7,63.547299,-0.096423,395,England,E12000007,E09000033
W1A 8,51.974201,-0.12114,107,England,E12000007,E09000019
W1A 9,51.519891,-0.127239,62,England,E12000007,E09000033
W1B 1,51.520813,-0.145289,102,England,E12000007,E09000033
W1B 2,51.515158,-0.142503,80,England,E12000007,E09000033
W1B 3,51.516531,-0.141473,53,England,E12000007,E09000033
W1B 4,51.51107,-0.139097,134,England,E12000007,E09000033
W1B 5,51.51143,-0.138033,176,England,E12000007,E09000033
W1C 1,51.514797,-0.149752,94,England,E12000007,E09000033
W1C 2,51.514147,-0.149137,117,England,E12000007,E09000033
W1D 1,51.516201,-0.135557,79,England,E12000007,E09000033
W1D 2,51.515701,-0.135863,114,England,E12000007,E09000033
W1D 3,51.514839,-0.132761,185,England,E12000007,E09000033
W1D 4,51.51378,-0.131394,152,England,E12000007,E09000033
W1D 5,51.512735,-0.130652,142,England,E12000007,E09000033
W1D 6,51.511582,-0.132175,161,England,E12000007,E09000033
W1D 7,51.511181,-0.134141,113,England,E12000007,E09000033
W1E 5,99.999999,0.0,1,England,,
W1F 0,51.513083,-0.134434,235,England,E12000007,E09000033
W1F 7,51.513873,-0.138656,251,England,E12000007,E09000033
W1F 8,51.514796,-0.135709,261,England,E12000007,E09000033
W1F 9,51.5121,-0.136995,247,England,E12000007,E09000033
W1G 0,51.516165,-0.145195,118,England,E12000007,E09000033
W1G 6,51.521392,-0.149895,172,England,E12000007,E09000033
W1G 7,51.52122,-0.146879,117,England,E12000007,E09000033
W1G 8,51.518954,-0.149176,250,England,E12000007,E09000033
W1G 9,51.517911,-0.147376,241,England,E12000007,E09000033
W1H 0,51.515665,-0.15252,102,England,E12000007,E09000033
W1H 1,51.519726,-0.161342,229,England,E12000007,E09000033
W1H 2,51.518806,-0.160963,156,England,E12000007,E09000033
W1H 3,51.519098,-0.156713,58,England,E12000007,E09000033
W1H 4,51.519306,-0.16281,150,England,E12000007,E09000033
W1H 5,51.516934,-0.162083,215,England,E12000007,E09000033
W1H 6,51.515897,-0.155711,115,England,E12000007,E09000033
W1H 7,51.515319,-0.159491,248,England,E12000007,E09000033
W1H 8,51.51459,-0.159886,35,England,E12000007,E09000033
W1H 9,51.515916,-0.153227,65,England,E12000007,E09000033
W1J 0,51.509129,-0.138889,112,England,E12000007,E09000033
W1J 5,51.508335,-0.147435,217,England,E12000007,E09000033
W1J 6,51.510224,-0.144805,156,England,E12000007,E09000033
W1J 7,51.505939,-0.147629,266,England,E12000007,E09000033
W1J 8,51.507722,-0.143739,134,England,E12000007,E09000033
W1J 9,51.508776,-0.13743,58,England,E12000007,E09000033
W1K 1,51.506912,-0.151127,111,England,E12000007,E09000033
W1K 2,51.509819,-0.15219,250,England,E12000007,E09000033
W1K 3,51.51102,-0.147213,176,England,E12000007,E09000033
W1K 4,51.512264,-0.147217,125,England,E12000007,E09000033
W1K 5,51.51338,-0.148648,192,England,E12000007,E09000033
W1K 6,51.512852,-0.153491,162,England,E12000007,E09000033
W1K 7,51.51151,-0.155381,156,England,E12000007,E09000033
W1M 0,51.516956,-0.145886,119,England,E12000007,E09000033
W1M 1,51.519699,-0.155758,68,England,E12000007,E09000033
W1M 2,51.519599,-0.156711,63,England,E12000007,E09000033
W1M 3,51.520645,-0.153098,89,England,E12000007,E09000033
W1M 4,51.520643,-0.152532,35,England,E12000007,E09000033
W1M 5,51.516375,-0.151436,96,England,E12000007,E09000033
W1M 6,51.516065,-0.151798,75,England,E12000007,E09000033
W1M 7,51.51906,-0.14757,75,England,E12000007,E09000033
W1M 8,51.518085,-0.148244,102,England,E12000007,E09000033
W1M 9,51.517064,-0.145763,39,England,E12000007,E09000033
W1N 0,51.515331,-0.142554,58,England,E12000007,E09000033
W1N 1,51.52115,-0.148345,77,England,E12000007,E09000033
W1N 2,51.519977,-0.147458,50,England,E12000007,E09000033
W1N 3,51.520726,-0.146925,52,England,E12000007,E09000033
W1N 4,51.520309,-0.145999,77,England,E12000007,E09000033
W1N 5,51.519776,-0.142719,59,England,E12000007,E09000033
W1N 6,51.519433,-0.142915,99,England,E12000007,E09000033
W1N 7,51.516866,-0.140018,57,England,E12000007,E09000033
W1N 8,51.516728,-0.140241,116,England,E12000007,E09000033
W1N 9,51.515582,-0.141506,39,England,E12000007,E09000033
W1P 0,51.520486,-0.134772,94,England,E12000007,E09000007
W1P 1,51.518788,-0.134931,72,England,E12000007,E09000007
W1P 2,51.518557,-0.135391,50,England,E12000007,E09000033
W1P 3,51.517622,-0.13712,46,England,E12000007,E09000033
W1P 4,51.517003,-0.137174,72,England,E12000007,E09000033
W1P 5,51.522385,-0.138994,106,England,E12000007,E09000007
W1P 6,51.52192,-0.139377,69,England,E12000007,E09000007
W1P 7,51.519878,-0.140982,89,England,E12000007,E09000033
W1P 8,51.519159,-0.141027,69,England,E12000007,E09000033
W1P 9,51.519985,-0.134536,64,England,E12000007,E09000007
W1R 0,51.512985,-0.143298,114,England,E12000007,E09000033
W1R 1,51.514606,-0.144482,51,England,E12000007,E09000033
W1R 2,51.514262,-0.14579,87,England,E12000007,E09000033
W1R 3,51.512107,-0.13608,70,England,E12000007,E09000033
W1R 4,51.511638,-0.137104,72,England,E12000007,E09000033
W1R 5,51.512856,-0.139137,59,England,E12000007,E09000033
W1R 6,51.512415,-0.139501,102,England,E12000007,E09000033
W1R 7,51.512663,-0.14036,55,England,E12000007,E09000033
W1R 8,51.512556,-0.140957,154,England,E12000007,E09000033
W1R 9,51.513218,-0.143172,49,England,E12000007,E09000033
W1S 1,51.513609,-0.144201,247,England,E12000007,E09000033
W1S 2,51.512015,-0.142471,218,England,E12000007,E09000033
W1S 3,51.510467,-0.140084,164,England,E12000007,E09000033
W1S 4,51.508985,-0.141794,238,England,E12000007,E09000033
W1T 1,51.517854,-0.134092,254,England,E12000007,E09000033
W1T 2,51.519382,-0.134435,183,England,E12000007,E09000007
W1T 3,51.51767,-0.137278,157,England,E12000007,E09000033
W1T 4,51.520686,-0.136894,211,England,E12000007,E09000007
W1T 5,51.523642,-0.138838,144,England,E12000007,E09000007
W1T 6,51.522631,-0.140536,168,England,E12000007,E09000007
W1T 7,51.520572,-0.133597,108,England,E12000007,E09000007
W1U 1,51.515486,-0.150432,197,England,E12000007,E09000033
W1U 2,51.517189,-0.149959,191,England,E12000007,E09000033
W1U 3,51.516949,-0.152756,194,England,E12000007,E09000033
W1U 4,51.519725,-0.152616,201,England,E12000007,E09000033
W1U 5,51.521543,-0.153029,174,England,E12000007,E09000033
W1U 6,51.520523,-0.15711,264,England,E12000007,E09000033
W1U 7,51.518697,-0.1548,190,England,E12000007,E09000033
W1U 8,51.517859,-0.156208,110,England,E12000007,E09000033
W1V 0,51.507932,-0.139986,112,England,E12000007,E09000033
W1V 1,51.513679,-0.138238,65,England,E12000007,E09000033
W1V 2,51.513872,-0.139177,87,England,E12000007,E09000033
W1V 3,51.514023,-0.134731,81,England,E12000007,E09000033
W1V 4,51.513964,-0.13556,107,England,E12000007,E09000033
W1V 5,51.514151,-0.131966,93,England,E12000007,E09000033
W1V 6,51.514143,-0.132672,121,England,E12000007,E09000033
W1V 7,51.511436,-0.132981,69,England,E12000007,E09000033
W1V 8,51.51141,-0.132625,51,England,E12000007,E09000033
W1V 9,51.507892,-0.14095,63,England,E12000007,E09000033
W1W 5,51.522177,-0.143356,139,England,E12000007,E09000033
W1W 6,51.520047,-0.141488,236,England,E12000007,E09000033
W1W 7,51.518359,-0.140752,273,England,E12000007,E09000033
W1W 8,51.51705,-0.138861,202,England,E12000007,E09000033
W1X 0,51.511343,-0.148334,58,England,E12000007,E09000033
W1X 1,51.510725,-0.140795,43,England,E12000007,E09000033
W1X 2,51.51049,-0.141283,122,England,E12000007,E09000033
W1X 3,51.508785,-0.141747,38,England,E12000007,E09000033
W1X 4,51.508646,-0.142055,131,England,E12000007,E09000033
W1X 5,51.50882,-0.144385,36,England,E12000007,E09000033
W1X 6,51.508798,-0.144958,105,England,E12000007,E09000033
W1X 7,51.508702,-0.146956,70,England,E12000007,E09000033
W1X 8,51.508859,-0.146727,94,England,E12000007,E09000033
W1X 9,51.511369,-0.148511,53,England,E12000007,E09000033
W1Y 0,51.511804,-0.144872,107,England,E12000007,E09000033
W1Y 1,51.512975,-0.14968,95,England,E12000007,E09000033
W1Y 2,51.512407,-0.150451,103,England,E12000007,E09000033
W1Y 3,51.510151,-0.154308,82,England,E12000007,E09000033
W1Y 4,51.510265,-0.155295,83,England,E12000007,E09000033
W1Y 5,51.508847,-0.151062,73,England,E12000007,E09000033
W1Y 6,51.508863,-0.151019,76,England,E12000007,E09000033
W1Y 7,51.506232,-0.147484,79,England,E12000007,E09000033
W1Y 8,51.506353,-0.14756,81,England,E12000007,E09000033
W1Y 9,51.51252,-0.144778,31,England,E12000007,E09000033
W2 1,51.518261,-0.176084,393,England,E12000007,E09000033
W2 2,51.514862,-0.170022,391,England,E12000007,E09000033
W2 3,51.513262,-0.181871,379,England,E12000007,E09000033
W2 4,51.513164,-0.189368,380,England,E12000007,E09000033
W2 5,51.517298,-0.191093,357,England,E12000007,E09000033
W2 6,51.516692,-0.18346,306,England,E12000007,E09000033
W2 7,51.506976,-0.235448,397,England,E12000007,E09000009
W3 0,51.516618,-0.275085,286,England,E12000007,E09000009
W3 3,58.730236,-0.235676,161,England,E12000007,E09000009
W3 6,51.512221,-0.266927,395,England,E12000007,E09000009
W3 7,51.508489,-0.257769,393,England,E12000007,E09000009
W3 8,51.502351,-0.274381,396,England,E12000007,E09000009
W3 9,51.507652,-0.277207,290,England,E12000007,E09000009
W4 1,51.495171,-0.257549,391,England,E12000007,E09000018
W4 2,51.48879,-0.256749,393,England,E12000007,E09000018
W4 3,51.486886,-0.270725,395,England,E12000007,E09000018
W4 4,51.490991,-0.266974,302,England,E12000007,E09000018
W4 5,51.495061,-0.266901,395,England,E12000007,E09000018
W4 9,59.855062,-0.217294,203,England,E12000007,E09000018
W5 1,51.52264,-0.305329,352,England,E12000007,E09000009
W5 2,51.514781,-0.304652,396,England,E12000007,E09000009
W5 3,51.513739,-0.295829,375,England,E12000007,E09000009
W5 4,51.501095,-0.305896,338,England,E12000007,E09000009
W5 5,51.509468,-0.30598,288,England,E12000007,E09000009
W5 9,51.510138,-0.30756,327,England,E12000007,E09000009
W6 0,51.494886,-0.235513,396,England,E12000007,E09000013
W6 6,51.492317,-0.238451,223,England,E12000007,E09000013
W6 7,51.49592,-0.226989,278,England,E12000007,E09000013
W6 8,51.4892,-0.222883,307,England,E12000007,E09000013
W6 9,51.490219,-0.231883,391,England,E12000007,E09000013
W7 1,51.515908,-0.333896,238,England,E12000007,E09000009
W7 2,51.502969,-0.333253,228,England,E12000007,E09000009
W7 3,51.510926,-0.337695,319,England,E12000007,E09000009
W7 9,57.643236,-0.290683,79,England,E12000007,E09000009
W8 4,51.503355,-0.193826,286,England,E12000007,E09000020
W8 5,51.499299,-0.190999,338,England,E12000007,E09000020
W8 6,51.497745,-0.197309,359,England,E12000007,E09000020
W8 7,51.50297,-0.197845,311,England,E12000007,E09000020
W8 9,51.498799,-0.198072,191,England,E12000007,E09000020
W9 1,51.52692,-0.188368,396,England,E12000007,E09000033
W9 2,51.524432,-0.193752,336,England,E12000007,E09000033
W9 3,51.525682,-0.19918,377,England,E12000007,E09000033
W9 4,64.987128,-0.143198,169,England,E12000007,E09000020
WA1 1,53.387161,-2.599079,336,England,E12000002,E06000007
WA1 2,53.389084,-2.588748,289,England,E12000002,E06000007
WA1 3,53.39775,-2.568997,276,England,E12000002,E06000007
WA1 4,53.399151,-2.542826,276,England,E12000002,E06000007
WA1 9,53.389665,-2.605607,223,England,E12000002,E06000007
WA10 1,53.453669,-2.736076,306,England,E12000002,E08000013
WA10 2,53.456738,-2.744145,268,England,E12000002,E08000013
WA10 3,53.442871,-2.758731,309,England,E12000002,E08000013
WA10 4,53.453469,-2.759571,244,England,E12000002,E08000013
WA10 5,53.455913,-2.778582,215,England,E12000002,E08000013
WA10 6,53.463878,-2.75563,267,England,E12000002,E08000013
WA10 9,53.451143,-2.740938,221,England,E12000002,E08000013
WA11 0,53.466796,-2.674656,372,England,E12000002,E08000013
WA11 7,53.483868,-2.752182,247,England,E12000002,E08000013
WA11 8,53.498096,-2.777278,264,England,E12000002,E08000013
WA11 9,53.468072,-2.701115,344,England,E12000002,E08000013
WA12 0,53.459805,-2.62932,178,England,E12000002,E08000013
WA12 2,62.762178,-2.111751,70,England,E12000002,E08000013
WA12 8,53.447859,-2.626528,251,England,E12000002,E08000013
WA12 9,53.454163,-2.640784,388,England,E12000002,E08000013
WA13 0,53.377506,-2.470346,330,England,E12000002,E06000007
WA13 9,53.387347,-2.461212,340,England,E12000002,E06000007
WA14 1,53.390528,-2.347345,293,England,E12000002,E08000009
WA14 2,53.381969,-2.352613,380,England,E12000002,E08000009
WA14 3,53.373045,-2.362548,298,England,E12000002,E08000009
WA14 4,53.389418,-2.361562,386,England,E12000002,E08000009
WA14 5,53.399734,-2.359038,386,England,E12000002,E08000009
WA15 0,53.367865,-2.322605,275,England,E12000002,E08000009
WA15 5,60.646623,-1.974215,321,England,E12000002,E08000009
WA15 6,53.398999,-2.329723,329,England,E12000002,E08000009
WA15 7,53.391778,-2.320165,373,England,E12000002,E08000009
WA15 8,53.379788,-2.325161,394,England,E12000002,E08000009
WA15 9,53.379528,-2.341291,322,England,E12000002,E08000009
WA16 0,53.307793,-2.412133,358,England,E12000002,E06000049
WA16 1,62.20536,-1.910023,126,England,E12000002,E06000049
WA16 6,53.324585,-2.390531,331,England,E12000002,E06000049
WA16 7,53.313121,-2.316355,258,England,E12000002,E06000049
WA16 8,53.299647,-2.352237,395,England,E12000002,E06000049
WA16 9,53.274071,-2.376441,288,England,E12000002,E06000049
WA2 0,53.412528,-2.566561,381,England,E12000002,E06000007
WA2 7,53.39641,-2.590789,300,England,E12000002,E06000007
WA2 8,53.412851,-2.594116,309,England,E12000002,E06000007
WA2 9,53.412119,-2.588064,252,England,E12000002,E06000007
WA3 1,53.469609,-2.571671,166,England,E12000002,E08000010
WA3 2,53.471692,-2.579238,340,England,E12000002,E08000010
WA3 3,53.477291,-2.598549,356,England,E12000002,E08000010
WA3 4,53.451832,-2.528497,198,England,E12000002,E06000007
WA3 5,53.451592,-2.498835,227,England,E12000002,E06000007
WA3 6,53.423114,-2.512631,389,England,E12000002,E06000007
WA3 7,53.429235,-2.543155,246,England,E12000002,E06000007
WA3 9,62.622486,-2.018134,76,England,E12000002,E06000007
WA4 1,53.38355,-2.567646,317,England,E12000002,E06000007
WA4 2,53.378333,-2.558119,381,England,E12000002,E06000007
WA4 3,53.369649,-2.560757,150,England,E12000002,E06000007
WA4 4,53.333356,-2.589322,300,England,E12000002,E06000007
WA4 5,53.356164,-2.579725,278,England,E12000002,E06000007
WA4 6,53.372106,-2.600066,359,England,E12000002,E06000007
WA4 9,53.389648,-2.606969,364,England,E12000002,E06000007
WA5 0,53.401437,-2.606295,165,England,E12000002,E06000007
WA5 1,53.39,-2.623999,361,England,E12000002,E06000007
WA5 2,53.384607,-2.651383,312,England,E12000002,E06000007
WA5 3,53.397635,-2.650837,384,England,E12000002,E06000007
WA5 4,53.433214,-2.654383,154,England,E12000002,E06000007
WA5 5,53.40594,-2.617325,389,England,E12000002,E06000007
WA5 6,53.413914,-2.650345,1,England,E12000002,E06000007
WA5 7,53.410508,-2.627212,71,England,E12000002,E06000007
WA5 8,53.400343,-2.631309,137,England,E12000002,E06000007
WA5 9,53.404757,-2.616333,125,England,E12000002,E06000007
WA55 1,53.391599,-2.608862,51,England,E12000002,E06000007
WA6 0,53.266352,-2.773655,226,England,E12000002,E06000050
WA6 1,62.337612,-2.196183,62,England,E12000002,E06000050
WA6 6,53.277703,-2.712112,332,England,E12000002,E06000050
WA6 7,53.29611,-2.718183,237,England,E12000002,E06000050
WA6 8,53.263545,-2.668375,187,England,E12000002,E06000050
WA6 9,53.263174,-2.751792,182,England,E12000002,E06000050
WA7 1,53.342652,-2.702122,372,England,E12000002,E06000006
WA7 2,53.329438,-2.69679,389,England,E12000002,E06000006
WA7 3,53.314917,-2.677693,194,England,E12000002,E06000006
WA7 4,53.327708,-2.734626,355,England,E12000002,E06000006
WA7 5,53.333955,-2.719683,352,England,E12000002,E06000006
WA7 6,53.326692,-2.673803,305,England,E12000002,E06000006
WA7 9,59.763613,-2.322817,87,England,E12000002,E06000006
WA8 0,53.369216,-2.719146,394,England,E12000002,E06000006
WA8 2,53.363294,-2.73217,128,England,E12000002,E06000006
WA8 3,53.383058,-2.707088,188,England,E12000002,E06000006
WA8 4,53.378406,-2.768692,135,England,E12000002,E06000006
WA8 5,53.390116,-2.745053,120,England,E12000002,E06000006
WA8 6,53.370016,-2.726523,272,England,E12000002,E06000006
WA8 7,53.367419,-2.74254,312,England,E12000002,E06000006
WA8 8,53.362142,-2.767384,372,England,E12000002,E06000006
WA8 9,53.381864,-2.7444,397,England,E12000002,E06000006
WA88 1,53.367989,-2.768674,36,England,E12000002,E06000006
WA9 1,53.452986,-2.717387,261,England,E12000002,E08000013
WA9 2,53.450965,-2.693987,169,England,E12000002,E08000013
WA9 3,53.438401,-2.711342,391,England,E12000002,E08000013
WA9 4,53.423493,-2.71421,395,England,E12000002,E08000013
WA9 5,53.432845,-2.749104,373,England,E12000002,E08000013
WC1A 1,51.517031,-0.12684,183,England,E12000007,E09000007
WC1A 2,51.51796,-0.123711,195,England,E12000007,E09000007
WC1A 5,51.51738,-0.122014,1,England,E12000007,E09000007
WC1A 9,53.39303,-0.112667,311,England,E12000007,E09000019
WC1B 3,51.518201,-0.128446,248,England,E12000007,E09000007
WC1B 4,51.519505,-0.122965,93,England,E12000007,E09000007
WC1B 5,51.520248,-0.125154,113,England,E12000007,E09000007
WC1E 6,51.521612,-0.13411,123,England,E12000007,E09000007
WC1E 7,51.520007,-0.131135,169,England,E12000007,E09000007
WC1H 0,51.524049,-0.12902,191,England,E12000007,E09000007
WC1H 8,51.525759,-0.12308,152,England,E12000007,E09000007
WC1H 9,51.524882,-0.126198,329,England,E12000007,E09000007
WC1N 1,51.522902,-0.12439,187,England,E12000007,E09000007
WC1N 2,51.521862,-0.117642,177,England,E12000007,E09000007
WC1N 3,51.52118,-0.119704,205,England,E12000007,E09000007
WC1R 4,51.519139,-0.1181,234,England,E12000007,E09000007
WC1R 5,51.519329,-0.114171,96,England,E12000007,E09000007
WC1V 6,51.517946,-0.118098,208,England,E12000007,E09000007
WC1V 7,51.517491,-0.118176,193,England,E12000007,E09000007
WC1X 0,51.524689,-0.114998,161,England,E12000007,E09000007
WC1X 8,51.52258,-0.117678,281,England,E12000007,E09000007
WC1X 9,51.526362,-0.117976,235,England,E12000007,E09000007
WC2A 1,51.516395,-0.114138,181,England,E12000007,E09000001
WC2A 2,51.514672,-0.115772,71,England,E12000007,E09000033
WC2A 3,51.516353,-0.116415,184,England,E12000007,E09000007
WC2B 4,51.513629,-0.119041,158,England,E12000007,E09000033
WC2B 5,51.515311,-0.122263,265,England,E12000007,E09000007
WC2B 6,51.515535,-0.120655,215,England,E12000007,E09000007
WC2B 8,51.511113,-0.123713,1,England,E12000007,E09000033
WC2E 7,51.511827,-0.121873,187,England,E12000007,E09000033
WC2E 8,51.512083,-0.124233,133,England,E12000007,E09000033
WC2E 9,51.513184,-0.125004,247,England,E12000007,E09000033
WC2H 0,51.512552,-0.128607,170,England,E12000007,E09000033
WC2H 7,51.511835,-0.129332,224,England,E12000007,E09000033
WC2H 8,51.51562,-0.127627,197,England,E12000007,E09000007
WC2H 9,51.514506,-0.125998,316,England,E12000007,E09000007
WC2N 4,51.511489,-0.126509,183,England,E12000007,E09000033
WC2N 5,51.508257,-0.125682,154,England,E12000007,E09000033
WC2N 6,51.509437,-0.123554,158,England,E12000007,E09000033
WC2R 0,51.511392,-0.122468,165,England,E12000007,E09000033
WC2R 1,51.513287,-0.116432,116,England,E12000007,E09000033
WC2R 2,51.512271,-0.117095,27,England,E12000007,E09000033
WC2R 3,51.512365,-0.114015,97,England,E12000007,E09000033
WC2R 4,99.999999,0.0,1,England,,
WC99 0,51.516329,-0.123744,1,England,E12000007,E09000007
WC99 9,51.511652,-0.125421,1,England,E12000007,E09000033
WD1 1,51.661372,-0.397478,283,England,E12000006,E07000103
WD1 2,51.655318,-0.3936,238,England,E12000006,E07000103
WD1 3,51.669181,-0.41293,327,England,E12000006,E07000103
WD1 4,51.64087,-0.389078,243,England,E12000006,E07000103
WD1 5,51.62768,-0.380131,122,England,E12000006,E07000102
WD1 6,51.624337,-0.394356,344,England,E12000006,E07000102
WD1 7,51.653802,-0.411056,294,England,E12000006,E07000103
WD1 8,51.647143,-0.413877,392,England,E12000006,E07000103
WD17 1,51.657903,-0.403935,275,England,E12000006,E07000103
WD17 2,51.654301,-0.396149,206,England,E12000006,E07000103
WD17 3,51.661715,-0.41714,147,England,E12000006,E07000103
WD17 4,51.667689,-0.412162,292,England,E12000006,E07000103
WD18 0,51.651393,-0.403389,288,England,E12000006,E07000103
WD18 1,53.128082,-0.412711,391,England,E12000006,E07000103
WD18 6,51.645647,-0.416823,122,England,E12000006,E07000103
WD18 7,51.652296,-0.417008,305,England,E12000006,E07000103
WD18 8,51.646124,-0.427073,216,England,E12000006,E07000103
WD18 9,51.641236,-0.432418,122,England,E12000006,E07000102
WD19 4,51.64294,-0.395405,289,England,E12000006,E07000103
WD19 5,51.631637,-0.385922,118,England,E12000006,E07000102
WD19 6,51.621838,-0.391992,194,England,E12000006,E07000102
WD19 7,51.628566,-0.396956,216,England,E12000006,E07000102
WD2 1,51.635986,-0.347543,229,England,E12000006,E07000098
WD2 2,51.656502,-0.377881,194,England,E12000006,E07000098
WD2 3,51.644859,-0.353483,351,England,E12000006,E07000098
WD2 4,51.674186,-0.38762,390,England,E12000006,E07000103
WD2 5,51.676118,-0.403039,286,England,E12000006,E07000103
WD2 6,51.687988,-0.394519,283,England,E12000006,E07000103
WD2 7,51.696287,-0.398481,221,England,E12000006,E07000103
WD2 8,51.667784,-0.353792,126,England,E12000006,E07000098
WD23 1,51.638055,-0.355375,303,England,E12000006,E07000098
WD23 2,51.654048,-0.380351,288,England,E12000006,E07000098
WD23 3,51.64721,-0.365229,233,England,E12000006,E07000098
WD23 4,51.642575,-0.353696,205,England,E12000006,E07000098
WD23 9,51.951647,-0.377802,157,England,E12000006,E07000098
WD24 4,51.663171,-0.398259,236,England,E12000006,E07000103
WD24 5,51.672384,-0.408585,227,England,E12000006,E07000103
WD24 6,51.673703,-0.4029,133,England,E12000006,E07000103
WD24 7,51.67154,-0.394667,196,England,E12000006,E07000103
WD24 9,51.687819,-0.395115,1,England,E12000006,E07000103
WD25 0,51.685456,-0.400805,208,England,E12000006,E07000103
WD25 7,51.688729,-0.40708,229,England,E12000006,E07000103
WD25 8,51.667404,-0.359346,137,England,E12000006,E07000098
WD25 9,51.681414,-0.388713,281,England,E12000006,E07000103
WD3 0,55.292735,-0.438634,278,England,E12000006,E07000102
WD3 1,51.636455,-0.468639,317,England,E12000006,E07000102
WD3 2,51.760551,-0.494233,383,England,E12000006,E07000102
WD3 3,51.649647,-0.448204,344,England,E12000006,E07000102
WD3 4,51.656045,-0.478745,241,England,E12000006,E07000102
WD3 5,51.649842,-0.509103,342,England,E12000006,E07000102
WD3 6,51.674251,-0.500771,94,England,E12000006,E07000102
WD3 7,51.640166,-0.482318,119,England,E12000006,E07000102
WD3 8,51.637312,-0.493184,158,England,E12000006,E07000102
WD3 9,51.623093,-0.506552,105,England,E12000006,E07000102
WD4 4,51.68339,-0.440997,70,England,E12000006,E07000096
WD4 8,51.709786,-0.443749,324,England,E12000006,E07000096
WD4 9,51.707275,-0.47587,186,England,E12000006,E07000096
WD5 0,51.705908,-0.420298,332,England,E12000006,E07000102
WD5 5,51.683083,-0.4409,43,England,E12000006,E07000096
WD6 1,51.657136,-0.270256,386,England,E12000006,E07000098
WD6 2,51.65029,-0.264247,268,England,E12000006,E07000098
WD6 3,51.648934,-0.292476,315,England,E12000006,E07000098
WD6 4,51.663723,-0.284801,259,England,E12000006,E07000098
WD6 5,51.665411,-0.269827,278,England,E12000006,E07000098
WD6 9,54.351444,-0.262643,269,England,E12000006,E07000098
WD7 0,51.682973,-0.317238,110,England,E12000006,E07000098
WD7 7,51.685667,-0.316042,205,England,E12000006,E07000098
WD7 8,51.682188,-0.322742,248,England,E12000006,E07000098
WD7 9,51.693323,-0.291481,175,England,E12000006,E07000098
WD99 1,53.751043,-0.40373,23,England,E12000006,E07000103
WF1 1,53.680812,-1.498654,316,England,E12000003,E08000036
WF1 2,53.696197,-1.506522,361,England,E12000003,E08000036
WF1 3,53.693731,-1.497752,317,England,E12000003,E08000036
WF1 4,53.68746,-1.483843,322,England,E12000003,E08000036
WF1 5,53.67205,-1.481938,326,England,E12000003,E08000036
WF1 9,53.673673,-1.518158,377,England,E12000003,E08000036
WF10 1,53.725621,-1.360319,223,England,E12000003,E08000036
WF10 2,53.739588,-1.347988,274,England,E12000003,E08000035
WF10 3,53.721359,-1.320081,304,England,E12000003,E08000036
WF10 4,53.719512,-1.345056,282,England,E12000003,E08000036
WF10 5,53.715982,-1.368685,385,England,E12000003,E08000036
WF10 9,60.965683,-1.17257,83,England,E12000003,E08000036
WF11 0,53.700246,-1.253927,205,England,E12000003,E08000036
WF11 8,53.709054,-1.260841,261,England,E12000003,E08000036
WF11 9,53.723298,-1.261941,194,England,E12000003,E06000065
WF12 0,53.668122,-1.630239,282,England,E12000003,E08000034
WF12 7,53.699782,-1.611509,282,England,E12000003,E08000034
WF12 8,53.688051,-1.612117,234,England,E12000003,E08000034
WF12 9,53.681154,-1.634384,246,England,E12000003,E08000034
WF13 1,53.692268,-1.630664,221,England,E12000003,E08000034
WF13 2,53.694244,-1.637401,249,England,E12000003,E08000034
WF13 3,53.683391,-1.658738,266,England,E12000003,E08000034
WF13 4,53.699463,-1.651094,249,England,E12000003,E08000034
WF13 9,54.545378,-1.603915,108,England,E12000003,E08000034
WF14 0,53.687888,-1.691478,222,England,E12000003,E08000034
WF14 8,53.670904,-1.692021,207,England,E12000003,E08000034
WF14 9,53.681669,-1.690246,311,England,E12000003,E08000034
WF15 6,53.71214,-1.69217,212,England,E12000003,E08000034
WF15 7,53.703192,-1.690322,230,England,E12000003,E08000034
WF15 8,53.710721,-1.722117,152,England,E12000003,E08000034
WF16 0,53.705902,-1.668858,197,England,E12000003,E08000034
WF16 6,56.143831,-1.556142,19,England,E12000003,E08000034
WF16 9,53.712871,-1.669962,241,England,E12000003,E08000034
WF17 0,53.726935,-1.640562,241,England,E12000003,E08000034
WF17 1,60.061908,-1.390419,51,England,E12000003,E08000034
WF17 5,53.712577,-1.630544,228,England,E12000003,E08000034
WF17 6,53.70818,-1.619151,247,England,E12000003,E08000034
WF17 7,53.70842,-1.642722,250,England,E12000003,E08000034
WF17 8,53.718821,-1.650149,222,England,E12000003,E08000034
WF17 9,53.732306,-1.661309,243,England,E12000003,E08000034
WF2 0,53.696081,-1.525658,371,England,E12000003,E08000036
WF2 6,53.651952,-1.480606,313,England,E12000003,E08000036
WF2 7,53.656588,-1.501026,279,England,E12000003,E08000036
WF2 8,53.673129,-1.525169,361,England,E12000003,E08000036
WF2 9,53.682517,-1.522375,307,England,E12000003,E08000036
WF3 1,53.722029,-1.567039,359,England,E12000003,E08000035
WF3 2,53.724198,-1.539156,213,England,E12000003,E08000035
WF3 3,53.726705,-1.503717,336,England,E12000003,E08000035
WF3 4,53.709603,-1.47433,270,England,E12000003,E08000036
WF4 1,53.66154,-1.423508,292,England,E12000003,E08000036
WF4 2,53.624437,-1.445085,234,England,E12000003,E08000036
WF4 3,53.644673,-1.524985,266,England,E12000003,E08000036
WF4 4,53.643583,-1.601125,341,England,E12000003,E08000036
WF4 5,53.660086,-1.550857,237,England,E12000003,E08000036
WF4 6,53.663269,-1.556309,171,England,E12000003,E08000036
WF5 0,53.674633,-1.56834,283,England,E12000003,E08000036
WF5 5,55.996317,-1.499991,20,England,E12000003,E08000036
WF5 8,53.679507,-1.584152,239,England,E12000003,E08000036
WF5 9,53.687348,-1.57903,296,England,E12000003,E08000036
WF6 1,53.697305,-1.408905,358,England,E12000003,E08000036
WF6 2,53.706141,-1.419344,326,England,E12000003,E08000036
WF7 5,53.674792,-1.354183,218,England,E12000003,E08000036
WF7 6,53.6857,-1.367184,182,England,E12000003,E08000036
WF7 7,53.647856,-1.337298,258,England,E12000003,E08000036
WF8 1,53.695067,-1.309252,297,England,E12000003,E08000036
WF8 2,53.694418,-1.29605,375,England,E12000003,E08000036
WF8 3,53.667205,-1.278869,274,England,E12000003,E08000036
WF8 4,53.688304,-1.319992,305,England,E12000003,E08000036
WF8 9,55.387326,-1.260177,82,England,E12000003,E08000036
WF9 1,53.618336,-1.281848,218,England,E12000003,E08000036
WF9 2,53.594586,-1.290894,361,England,E12000003,E08000036
WF9 3,53.59265,-1.322321,275,England,E12000003,E08000036
WF9 4,53.611143,-1.354019,312,England,E12000003,E08000036
WF9 5,53.628225,-1.371056,176,England,E12000003,E08000036
WF90 8,53.672588,-1.502879,6,England,E12000003,E08000036
WN1 1,53.547469,-2.632097,301,England,E12000002,E08000010
WN1 2,53.562533,-2.633693,310,England,E12000002,E08000010
WN1 3,53.547937,-2.619362,309,England,E12000002,E08000010
WN1 9,53.670368,-2.627644,376,England,E12000002,E08000010
WN2 1,53.564273,-2.594966,289,England,E12000002,E08000010
WN2 2,53.54343,-2.595874,244,England,E12000002,E08000010
WN2 3,53.531755,-2.581825,306,England,E12000002,E08000010
WN2 4,53.52961,-2.561324,348,England,E12000002,E08000010
WN2 5,53.51547,-2.596823,292,England,E12000002,E08000010
WN3 4,53.536951,-2.623328,273,England,E12000002,E08000010
WN3 5,53.531379,-2.643569,312,England,E12000002,E08000010
WN3 6,53.524996,-2.664064,334,England,E12000002,E08000010
WN4 0,53.501925,-2.660031,234,England,E12000002,E08000010
WN4 8,53.497417,-2.629009,226,England,E12000002,E08000010
WN4 9,53.493694,-2.641405,293,England,E12000002,E08000010
WN5 0,53.546579,-2.671814,231,England,E12000002,E08000010
WN5 7,53.509986,-2.705395,276,England,E12000002,E08000010
WN5 8,53.536699,-2.694229,286,England,E12000002,E08000010
WN5 9,53.539101,-2.666111,284,England,E12000002,E08000010
WN6 0,53.585206,-2.662697,394,England,E12000002,E08000010
WN6 7,53.553398,-2.647435,265,England,E12000002,E08000010
WN6 8,53.565596,-2.673633,254,England,E12000002,E08000010
WN6 9,53.588081,-2.708708,185,England,E12000002,E07000127
WN7 1,53.500596,-2.515793,299,England,E12000002,E08000010
WN7 2,53.497591,-2.496446,287,England,E12000002,E08000010
WN7 3,53.485769,-2.516176,284,England,E12000002,E08000010
WN7 4,53.495079,-2.531612,316,England,E12000002,E08000010
WN7 5,53.508078,-2.53045,292,England,E12000002,E08000010
WN7 9,63.457185,-1.971876,56,England,E12000002,E08000010
WN8 0,53.543818,-2.734926,164,England,E12000002,E07000127
WN8 1,62.061258,-2.270543,60,England,E12000002,E07000127
WN8 6,53.553977,-2.771506,356,England,E12000002,E07000127
WN8 7,53.584493,-2.771989,165,England,E12000002,E07000127
WN8 8,53.55043,-2.799435,260,England,E12000002,E07000127
WN8 9,53.538609,-2.767477,264,England,E12000002,E07000127
WR1 1,52.201269,-2.214838,276,England,E12000005,E07000237
WR1 2,52.191466,-2.217725,258,England,E12000005,E07000237
WR1 3,52.19902,-2.220391,249,England,E12000005,E07000237
WR1 9,63.17853,-1.707643,74,England,E12000005,E07000237
WR10 1,52.114573,-2.078109,263,England,E12000005,E07000238
WR10 2,52.133603,-2.062661,328,England,E12000005,E07000238
WR10 3,52.090297,-2.062303,200,England,E12000005,E07000238
WR10 9,52.124255,-2.069462,116,England,E12000005,E07000238
WR11 1,52.084523,-1.939909,201,England,E12000005,E07000238
WR11 2,52.083583,-1.958397,220,England,E12000005,E07000238
WR11 3,52.092749,-1.933662,165,England,E12000005,E07000238
WR11 4,52.102479,-1.949348,348,England,E12000005,E07000238
WR11 5,52.109842,-1.898081,387,England,E12000005,E07000238
WR11 6,52.076611,-1.949852,395,England,E12000005,E07000238
WR11 7,52.07934,-1.907953,299,England,E12000005,E07000238
WR11 8,52.126302,-1.908153,267,England,E12000005,E07000238
WR11 9,57.606329,-1.723141,113,England,E12000005,E07000238
WR12 7,52.046821,-1.879658,261,England,E12000005,E07000238
WR13 5,52.130628,-2.357262,195,England,E12000005,E06000019
WR13 6,52.068124,-2.329187,253,England,E12000005,E07000235
WR14 1,52.128137,-2.323603,395,England,E12000005,E07000235
WR14 2,52.115434,-2.31402,364,England,E12000005,E07000235
WR14 3,52.105348,-2.315847,288,England,E12000005,E07000235
WR14 4,52.099309,-2.333975,270,England,E12000005,E07000235
WR14 9,52.111258,-2.32878,209,England,E12000005,E07000235
WR15 8,52.306404,-2.573619,330,England,E12000005,E07000235
WR2 4,52.177123,-2.235931,354,England,E12000005,E07000237
WR2 5,52.191276,-2.243498,373,England,E12000005,E07000237
WR2 6,52.211256,-2.246099,268,England,E12000005,E07000237
WR3 7,52.220333,-2.21689,359,England,E12000005,E07000237
WR3 8,52.211778,-2.203249,332,England,E12000005,E07000237
WR4 0,52.205096,-2.177813,318,England,E12000005,E07000237
WR4 4,52.198458,-2.212864,218,England,E12000005,E07000237
WR4 9,52.205946,-2.193471,394,England,E12000005,E07000237
WR5 1,52.19205,-2.196279,307,England,E12000005,E07000237
WR5 2,52.181625,-2.19384,342,England,E12000005,E07000237
WR5 3,52.167271,-2.208794,387,England,E12000005,E07000237
WR6 5,52.181318,-2.375008,279,England,E12000005,E07000235
WR6 6,52.267319,-2.350499,362,England,E12000005,E07000235
WR7 4,52.197529,-2.06344,274,England,E12000005,E07000238
WR78 1,52.201763,-2.211453,15,England,E12000005,E07000237
WR8 0,52.082408,-2.224103,295,England,E12000005,E07000235
WR8 9,52.10507,-2.158165,147,England,E12000005,E07000238
WR9 0,52.282867,-2.185922,259,England,E12000005,E07000238
WR9 1,60.547647,-1.781144,75,England,E12000005,E07000238
WR9 7,52.257646,-2.140618,380,England,E12000005,E07000238
WR9 8,52.264984,-2.153605,352,England,E12000005,E07000238
WR9 9,52.274541,-2.161795,138,England,E12000005,E07000238
WR99 1,52.197359,-2.219492,25,England,E12000005,E07000237
WR99 2,52.197971,-2.223693,3,England,E12000005,E07000237
WS1 1,52.585215,-1.98061,281,England,E12000005,E08000030
WS1 2,52.582741,-1.971949,242,England,E12000005,E08000030
WS1 3,52.577388,-1.979344,260,England,E12000005,E08000030
WS1 4,52.573724,-1.986257,183,England,E12000005,E08000030
WS1 9,52.586093,-1.981315,346,England,E12000005,E08000030
WS10 0,52.553347,-2.001723,277,England,E12000005,E08000028
WS10 1,53.168387,-2.001294,78,England,E12000005,E08000028
WS10 7,52.555573,-2.03036,282,England,E12000005,E08000028
WS10 8,52.569328,-2.03842,329,England,E12000005,E08000030
WS10 9,52.56131,-2.019025,295,England,E12000005,E08000028
WS11 0,52.680801,-2.029211,171,England,E12000005,E07000192
WS11 1,52.687947,-2.039656,312,England,E12000005,E07000192
WS11 2,52.69972,-2.018292,396,England,E12000005,E07000192
WS11 3,52.6784,-2.005725,368,England,E12000005,E07000192
WS11 4,52.703533,-2.030931,84,England,E12000005,E07000192
WS11 5,52.702426,-2.021181,144,England,E12000005,E07000192
WS11 6,52.697735,-2.015963,90,England,E12000005,E07000192
WS11 7,52.693774,-2.005029,121,England,E12000005,E07000192
WS11 8,52.679033,-2.018724,62,England,E12000005,E07000192
WS11 9,52.673102,-1.978686,197,England,E12000005,E07000192
WS12 0,52.708331,-1.972361,83,England,E12000005,E07000192
WS12 1,52.705593,-1.997114,136,England,E12000005,E07000192
WS12 2,52.69694,-1.989104,132,England,E12000005,E07000192
WS12 3,52.689852,-1.994443,87,England,E12000005,E07000192
WS12 4,52.714289,-2.019409,382,England,E12000005,E07000192
WS12 5,52.700063,-1.990581,394,England,E12000005,E07000192
WS12 9,52.692016,-2.028392,174,England,E12000005,E07000192
WS13 2,52.705831,-1.815496,11,England,E12000005,E07000194
WS13 6,52.684206,-1.821473,360,England,E12000005,E07000194
WS13 7,52.691761,-1.829702,275,England,E12000005,E07000194
WS13 8,52.70078,-1.803404,395,England,E12000005,E07000194
WS14 0,52.648843,-1.839133,249,England,E12000005,E07000194
WS14 4,52.684441,-1.805766,254,England,E12000005,E07000194
WS14 9,52.67488,-1.802284,394,England,E12000005,E07000194
WS15 1,52.748662,-1.927216,313,England,E12000005,E07000192
WS15 2,52.762296,-1.945681,396,England,E12000005,E07000192
WS15 3,52.791481,-1.892653,257,England,E12000005,E07000194
WS15 4,52.732872,-1.892203,267,England,E12000005,E07000194
WS15 9,53.145702,-1.919913,123,England,E12000005,E07000192
WS2 0,52.588606,-2.022621,170,England,E12000005,E08000030
WS2 7,52.600166,-2.00246,214,England,E12000005,E08000030
WS2 8,52.590572,-1.993526,295,England,E12000005,E08000030
WS2 9,52.579078,-1.998388,305,England,E12000005,E08000030
WS3 1,52.608147,-1.981791,293,England,E12000005,E08000030
WS3 2,52.614588,-2.008879,324,England,E12000005,E08000030
WS3 3,52.620044,-1.998676,315,England,E12000005,E08000030
WS3 4,52.623618,-1.970568,205,England,E12000005,E08000030
WS3 5,52.632597,-1.974955,66,England,E12000005,E08000030
WS4 1,52.611527,-1.956262,269,England,E12000005,E08000030
WS4 2,52.591288,-1.969981,149,England,E12000005,E08000030
WS5 3,52.574648,-1.951946,232,England,E12000005,E08000030
WS5 4,52.56276,-1.969727,267,England,E12000005,E08000028
WS6 6,52.657504,-2.015607,203,England,E12000005,E07000196
WS6 7,52.658249,-2.030509,191,England,E12000005,E07000196
WS6 9,52.651007,-2.020867,37,England,E12000005,E07000196
WS7 0,52.674324,-1.902209,145,England,E12000005,E07000194
WS7 1,52.686428,-1.92739,121,England,E12000005,E07000194
WS7 2,52.68629,-1.920611,117,England,E12000005,E07000194
WS7 3,52.675808,-1.936413,86,England,E12000005,E07000194
WS7 4,52.67369,-1.915575,130,England,E12000005,E07000194
WS7 8,52.681333,-1.92232,396,England,E12000005,E07000194
WS7 9,52.682777,-1.89006,168,England,E12000005,E07000194
WS8 6,52.644658,-1.929027,170,England,E12000005,E08000030
WS8 7,52.641699,-1.942187,238,England,E12000005,E08000030
WS9 0,52.596043,-1.915981,274,England,E12000005,E08000030
WS9 1,52.606473,-1.917982,84,England,E12000005,E08000030
WS9 8,52.609761,-1.921602,347,England,E12000005,E08000030
WS9 9,52.625731,-1.920067,219,England,E12000005,E08000030
WV1 1,52.588425,-2.125366,249,England,E12000005,E08000031
WV1 2,52.584138,-2.099073,310,England,E12000005,E08000031
WV1 3,52.584543,-2.122147,246,England,E12000005,E08000031
WV1 4,52.587947,-2.132283,300,England,E12000005,E08000031
WV1 9,52.58837,-2.115795,398,England,E12000005,E08000031
WV10 0,52.59471,-2.109524,283,England,E12000005,E08000031
WV10 6,52.616639,-2.129466,336,England,E12000005,E08000031
WV10 7,52.64634,-2.10178,253,England,E12000005,E07000196
WV10 8,52.61979,-2.10828,271,England,E12000005,E08000031
WV10 9,52.607004,-2.116035,325,England,E12000005,E08000031
WV11 1,52.606032,-2.087442,284,England,E12000005,E08000031
WV11 2,52.621218,-2.057752,257,England,E12000005,E08000031
WV11 3,52.603776,-2.06906,293,England,E12000005,E08000031
WV11 9,60.732751,-1.708982,35,England,E12000005,E08000031
WV12 4,52.599019,-2.042968,246,England,E12000005,E08000030
WV12 5,52.610787,-2.041083,340,England,E12000005,E08000030
WV12 9,64.456395,-1.546923,20,England,E12000005,E08000031
WV13 1,52.588327,-2.055091,260,England,E12000005,E08000030
WV13 2,52.583241,-2.054615,224,England,E12000005,E08000030
WV13 3,52.585097,-2.077044,260,England,E12000005,E08000031
WV14 0,52.562433,-2.079022,265,England,E12000005,E08000031
WV14 4,60.847506,-1.711536,63,England,E12000005,E08000031
WV14 6,52.571911,-2.07792,220,England,E12000005,E08000031
WV14 7,52.566953,-2.065448,183,England,E12000005,E08000031
WV14 8,52.551712,-2.069425,351,England,E12000005,E08000031
WV14 9,52.546525,-2.094867,305,England,E12000005,E08000027
WV15 5,52.542686,-2.38849,178,England,E12000005,E06000051
WV15 6,52.492941,-2.371754,191,England,E12000005,E06000051
WV16 4,52.540708,-2.430632,268,England,E12000005,E06000051
WV16 5,52.529801,-2.429747,133,England,E12000005,E06000051
WV16 6,52.477767,-2.453259,277,England,E12000005,E06000051
WV16 8,52.592283,-2.175616,1,England,E12000005,E08000031
WV16 9,52.534625,-2.421894,112,England,E12000005,E06000051
WV2 1,52.579317,-2.120545,114,England,E12000005,E08000031
WV2 2,52.573072,-2.1068,225,England,E12000005,E08000031
WV2 3,52.573853,-2.124597,165,England,E12000005,E08000031
WV2 4,52.578199,-2.12902,237,England,E12000005,E08000031
WV3 0,52.580976,-2.136314,323,England,E12000005,E08000031
WV3 7,52.575225,-2.149674,171,England,E12000005,E08000031
WV3 8,52.579426,-2.167984,154,England,E12000005,E08000031
WV3 9,52.584841,-2.150489,273,England,E12000005,E08000031
WV4 4,52.566209,-2.165875,330,England,E12000005,E08000031
WV4 5,52.563368,-2.141613,315,England,E12000005,E08000031
WV4 6,52.563318,-2.11063,286,England,E12000005,E08000031
WV5 0,52.528784,-2.195399,185,England,E12000005,E07000196
WV5 5,57.048973,-2.001795,21,England,E12000005,E07000196
WV5 7,52.538319,-2.26819,114,England,E12000005,E06000051
WV5 8,52.532089,-2.204902,153,England,E12000005,E07000196
WV5 9,52.537501,-2.189339,126,England,E12000005,E07000196
WV6 0,52.596703,-2.14657,339,England,E12000005,E08000031
WV6 6,52.604293,-2.142068,189,England,E12000005,E08000031
WV6 7,52.591809,-2.22085,392,England,E12000005,E07000196
WV6 8,52.594481,-2.175986,355,England,E12000005,E08000031
WV6 9,52.605931,-2.159558,218,England,E12000005,E08000031
WV7 3,52.634269,-2.276548,261,England,E12000005,E06000051
WV8 1,52.62447,-2.18021,380,England,E12000005,E07000196
WV8 2,52.617505,-2.188292,145,England,E12000005,E07000196
WV9 5,52.63202,-2.140851,236,England,E12000005,E08000031
WV98 1,52.406252,-2.219602,400,England,E12000005,E07000239
WV98 2,99.999999,0.0,163,England,,
WV99 1,53.028106,-2.402051,398,England,E12000005,E06000020
WV99 2,52.67137,-2.420271,126,England,E12000005,E06000020
YO1 0,54.650104,-1.07533,267,England,E12000003,E06000014
YO1 1,54.101114,-1.084927,351,England,E12000003,E06000014
YO1 2,53.959928,-1.080299,333,England,E12000003,E06000014
YO1 3,53.956651,-1.047417,274,England,E12000003,E06000014
YO1 4,53.938411,-1.072266,240,England,E12000003,E06000014
YO1 5,53.956414,-1.014495,243,England,E12000003,E06000014
YO1 6,53.957318,-1.087908,167,England,E12000003,E06000014
YO1 7,53.960883,-1.082262,158,England,E12000003,E06000014
YO1 8,53.959688,-1.083433,103,England,E12000003,E06000014
YO1 9,53.95729,-1.079614,194,England,E12000003,E06000014
YO10 3,53.956036,-1.053636,326,England,E12000003,E06000014
YO10 4,53.946561,-1.075494,259,England,E12000003,E06000014
YO10 5,53.949827,-1.052222,201,England,E12000003,E06000014
YO11 1,54.283469,-0.400914,318,England,E12000003,E06000065
YO11 2,54.274752,-0.402193,331,England,E12000003,E06000065
YO11 3,54.244417,-0.39175,387,England,E12000003,E06000065
YO11 9,54.282294,-0.401528,184,England,E12000003,E06000065
YO12 4,54.243568,-0.430504,305,England,E12000003,E06000065
YO12 5,54.280298,-0.42614,265,England,E12000003,E06000065
YO12 6,54.291909,-0.423369,276,England,E12000003,E06000065
YO12 7,54.284577,-0.408388,274,England,E12000003,E06000065
YO13 0,54.321991,-0.460704,270,England,E12000003,E06000065
YO13 9,54.241377,-0.532446,208,England,E12000003,E06000065
YO14 0,54.194501,-0.30977,207,England,E12000003,E06000065
YO14 4,59.048725,-0.287454,19,England,E12000003,E06000065
YO14 9,54.201964,-0.289643,289,England,E12000003,E06000065
YO15 1,54.11719,-0.145045,196,England,E12000003,E06000011
YO15 2,54.085504,-0.190064,263,England,E12000003,E06000011
YO15 3,54.076854,-0.205547,229,England,E12000003,E06000011
YO15 9,54.08441,-0.194586,36,England,E12000003,E06000011
YO16 4,54.088726,-0.213171,329,England,E12000003,E06000011
YO16 5,54.099225,-0.193456,366,England,E12000003,E06000011
YO16 6,54.103317,-0.188175,223,England,E12000003,E06000011
YO16 7,54.095328,-0.19999,236,England,E12000003,E06000011
YO17 0,54.148875,-0.808913,318,England,E12000003,E06000065
YO17 1,54.137251,-0.79419,79,England,E12000003,E06000065
YO17 6,54.1625,-0.82238,171,England,E12000003,E06000065
YO17 7,54.137588,-0.798258,228,England,E12000003,E06000065
YO17 8,54.148615,-0.649684,240,England,E12000003,E06000065
YO17 9,54.108173,-0.778619,274,England,E12000003,E06000065
YO18 7,54.24394,-0.740921,287,England,E12000003,E06000065
YO18 8,54.2709,-0.799372,235,England,E12000003,E06000065
YO18 9,58.596557,-0.687313,21,England,E12000003,E06000065
YO19 4,53.922279,-1.068713,73,England,E12000003,E06000014
YO19 5,53.96537,-0.998518,203,England,E12000003,E06000014
YO19 6,53.872682,-1.033766,305,England,E12000003,E06000065
YO19 9,53.959745,-1.08858,1,England,E12000003,E06000014
YO2 1,53.938204,-1.09243,289,England,E12000003,E06000014
YO2 2,53.9408,-1.114639,318,England,E12000003,E06000014
YO2 3,53.933819,-1.142893,355,England,E12000003,E06000014
YO2 4,53.956134,-1.110673,323,England,E12000003,E06000014
YO2 5,53.959814,-1.131329,227,England,E12000003,E06000014
YO2 6,53.977949,-1.145607,187,England,E12000003,E06000014
YO21 1,54.477085,-0.641276,305,England,E12000003,E06000065
YO21 2,54.46074,-0.893847,196,England,E12000003,E06000065
YO21 3,54.48992,-0.637409,283,England,E12000003,E06000065
YO21 9,54.487235,-0.62174,25,England,E12000003,E06000065
YO22 4,54.461589,-0.58516,320,England,E12000003,E06000065
YO22 5,54.436698,-0.686978,173,England,E12000003,E06000065
YO23 1,53.949902,-1.088072,250,England,E12000003,E06000014
YO23 2,53.917587,-1.102354,136,England,E12000003,E06000014
YO23 3,53.927468,-1.147171,236,England,E12000003,E06000014
YO23 7,53.876273,-1.16648,80,England,E12000003,E06000065
YO24 1,53.944572,-1.102802,210,England,E12000003,E06000014
YO24 2,53.940593,-1.120967,178,England,E12000003,E06000014
YO24 3,53.94843,-1.127186,209,England,E12000003,E06000014
YO24 4,53.953891,-1.108487,240,England,E12000003,E06000014
YO25 0,54.073127,-0.404664,316,England,E12000003,E06000011
YO25 1,61.666181,-0.382633,60,England,E12000003,E06000011
YO25 3,54.097785,-0.451294,172,England,E12000003,E06000011
YO25 4,54.047778,-0.369305,207,England,E12000003,E06000011
YO25 5,54.009498,-0.435748,263,England,E12000003,E06000011
YO25 6,54.003443,-0.440538,242,England,E12000003,E06000011
YO25 7,54.006205,-0.439176,342,England,E12000003,E06000011
YO25 8,53.967464,-0.300046,329,England,E12000003,E06000011
YO25 9,53.966994,-0.505875,369,England,E12000003,E06000011
YO26 0,62.500042,-0.889733,124,England,E12000003,E06000014
YO26 4,53.960579,-1.108143,166,England,E12000003,E06000014
YO26 5,53.960218,-1.128073,283,England,E12000003,E06000014
YO26 6,53.975999,-1.138254,242,England,E12000003,E06000014
YO26 7,53.959477,-1.236189,134,England,E12000003,E06000065
YO26 8,53.999396,-1.273782,165,England,E12000003,E06000065
YO26 9,54.047111,-1.313926,81,England,E12000003,E06000065
YO3 0,53.966459,-1.053484,298,England,E12000003,E06000014
YO3 3,54.015755,-1.078127,318,England,E12000003,E06000014
YO3 4,53.988748,-1.090141,133,England,E12000003,E06000014
YO3 5,54.036841,-1.036406,163,England,E12000003,E06000014
YO3 6,53.979455,-1.104687,378,England,E12000003,E06000014
YO3 7,53.966769,-1.077781,358,England,E12000003,E06000014
YO3 8,54.010995,-1.079258,395,England,E12000003,E06000014
YO3 9,53.988716,-1.052526,357,England,E12000003,E06000014
YO30 1,54.007446,-1.141925,101,England,E12000003,E06000014
YO30 2,54.029836,-1.210196,67,England,E12000003,E06000065
YO30 4,53.982492,-1.098421,147,England,E12000003,E06000014
YO30 5,53.980933,-1.105318,225,England,E12000003,E06000014
YO30 6,53.972442,-1.093038,232,England,E12000003,E06000014
YO30 7,53.966763,-1.086911,105,England,E12000003,E06000014
YO31 0,53.963848,-1.055379,208,England,E12000003,E06000014
YO31 1,53.970391,-1.054503,135,England,E12000003,E06000014
YO31 6,58.681224,-0.95649,137,England,E12000003,E06000014
YO31 7,53.965755,-1.07378,255,England,E12000003,E06000014
YO31 8,53.971034,-1.076101,180,England,E12000003,E06000014
YO31 9,53.980296,-1.065647,172,England,E12000003,E06000014
YO32 2,54.012679,-1.083863,178,England,E12000003,E06000014
YO32 3,54.010439,-1.072646,189,England,E12000003,E06000014
YO32 4,53.991034,-1.073228,80,England,E12000003,E06000014
YO32 5,54.03409,-1.037852,194,England,E12000003,E06000014
YO32 9,53.992795,-1.048927,274,England,E12000003,E06000014
YO4 1,53.993392,-0.882655,243,England,E12000003,E06000011
YO4 2,53.935318,-0.764747,346,England,E12000003,E06000011
YO4 3,53.853713,-0.657578,287,England,E12000003,E06000011
YO4 4,53.857759,-0.826638,232,England,E12000003,E06000011
YO4 5,53.939595,-0.879214,226,England,E12000003,E06000011
YO4 6,53.866965,-1.033257,237,England,E12000003,E06000065
YO41 1,53.993234,-0.90661,274,England,E12000003,E06000011
YO41 4,53.928178,-0.956457,112,England,E12000003,E06000014
YO41 5,53.954504,-0.877675,129,England,E12000003,E06000011
YO42 1,53.945827,-0.752691,203,England,E12000003,E06000011
YO42 2,53.930795,-0.778574,391,England,E12000003,E06000011
YO42 4,53.895993,-0.836258,239,England,E12000003,E06000011
YO42 9,55.177091,-0.756222,37,England,E12000003,E06000011
YO43 3,53.867167,-0.670765,310,England,E12000003,E06000011
YO43 4,53.831152,-0.701438,252,England,E12000003,E06000011
YO5 7,53.869781,-1.174307,67,England,E12000003,E06000065
YO5 8,53.983922,-1.276757,198,England,E12000003,E06000065
YO5 9,54.080606,-1.380334,266,England,E12000003,E06000065
YO51 9,54.087805,-1.388745,339,England,E12000003,E06000065
YO6 1,54.075685,-1.097637,224,England,E12000003,E06000065
YO6 2,54.081939,-1.268659,225,England,E12000003,E06000065
YO6 3,54.128802,-1.199464,259,England,E12000003,E06000065
YO6 4,54.166291,-1.077856,214,England,E12000003,E06000065
YO6 5,54.249089,-1.048021,228,England,E12000003,E06000065
YO6 6,54.278286,-0.92763,233,England,E12000003,E06000065
YO6 7,54.091534,-0.909847,197,England,E12000003,E06000065
YO60 6,54.098943,-1.000312,106,England,E12000003,E06000065
YO60 7,54.077314,-0.921278,207,England,E12000003,E06000065
YO61 1,54.087159,-1.170865,252,England,E12000003,E06000065
YO61 2,54.125606,-1.331627,81,England,E12000003,E06000065
YO61 3,54.124883,-1.200877,305,England,E12000003,E06000065
YO61 4,54.168084,-1.169758,125,England,E12000003,E06000065
YO62 4,54.179409,-1.029657,150,England,E12000003,E06000065
YO62 5,54.245292,-1.064655,202,England,E12000003,E06000065
YO62 6,54.266955,-0.919555,233,England,E12000003,E06000065
YO62 7,54.28086,-0.979235,119,England,E12000003,E06000065
YO7 1,54.230628,-1.34241,349,England,E12000003,E06000065
YO7 2,54.245899,-1.280978,201,England,E12000003,E06000065
YO7 3,54.185126,-1.369546,331,England,E12000003,E06000065
YO7 4,54.245018,-1.400203,257,England,E12000003,E06000065
YO7 9,57.388974,-1.237109,58,England,E12000003,E06000065
YO8 0,53.793578,-1.087117,352,England,E12000003,E06000065
YO8 1,53.783743,-1.068295,122,England,E12000003,E06000065
YO8 3,53.80621,-1.098763,194,England,E12000003,E06000065
YO8 4,53.784248,-1.0749,251,England,E12000003,E06000065
YO8 5,53.805867,-1.022488,223,England,E12000003,E06000065
YO8 6,53.7883,-0.963995,167,England,E12000003,E06000065
YO8 7,53.797301,-0.995134,298,England,E12000003,E06000065
YO8 8,53.753343,-1.046458,311,England,E12000003,E06000065
YO8 9,53.770958,-1.112002,365,England,E12000003,E06000065
YO90 1,53.959961,-1.090956,18,England,E12000003,E06000014
YO91 1,53.977905,-1.066364,10,England,E12000003,E06000014
YO95 1,53.926683,-0.815113,1,England,E12000003,E06000011
ZE1 0,60.151446,-1.170504,368,Scotland,S99999999,S12000027
ZE1 9,60.154222,-1.145385,27,Scotland,S99999999,S12000027
ZE2 9,60.306885,-1.228079,353,Scotland,S99999999,S12000027
ZE3 9,59.883246,-1.304524,13,Scotland,S99999999,S12000027
